employee_key,employee_id,full_name,country,org_key,business_unit,department,sub_department,segment,job_family,job_level,job_level_group,job_title,location,cost_center,manager_id,employment_type,employment_status,fte,gender,race_ethnicity,race_declared,race_declared_at,disability_flag,disability_declared,disability_declared_at,birth_year,hire_job_level,hire_job_level_group,origin,hire_date,termination_date,effective_from,effective_to,is_current,change_reason
1,1,Thiago Ferreira Melo,BR,54,Retail,Regional Operations,Region South,retail_ops,Store Operations,IC1,Entry,Assistant Store Operations,STORE-BR-036,CC-BR-RET-03,5,Permanent,Active,1.0,Female,Parda,true,2019-06-01,false,true,2019-06-01,1990,IC1,Entry,initial,2009-05-01,2021-10-21,2009-05-01,2017-01-16,false,Hire
2,1,Thiago Ferreira Melo,BR,54,Retail,Regional Operations,Region South,retail_ops,Store Operations,IC1,Entry,Assistant Store Operations,STORE-BR-036,CC-BR-RET-03,540,Permanent,Active,1.0,Female,Parda,true,2019-06-01,false,true,2019-06-01,1990,IC1,Entry,initial,2009-05-01,2021-10-21,2017-01-17,2017-03-24,false,Manager Change
3,1,Thiago Ferreira Melo,BR,54,Retail,Regional Operations,Region South,retail_ops,Store Operations,IC1,Entry,Assistant Store Operations,STORE-BR-036,CC-BR-RET-03,12,Permanent,Active,1.0,Female,Parda,true,2019-06-01,false,true,2019-06-01,1990,IC1,Entry,initial,2009-05-01,2021-10-21,2017-03-25,2021-10-20,false,Manager Change
4,1,Thiago Ferreira Melo,BR,54,Retail,Regional Operations,Region South,retail_ops,Store Operations,IC1,Entry,Assistant Store Operations,STORE-BR-036,CC-BR-RET-03,12,Permanent,Terminated,1.0,Female,Parda,true,2019-06-01,false,true,2019-06-01,1990,IC1,Entry,initial,2009-05-01,2021-10-21,2021-10-21,,true,Termination
5,2,Fernanda Rodrigues Costa,BR,62,Supply Chain,Distribution Centers,Inventory,supply,Warehouse,IC3,Professional,Senior Analyst Warehouse,DC-BR-005,CC-BR-SUP-02,267,Permanent,Active,1.0,Non-binary,,false,,,false,,1988,IC3,Professional,initial,2014-02-01,2016-08-19,2014-02-01,2016-02-14,false,Hire
6,2,Fernanda Rodrigues Costa,BR,68,Customer,Customer Experience,Voice of Customer,customer,Customer Support,IC3,Professional,Senior Analyst Customer Support,SITE-BR-002,CC-BR-CUS-01,194,Permanent,Active,1.0,Non-binary,,false,,,false,,1988,IC3,Professional,initial,2014-02-01,2016-08-19,2016-02-15,2016-08-18,false,Transfer
7,2,Fernanda Rodrigues Costa,BR,68,Customer,Customer Experience,Voice of Customer,customer,Customer Support,IC3,Professional,Senior Analyst Customer Support,SITE-BR-002,CC-BR-CUS-01,194,Permanent,Terminated,1.0,Non-binary,,false,,,false,,1988,IC3,Professional,initial,2014-02-01,2016-08-19,2016-08-19,,true,Termination
8,3,Carla Lima Martínez,BR,62,Supply Chain,Distribution Centers,Inventory,supply,Warehouse,IC1,Entry,Assistant Warehouse,DC-BR-005,CC-BR-SUP-02,48,Temporary,Active,1.0,Female,Preta,true,2019-06-01,false,true,2019-06-01,1986,IC1,Entry,initial,2012-09-01,2019-12-26,2012-09-01,2019-12-25,false,Hire
9,3,Carla Lima Martínez,BR,62,Supply Chain,Distribution Centers,Inventory,supply,Warehouse,IC1,Entry,Assistant Warehouse,DC-BR-005,CC-BR-SUP-02,48,Temporary,Terminated,1.0,Female,Preta,true,2019-06-01,false,true,2019-06-01,1986,IC1,Entry,initial,2012-09-01,2019-12-26,2019-12-26,,true,Termination
10,4,Juliana Araújo Barbosa,BR,69,Customer,Customer Service,Contact Center,customer,Customer Support,IC2,Professional,Analyst Customer Support,SITE-BR-003,CC-BR-CUS-02,171,Permanent,Active,1.0,Male,,false,,,false,,1985,IC2,Professional,initial,2013-11-01,2017-04-28,2013-11-01,2017-04-27,false,Hire
11,4,Juliana Araújo Barbosa,BR,69,Customer,Customer Service,Contact Center,customer,Customer Support,IC2,Professional,Analyst Customer Support,SITE-BR-003,CC-BR-CUS-02,171,Permanent,Terminated,1.0,Male,,false,,,false,,1985,IC2,Professional,initial,2013-11-01,2017-04-28,2017-04-28,,true,Termination
12,5,Vanessa Pérez,BR,52,Retail,Regional Operations,Region North,retail_ops,Store Operations,IC2,Professional,Analyst Store Operations,STORE-BR-029,CC-BR-RET-03,34,Permanent,Active,1.0,Male,,false,,,false,,1979,IC2,Professional,initial,2015-05-01,2017-01-17,2015-05-01,2017-01-16,false,Hire
13,5,Vanessa Pérez,BR,52,Retail,Regional Operations,Region North,retail_ops,Store Operations,IC2,Professional,Analyst Store Operations,STORE-BR-029,CC-BR-RET-03,34,Permanent,Terminated,1.0,Male,,false,,,false,,1979,IC2,Professional,initial,2015-05-01,2017-01-17,2017-01-17,,true,Termination
14,6,Letícia Pérez Alves,BR,33,Digital,Product,Product Ops,digital,Product Management,IC3,Professional,Senior Analyst Product Management,HQ-BR-001,CC-BR-DIG-02,192,Temporary,Active,1.0,Female,,false,,,false,,1985,IC3,Professional,initial,2014-06-01,2017-10-25,2014-06-01,2017-10-24,false,Hire
15,6,Letícia Pérez Alves,BR,33,Digital,Product,Product Ops,digital,Product Management,IC3,Professional,Senior Analyst Product Management,HQ-BR-001,CC-BR-DIG-02,192,Temporary,Terminated,1.0,Female,,false,,,false,,1985,IC3,Professional,initial,2014-06-01,2017-10-25,2017-10-25,,true,Termination
16,7,Isabella Carvalho Martínez,BR,51,Retail,Sales,Key Accounts,retail_ops,Sales,IC2,Professional,Analyst Sales,STORE-BR-002,CC-BR-RET-02,144,Permanent,Active,1.0,Female,,false,,,false,,1993,IC2,Professional,initial,2015-08-01,2017-02-25,2015-08-01,2017-02-24,false,Hire
17,7,Isabella Carvalho Martínez,BR,51,Retail,Sales,Key Accounts,retail_ops,Sales,IC2,Professional,Analyst Sales,STORE-BR-002,CC-BR-RET-02,144,Permanent,Terminated,1.0,Female,,false,,,false,,1993,IC2,Professional,initial,2015-08-01,2017-02-25,2017-02-25,,true,Termination
18,8,Letícia Rodríguez Nunes,BR,43,Digital,Digital Marketing,SEO,digital,Marketing,M2,Manager,Manager Marketing,HQ-BR-001,CC-BR-DIG-06,121,Temporary,Active,1.0,Male,Branca,true,2019-06-01,false,true,2019-06-01,1982,M2,Manager,initial,2015-11-01,,2015-11-01,2018-09-14,false,Hire
19,8,Letícia Rodríguez Nunes,BR,43,Digital,Digital Marketing,SEO,digital,Marketing,M3,Senior Manager,Senior Manager Marketing,HQ-BR-001,CC-BR-DIG-06,833,Temporary,Active,1.0,Male,Branca,true,2019-06-01,false,true,2019-06-01,1982,M2,Manager,initial,2015-11-01,,2018-09-15,2018-11-14,false,Promotion
20,8,Letícia Rodríguez Nunes,BR,21,Corporate,Procurement,Contracts,corporate,Procurement,M3,Senior Manager,Senior Manager Procurement,HQ-BR-001,CC-BR-COR-06,692,Temporary,Active,1.0,Male,Branca,true,2019-06-01,false,true,2019-06-01,1982,M2,Manager,initial,2015-11-01,,2018-11-15,2020-09-14,false,Transfer
21,8,Letícia Rodríguez Nunes,BR,49,Retail,Store Operations,Security,retail_ops,Store Operations,M3,Senior Manager,Senior Manager Store Operations,STORE-BR-040,CC-BR-RET-01,700,Temporary,Active,1.0,Male,Branca,true,2019-06-01,false,true,2019-06-01,1982,M2,Manager,initial,2015-11-01,,2020-09-15,2025-01-14,false,Transfer
22,8,Letícia Rodríguez Nunes,BR,51,Retail,Sales,Key Accounts,retail_ops,Sales,M3,Senior Manager,Senior Manager Sales,STORE-BR-029,CC-BR-RET-02,2369,Temporary,Active,1.0,Male,Branca,true,2019-06-01,false,true,2019-06-01,1982,M2,Manager,initial,2015-11-01,,2025-01-15,,true,Lateral Move
23,9,João González Rodrigues,BR,65,Supply Chain,Planning,Demand Planning,supply,Logistics,IC3,Professional,Senior Analyst Logistics,DC-BR-003,CC-BR-SUP-04,257,Permanent,Active,1.0,Male,Nao informado,false,2019-06-01,false,true,2019-06-01,1980,IC3,Professional,initial,2009-07-01,,2009-07-01,2016-10-15,false,Hire
24,9,João González Rodrigues,BR,65,Supply Chain,Planning,Demand Planning,supply,Logistics,IC3,Professional,Senior Analyst Logistics,DC-BR-003,CC-BR-SUP-04,335,Permanent,Active,1.0,Male,Nao informado,false,2019-06-01,false,true,2019-06-01,1980,IC3,Professional,initial,2009-07-01,,2016-10-16,2020-03-14,false,Manager Change
25,9,João González Rodrigues,BR,65,Supply Chain,Planning,Demand Planning,supply,Logistics,M1,Manager,Coordinator Logistics,DC-BR-003,CC-BR-SUP-04,246,Permanent,Active,1.0,Male,Nao informado,false,2019-06-01,false,true,2019-06-01,1980,IC3,Professional,initial,2009-07-01,,2020-03-15,2022-06-14,false,Promotion
26,9,João González Rodrigues,BR,52,Retail,Regional Operations,Region North,retail_ops,Store Operations,M1,Manager,Coordinator Store Operations,STORE-BR-010,CC-BR-RET-03,1620,Permanent,Active,1.0,Male,Nao informado,false,2019-06-01,false,true,2019-06-01,1980,IC3,Professional,initial,2009-07-01,,2022-06-15,2025-01-14,false,Lateral Move
27,9,João González Rodrigues,BR,44,Digital,Digital Marketing,Paid Media,digital,Marketing,M1,Manager,Coordinator Marketing,STORE-BR-010,CC-BR-DIG-06,744,Permanent,Active,1.0,Male,Nao informado,false,2019-06-01,false,true,2019-06-01,1980,IC3,Professional,initial,2009-07-01,,2025-01-15,,true,Reorganization
28,10,Ana Rodrigues Ramírez,BR,63,Supply Chain,Procurement,Sourcing,supply,Procurement,M3,Senior Manager,Senior Manager Procurement,DC-BR-003,CC-BR-SUP-03,212,Permanent,Active,1.0,Male,Amarela,true,2019-06-01,,false,,1971,M3,Senior Manager,initial,2015-04-01,,2015-04-01,2017-09-14,false,Hire
29,10,Ana Rodrigues Ramírez,BR,63,Supply Chain,Procurement,Sourcing,supply,Procurement,M4,Senior Manager,Head of Procurement,DC-BR-003,CC-BR-SUP-03,309,Permanent,Active,1.0,Male,Amarela,true,2019-06-01,,false,,1971,M3,Senior Manager,initial,2015-04-01,,2017-09-15,2023-02-14,false,Promotion
30,10,Ana Rodrigues Ramírez,BR,64,Supply Chain,Procurement,Supplier Management,supply,Procurement,M4,Senior Manager,Head of Procurement,DC-BR-002,CC-BR-SUP-03,2175,Permanent,Active,1.0,Male,Amarela,true,2019-06-01,,false,,1971,M3,Senior Manager,initial,2015-04-01,,2023-02-15,2025-01-14,false,Lateral Move
31,10,Ana Rodrigues Ramírez,BR,8,Corporate,Finance,Accounting,corporate,Finance,M4,Senior Manager,Head of Finance,DC-BR-002,CC-BR-COR-02,1563,Permanent,Active,1.0,Male,Amarela,true,2019-06-01,,false,,1971,M3,Senior Manager,initial,2015-04-01,,2025-01-15,,true,Reorganization
32,11,Fernanda Flores Oliveira,BR,55,Retail,Visual Merchandising,Store Design,retail_ops,Design,IC2,Professional,Analyst Design,STORE-BR-029,CC-BR-RET-04,273,Permanent,Active,1.0,Male,Branca,true,2019-06-01,,false,,1984,IC2,Professional,initial,2014-02-01,,2014-02-01,2019-04-14,false,Hire
33,11,Fernanda Flores Oliveira,BR,73,Customer,Customer Operations,Returns,customer,Logistics,IC2,Professional,Analyst Logistics,SITE-BR-001,CC-BR-CUS-03,842,Permanent,Active,1.0,Male,Branca,true,2019-06-01,,false,,1984,IC2,Professional,initial,2014-02-01,,2019-04-15,2021-05-26,false,Transfer
34,11,Fernanda Flores Oliveira,BR,73,Customer,Customer Operations,Returns,customer,Logistics,IC2,Professional,Analyst Logistics,SITE-BR-001,CC-BR-CUS-03,946,Permanent,Active,1.0,Male,Branca,true,2019-06-01,,false,,1984,IC2,Professional,initial,2014-02-01,,2021-05-27,2025-01-14,false,Manager Change
35,11,Fernanda Flores Oliveira,BR,55,Retail,Visual Merchandising,Store Design,retail_ops,Store Operations,IC2,Professional,Analyst Store Operations,SITE-BR-001,CC-BR-RET-04,2450,Permanent,Active,1.0,Male,Branca,true,2019-06-01,,false,,1984,IC2,Professional,initial,2014-02-01,,2025-01-15,,true,Reorganization
36,12,Marcelo Oliveira Silva,BR,54,Retail,Regional Operations,Region South,retail_ops,General Management,IC2,Professional,Analyst General Management,STORE-BR-034,CC-BR-RET-03,34,Permanent,Active,1.0,Female,Parda,true,2019-06-01,false,true,2019-06-01,1976,IC2,Professional,initial,2010-01-01,,2010-01-01,2017-09-14,false,Hire
37,12,Marcelo Oliveira Silva,BR,54,Retail,Regional Operations,Region South,retail_ops,General Management,IC3,Professional,Senior Analyst General Management,STORE-BR-034,CC-BR-RET-03,98,Permanent,Active,1.0,Female,Parda,true,2019-06-01,false,true,2019-06-01,1976,IC2,Professional,initial,2010-01-01,,2017-09-15,2018-09-17,false,Promotion
38,12,Marcelo Oliveira Silva,BR,54,Retail,Regional Operations,Region South,retail_ops,General Management,IC3,Professional,Senior Analyst General Management,STORE-BR-034,CC-BR-RET-03,406,Permanent,Active,1.0,Female,Parda,true,2019-06-01,false,true,2019-06-01,1976,IC2,Professional,initial,2010-01-01,,2018-09-18,2022-03-14,false,Manager Change
39,12,Marcelo Oliveira Silva,BR,54,Retail,Regional Operations,Region South,retail_ops,General Management,M1,Manager,Coordinator General Management,STORE-BR-034,CC-BR-RET-03,264,Permanent,Active,1.0,Female,Parda,true,2019-06-01,false,true,2019-06-01,1976,IC2,Professional,initial,2010-01-01,,2022-03-15,2025-01-14,false,Promotion
40,12,Marcelo Oliveira Silva,BR,67,Customer,Customer Experience,CX Design,customer,Design,M1,Manager,Coordinator Design,STORE-BR-034,CC-BR-CUS-01,1731,Permanent,Active,1.0,Female,Parda,true,2019-06-01,false,true,2019-06-01,1976,IC2,Professional,initial,2010-01-01,,2025-01-15,,true,Reorganization
41,13,Thiago Alves Rodríguez,BR,50,Retail,Sales,Floor Sales,retail_ops,Sales,IC1,Entry,Assistant Sales,STORE-BR-005,CC-BR-RET-02,7,Permanent,Active,1.0,Female,Parda,true,2019-06-01,,false,,1988,IC1,Entry,initial,2013-01-01,2021-12-28,2013-01-01,2016-05-14,false,Hire
42,13,Thiago Alves Rodríguez,BR,54,Retail,Regional Operations,Region South,retail_ops,Store Operations,IC1,Entry,Assistant Store Operations,STORE-BR-010,CC-BR-RET-03,174,Permanent,Active,1.0,Female,Parda,true,2019-06-01,,false,,1988,IC1,Entry,initial,2013-01-01,2021-12-28,2016-05-15,2021-09-14,false,Transfer
43,13,Thiago Alves Rodríguez,BR,54,Retail,Regional Operations,Region South,retail_ops,Store Operations,IC2,Professional,Analyst Store Operations,STORE-BR-010,CC-BR-RET-03,518,Permanent,Active,1.0,Female,Parda,true,2019-06-01,,false,,1988,IC1,Entry,initial,2013-01-01,2021-12-28,2021-09-15,2021-12-27,false,Promotion
44,13,Thiago Alves Rodríguez,BR,54,Retail,Regional Operations,Region South,retail_ops,Store Operations,IC2,Professional,Analyst Store Operations,STORE-BR-010,CC-BR-RET-03,518,Permanent,Terminated,1.0,Female,Parda,true,2019-06-01,,false,,1988,IC1,Entry,initial,2013-01-01,2021-12-28,2021-12-28,,true,Termination
45,14,Marcelo Sánchez,BR,55,Retail,Visual Merchandising,Store Design,retail_ops,Store Operations,M3,Senior Manager,Senior Manager Store Operations,STORE-BR-039,CC-BR-RET-04,212,Permanent,Active,1.0,Male,Nao informado,false,2019-06-01,false,true,2019-06-01,1980,M3,Senior Manager,initial,2015-06-01,,2015-06-01,2016-05-14,false,Hire
46,14,Marcelo Sánchez,BR,14,Corporate,Marketing,Performance,corporate,Marketing,M3,Senior Manager,Senior Manager Marketing,HQ-BR-001,CC-BR-COR-04,309,Permanent,Active,1.0,Male,Nao informado,false,2019-06-01,false,true,2019-06-01,1980,M3,Senior Manager,initial,2015-06-01,,2016-05-15,2025-01-14,false,Transfer
47,14,Marcelo Sánchez,BR,23,Corporate,Risk,Risk Management,corporate,Risk & Compliance,M3,Senior Manager,Senior Manager Risk & Compliance,HQ-BR-001,CC-BR-COR-07,1563,Permanent,Active,1.0,Male,Nao informado,false,2019-06-01,false,true,2019-06-01,1980,M3,Senior Manager,initial,2015-06-01,,2025-01-15,,true,Reorganization
48,15,Thiago Santos Ramírez,BR,50,Retail,Sales,Floor Sales,retail_ops,Sales,IC1,Entry,Assistant Sales,STORE-BR-036,CC-BR-RET-02,24,Permanent,Active,1.0,Female,,false,,,false,,1988,IC1,Entry,initial,2016-01-01,2017-09-28,2016-01-01,2017-09-27,false,Hire
49,15,Thiago Santos Ramírez,BR,50,Retail,Sales,Floor Sales,retail_ops,Sales,IC1,Entry,Assistant Sales,STORE-BR-036,CC-BR-RET-02,24,Permanent,Terminated,1.0,Female,,false,,,false,,1988,IC1,Entry,initial,2016-01-01,2017-09-28,2017-09-28,,true,Termination
50,16,Sebastián Martins Torres,BR,68,Customer,Customer Experience,Voice of Customer,customer,Customer Support,IC1,Entry,Assistant Customer Support,SITE-BR-002,CC-BR-CUS-01,90,Permanent,Active,1.0,Female,Preta,true,2019-06-01,,false,,1988,IC1,Entry,initial,2014-10-01,2021-10-16,2014-10-01,2020-12-15,false,Hire
51,16,Sebastián Martins Torres,BR,68,Customer,Customer Experience,Voice of Customer,customer,Customer Support,IC1,Entry,Assistant Customer Support,SITE-BR-002,CC-BR-CUS-01,659,Permanent,Active,1.0,Female,Preta,true,2019-06-01,,false,,1988,IC1,Entry,initial,2014-10-01,2021-10-16,2020-12-16,2021-10-15,false,Manager Change
52,16,Sebastián Martins Torres,BR,68,Customer,Customer Experience,Voice of Customer,customer,Customer Support,IC1,Entry,Assistant Customer Support,SITE-BR-002,CC-BR-CUS-01,659,Permanent,Terminated,1.0,Female,Preta,true,2019-06-01,,false,,1988,IC1,Entry,initial,2014-10-01,2021-10-16,2021-10-16,,true,Termination
53,17,Beatriz Martins Pereira,BR,50,Retail,Sales,Floor Sales,retail_ops,Sales,IC1,Entry,Assistant Sales,STORE-BR-015,CC-BR-RET-02,26,Permanent,Active,1.0,Male,Branca,true,2019-06-01,false,true,2019-06-01,1995,IC1,Entry,initial,2015-04-01,,2015-04-01,2025-01-14,false,Hire
54,17,Beatriz Martins Pereira,BR,72,Customer,Customer Operations,Order Support,customer,Logistics,IC1,Entry,Assistant Logistics,STORE-BR-015,CC-BR-CUS-03,207,Permanent,Active,1.0,Male,Branca,true,2019-06-01,false,true,2019-06-01,1995,IC1,Entry,initial,2015-04-01,,2025-01-15,,true,Reorganization
55,18,Maria González Melo,BR,53,Retail,Regional Operations,Region Southeast,retail_ops,General Management,IC2,Professional,Analyst General Management,STORE-BR-016,CC-BR-RET-03,34,Permanent,Active,1.0,Male,Parda,true,2019-06-01,false,true,2019-06-01,1979,IC2,Professional,initial,2014-05-01,2021-04-21,2014-05-01,2016-09-14,false,Hire
56,18,Maria González Melo,BR,53,Retail,Regional Operations,Region Southeast,retail_ops,General Management,IC3,Professional,Senior Analyst General Management,STORE-BR-016,CC-BR-RET-03,98,Permanent,Active,1.0,Male,Parda,true,2019-06-01,false,true,2019-06-01,1979,IC2,Professional,initial,2014-05-01,2021-04-21,2016-09-15,2017-01-14,false,Promotion
57,18,Maria González Melo,BR,54,Retail,Regional Operations,Region South,retail_ops,General Management,IC3,Professional,Senior Analyst General Management,STORE-BR-029,CC-BR-RET-03,98,Permanent,Active,1.0,Male,Parda,true,2019-06-01,false,true,2019-06-01,1979,IC2,Professional,initial,2014-05-01,2021-04-21,2017-01-15,2018-09-17,false,Transfer
58,18,Maria González Melo,BR,54,Retail,Regional Operations,Region South,retail_ops,General Management,IC3,Professional,Senior Analyst General Management,STORE-BR-029,CC-BR-RET-03,406,Permanent,Active,1.0,Male,Parda,true,2019-06-01,false,true,2019-06-01,1979,IC2,Professional,initial,2014-05-01,2021-04-21,2018-09-18,2020-11-14,false,Manager Change
59,18,Maria González Melo,BR,47,Retail,Store Operations,Cashier,retail_ops,Store Operations,IC3,Professional,Senior Analyst Store Operations,STORE-BR-038,CC-BR-RET-01,1152,Permanent,Active,1.0,Male,Parda,true,2019-06-01,false,true,2019-06-01,1979,IC2,Professional,initial,2014-05-01,2021-04-21,2020-11-15,2021-04-20,false,Transfer
60,18,Maria González Melo,BR,47,Retail,Store Operations,Cashier,retail_ops,Store Operations,IC3,Professional,Senior Analyst Store Operations,STORE-BR-038,CC-BR-RET-01,1152,Permanent,Terminated,1.0,Male,Parda,true,2019-06-01,false,true,2019-06-01,1979,IC2,Professional,initial,2014-05-01,2021-04-21,2021-04-21,,true,Termination
61,19,Diego Ferreira Flores,BR,59,Supply Chain,Logistics,Reverse Logistics,supply,Logistics,IC2,Professional,Analyst Logistics,DC-BR-001,CC-BR-SUP-01,260,Permanent,Active,1.0,Male,,false,,,false,,1987,IC2,Professional,initial,2015-01-01,2017-01-20,2015-01-01,2017-01-19,false,Hire
62,19,Diego Ferreira Flores,BR,59,Supply Chain,Logistics,Reverse Logistics,supply,Logistics,IC2,Professional,Analyst Logistics,DC-BR-001,CC-BR-SUP-01,260,Permanent,Terminated,1.0,Male,,false,,,false,,1987,IC2,Professional,initial,2015-01-01,2017-01-20,2017-01-20,,true,Termination
63,20,Ana Santos Pereira,BR,61,Supply Chain,Distribution Centers,Outbound,supply,Warehouse,IC1,Entry,Assistant Warehouse,DC-BR-001,CC-BR-SUP-02,48,Permanent,Active,1.0,Female,Parda,true,2019-06-01,false,true,2019-06-01,1983,IC1,Entry,initial,2011-11-01,,2011-11-01,2019-11-14,false,Hire
64,20,Ana Santos Pereira,BR,68,Customer,Customer Experience,Voice of Customer,customer,Design,IC1,Entry,Assistant Design,SITE-BR-003,CC-BR-CUS-01,652,Permanent,Active,1.0,Female,Parda,true,2019-06-01,false,true,2019-06-01,1983,IC1,Entry,initial,2011-11-01,,2019-11-15,2021-02-14,false,Transfer
65,20,Ana Santos Pereira,BR,14,Corporate,Marketing,Performance,corporate,Marketing,IC1,Entry,Assistant Marketing,HQ-BR-001,CC-BR-COR-04,128,Permanent,Active,1.0,Female,Parda,true,2019-06-01,false,true,2019-06-01,1983,IC1,Entry,initial,2011-11-01,,2021-02-15,2024-09-14,false,Transfer
66,20,Ana Santos Pereira,BR,14,Corporate,Marketing,Performance,corporate,Marketing,IC2,Professional,Analyst Marketing,HQ-BR-001,CC-BR-COR-04,2533,Permanent,Active,1.0,Female,Parda,true,2019-06-01,false,true,2019-06-01,1983,IC1,Entry,initial,2011-11-01,,2024-09-15,2025-01-14,false,Promotion
67,20,Ana Santos Pereira,BR,78,Marketplace,Marketplace Technology,Integrations,digital,Software Engineering,IC2,Professional,Analyst Software Engineering,HQ-BR-001,CC-BR-MKT-03,2354,Permanent,Active,1.0,Female,Parda,true,2019-06-01,false,true,2019-06-01,1983,IC1,Entry,initial,2011-11-01,,2025-01-15,2026-01-14,false,Reorganization
68,20,Ana Santos Pereira,BR,47,Retail,Store Operations,Cashier,retail_ops,Store Operations,IC2,Professional,Analyst Store Operations,STORE-BR-026,CC-BR-RET-01,1049,Permanent,Active,1.0,Female,Parda,true,2019-06-01,false,true,2019-06-01,1983,IC1,Entry,initial,2011-11-01,,2026-01-15,,true,Lateral Move
69,21,Isabella Araújo Ramírez,BR,48,Retail,Store Operations,Stockroom,retail_ops,Store Operations,IC2,Professional,Analyst Store Operations,STORE-BR-006,CC-BR-RET-01,136,Permanent,Active,1.0,Female,Branca,true,2019-06-01,false,true,2019-06-01,1978,IC2,Professional,initial,2011-06-01,,2011-06-01,2016-08-20,false,Hire
70,21,Isabella Araújo Ramírez,BR,48,Retail,Store Operations,Stockroom,retail_ops,Store Operations,IC2,Professional,Analyst Store Operations,STORE-BR-006,CC-BR-RET-01,129,Permanent,Active,1.0,Female,Branca,true,2019-06-01,false,true,2019-06-01,1978,IC2,Professional,initial,2011-06-01,,2016-08-21,2017-03-16,false,Manager Change
71,21,Isabella Araújo Ramírez,BR,48,Retail,Store Operations,Stockroom,retail_ops,Store Operations,IC2,Professional,Analyst Store Operations,STORE-BR-006,CC-BR-RET-01,519,Permanent,Active,1.0,Female,Branca,true,2019-06-01,false,true,2019-06-01,1978,IC2,Professional,initial,2011-06-01,,2017-03-17,2017-03-21,false,Manager Change
72,21,Isabella Araújo Ramírez,BR,48,Retail,Store Operations,Stockroom,retail_ops,Store Operations,IC2,Professional,Analyst Store Operations,STORE-BR-006,CC-BR-RET-01,467,Permanent,Active,1.0,Female,Branca,true,2019-06-01,false,true,2019-06-01,1978,IC2,Professional,initial,2011-06-01,,2017-03-22,2017-05-14,false,Manager Change
73,21,Isabella Araújo Ramírez,BR,50,Retail,Sales,Floor Sales,retail_ops,Sales,IC2,Professional,Analyst Sales,STORE-BR-008,CC-BR-RET-02,585,Permanent,Active,1.0,Female,Branca,true,2019-06-01,false,true,2019-06-01,1978,IC2,Professional,initial,2011-06-01,,2017-05-15,2018-03-26,false,Transfer
74,21,Isabella Araújo Ramírez,BR,50,Retail,Sales,Floor Sales,retail_ops,Sales,IC2,Professional,Analyst Sales,STORE-BR-008,CC-BR-RET-02,162,Permanent,Active,1.0,Female,Branca,true,2019-06-01,false,true,2019-06-01,1978,IC2,Professional,initial,2011-06-01,,2018-03-27,2022-05-15,false,Manager Change
75,21,Isabella Araújo Ramírez,BR,50,Retail,Sales,Floor Sales,retail_ops,Sales,IC2,Professional,Analyst Sales,STORE-BR-008,CC-BR-RET-02,1268,Permanent,Active,1.0,Female,Branca,true,2019-06-01,false,true,2019-06-01,1978,IC2,Professional,initial,2011-06-01,,2022-05-16,2023-03-14,false,Manager Change
76,21,Isabella Araújo Ramírez,BR,50,Retail,Sales,Floor Sales,retail_ops,Sales,IC3,Professional,Senior Analyst Sales,STORE-BR-008,CC-BR-RET-02,1268,Permanent,Active,1.0,Female,Branca,true,2019-06-01,false,true,2019-06-01,1978,IC2,Professional,initial,2011-06-01,,2023-03-15,2024-02-14,false,Promotion
77,21,Isabella Araújo Ramírez,BR,56,Retail,Visual Merchandising,Merchandising,retail_ops,Store Operations,IC3,Professional,Senior Analyst Store Operations,STORE-BR-006,CC-BR-RET-04,1180,Permanent,Active,1.0,Female,Branca,true,2019-06-01,false,true,2019-06-01,1978,IC2,Professional,initial,2011-06-01,,2024-02-15,2025-01-14,false,Lateral Move
78,21,Isabella Araújo Ramírez,BR,78,Marketplace,Marketplace Technology,Integrations,digital,Software Engineering,IC3,Professional,Senior Analyst Software Engineering,STORE-BR-006,CC-BR-MKT-03,1065,Permanent,Active,1.0,Female,Branca,true,2019-06-01,false,true,2019-06-01,1978,IC2,Professional,initial,2011-06-01,,2025-01-15,,true,Reorganization
79,22,Eduardo Santos Gomes,BR,10,Corporate,Legal,Corporate Legal,corporate,Legal,IC1,Entry,Assistant Legal,HQ-BR-001,CC-BR-COR-03,55,Temporary,Active,1.0,Male,,false,,,false,,1988,IC1,Entry,initial,2013-06-01,2017-08-17,2013-06-01,2017-08-16,false,Hire
80,22,Eduardo Santos Gomes,BR,10,Corporate,Legal,Corporate Legal,corporate,Legal,IC1,Entry,Assistant Legal,HQ-BR-001,CC-BR-COR-03,55,Temporary,Terminated,1.0,Male,,false,,,false,,1988,IC1,Entry,initial,2013-06-01,2017-08-17,2017-08-17,,true,Termination
81,23,Maria Santos Martínez,BR,50,Retail,Sales,Floor Sales,retail_ops,Sales,IC1,Entry,Assistant Sales,STORE-BR-020,CC-BR-RET-02,42,Temporary,Active,1.0,Male,,false,,,false,,1984,IC1,Entry,initial,2006-02-01,2016-12-28,2006-02-01,2016-12-27,false,Hire
82,23,Maria Santos Martínez,BR,50,Retail,Sales,Floor Sales,retail_ops,Sales,IC1,Entry,Assistant Sales,STORE-BR-020,CC-BR-RET-02,42,Temporary,Terminated,1.0,Male,,false,,,false,,1984,IC1,Entry,initial,2006-02-01,2016-12-28,2016-12-28,,true,Termination
83,24,Juliana Silva Melo,BR,50,Retail,Sales,Floor Sales,retail_ops,Sales,IC2,Professional,Analyst Sales,STORE-BR-012,CC-BR-RET-02,144,Temporary,Active,1.0,Male,,false,,,false,,1979,IC2,Professional,initial,2010-12-01,2019-01-16,2010-12-01,2017-06-16,false,Hire
84,24,Juliana Silva Melo,BR,50,Retail,Sales,Floor Sales,retail_ops,Sales,IC2,Professional,Analyst Sales,STORE-BR-012,CC-BR-RET-02,585,Temporary,Active,1.0,Male,,false,,,false,,1979,IC2,Professional,initial,2010-12-01,2019-01-16,2017-06-17,2018-03-26,false,Manager Change
85,24,Juliana Silva Melo,BR,50,Retail,Sales,Floor Sales,retail_ops,Sales,IC2,Professional,Analyst Sales,STORE-BR-012,CC-BR-RET-02,162,Temporary,Active,1.0,Male,,false,,,false,,1979,IC2,Professional,initial,2010-12-01,2019-01-16,2018-03-27,2019-01-15,false,Manager Change
86,24,Juliana Silva Melo,BR,50,Retail,Sales,Floor Sales,retail_ops,Sales,IC2,Professional,Analyst Sales,STORE-BR-012,CC-BR-RET-02,162,Temporary,Terminated,1.0,Male,,false,,,false,,1979,IC2,Professional,initial,2010-12-01,2019-01-16,2019-01-16,,true,Termination
87,25,Gabriel Rodríguez Lima,BR,56,Retail,Visual Merchandising,Merchandising,retail_ops,Store Operations,IC1,Entry,Assistant Store Operations,STORE-BR-012,CC-BR-RET-04,11,Permanent,Active,1.0,Female,,false,,,false,,1994,IC1,Entry,initial,2015-02-01,2016-10-21,2015-02-01,2016-10-20,false,Hire
88,25,Gabriel Rodríguez Lima,BR,56,Retail,Visual Merchandising,Merchandising,retail_ops,Store Operations,IC1,Entry,Assistant Store Operations,STORE-BR-012,CC-BR-RET-04,11,Permanent,Terminated,1.0,Female,,false,,,false,,1994,IC1,Entry,initial,2015-02-01,2016-10-21,2016-10-21,,true,Termination
89,26,Juliana Ferreira Melo,BR,50,Retail,Sales,Floor Sales,retail_ops,Sales,IC2,Professional,Analyst Sales,STORE-BR-013,CC-BR-RET-02,144,Permanent,Active,1.0,Female,Parda,true,2019-06-01,false,true,2019-06-01,1975,IC2,Professional,initial,2006-04-01,,2006-04-01,2017-06-16,false,Hire
90,26,Juliana Ferreira Melo,BR,50,Retail,Sales,Floor Sales,retail_ops,Sales,IC2,Professional,Analyst Sales,STORE-BR-013,CC-BR-RET-02,585,Permanent,Active,1.0,Female,Parda,true,2019-06-01,false,true,2019-06-01,1975,IC2,Professional,initial,2006-04-01,,2017-06-17,2018-03-26,false,Manager Change
91,26,Juliana Ferreira Melo,BR,50,Retail,Sales,Floor Sales,retail_ops,Sales,IC2,Professional,Analyst Sales,STORE-BR-013,CC-BR-RET-02,162,Permanent,Active,1.0,Female,Parda,true,2019-06-01,false,true,2019-06-01,1975,IC2,Professional,initial,2006-04-01,,2018-03-27,2022-05-15,false,Manager Change
92,26,Juliana Ferreira Melo,BR,50,Retail,Sales,Floor Sales,retail_ops,Sales,IC2,Professional,Analyst Sales,STORE-BR-013,CC-BR-RET-02,1866,Permanent,Active,1.0,Female,Parda,true,2019-06-01,false,true,2019-06-01,1975,IC2,Professional,initial,2006-04-01,,2022-05-16,2022-09-14,false,Manager Change
93,26,Juliana Ferreira Melo,BR,50,Retail,Sales,Floor Sales,retail_ops,Sales,IC3,Professional,Senior Analyst Sales,STORE-BR-013,CC-BR-RET-02,1379,Permanent,Active,1.0,Female,Parda,true,2019-06-01,false,true,2019-06-01,1975,IC2,Professional,initial,2006-04-01,,2022-09-15,2025-01-14,false,Promotion
94,26,Juliana Ferreira Melo,BR,64,Supply Chain,Procurement,Supplier Management,supply,Procurement,IC3,Professional,Senior Analyst Procurement,STORE-BR-013,CC-BR-SUP-03,1215,Permanent,Active,1.0,Female,Parda,true,2019-06-01,false,true,2019-06-01,1975,IC2,Professional,initial,2006-04-01,,2025-01-15,,true,Reorganization
95,27,Marcelo Torres Pereira,BR,9,Corporate,Finance,FP&A,corporate,Finance,IC3,Professional,Senior Analyst Finance,HQ-BR-001,CC-BR-COR-02,29,Permanent,Active,1.0,Male,Nao informado,false,2019-06-01,false,true,2019-06-01,1984,IC3,Professional,initial,2014-11-01,,2014-11-01,2017-10-14,false,Hire
96,27,Marcelo Torres Pereira,BR,54,Retail,Regional Operations,Region South,retail_ops,General Management,IC3,Professional,Senior Analyst General Management,STORE-BR-027,CC-BR-RET-03,98,Permanent,Active,1.0,Male,Nao informado,false,2019-06-01,false,true,2019-06-01,1984,IC3,Professional,initial,2014-11-01,,2017-10-15,2018-09-17,false,Transfer
97,27,Marcelo Torres Pereira,BR,54,Retail,Regional Operations,Region South,retail_ops,General Management,IC3,Professional,Senior Analyst General Management,STORE-BR-027,CC-BR-RET-03,406,Permanent,Active,1.0,Male,Nao informado,false,2019-06-01,false,true,2019-06-01,1984,IC3,Professional,initial,2014-11-01,,2018-09-18,2019-09-14,false,Manager Change
98,27,Marcelo Torres Pereira,BR,54,Retail,Regional Operations,Region South,retail_ops,General Management,IC4,Senior Professional,Specialist General Management,STORE-BR-027,CC-BR-RET-03,406,Permanent,Active,1.0,Male,Nao informado,false,2019-06-01,false,true,2019-06-01,1984,IC3,Professional,initial,2014-11-01,,2019-09-15,2025-01-14,false,Promotion
99,27,Marcelo Torres Pereira,BR,66,Supply Chain,Planning,Supply Planning,supply,Logistics,IC4,Senior Professional,Specialist Logistics,STORE-BR-027,CC-BR-SUP-04,403,Permanent,Active,1.0,Male,Nao informado,false,2019-06-01,false,true,2019-06-01,1984,IC3,Professional,initial,2014-11-01,,2025-01-15,,true,Reorganization
100,28,Marcelo Alves Santos,BR,9,Corporate,Finance,FP&A,corporate,Finance,IC1,Entry,Assistant Finance,HQ-BR-001,CC-BR-COR-02,89,Permanent,Active,1.0,Female,Nao informado,false,2019-06-01,false,true,2019-06-01,1990,IC1,Entry,initial,2008-03-01,,2008-03-01,2017-09-14,false,Hire
101,28,Marcelo Alves Santos,BR,9,Corporate,Finance,FP&A,corporate,Finance,IC2,Professional,Analyst Finance,HQ-BR-001,CC-BR-COR-02,630,Permanent,Active,1.0,Female,Nao informado,false,2019-06-01,false,true,2019-06-01,1990,IC1,Entry,initial,2008-03-01,,2017-09-15,2019-06-25,false,Promotion
102,28,Marcelo Alves Santos,BR,9,Corporate,Finance,FP&A,corporate,Finance,IC2,Professional,Analyst Finance,HQ-BR-001,CC-BR-COR-02,906,Permanent,Active,1.0,Female,Nao informado,false,2019-06-01,false,true,2019-06-01,1990,IC1,Entry,initial,2008-03-01,,2019-06-26,2023-09-14,false,Manager Change
103,28,Marcelo Alves Santos,BR,9,Corporate,Finance,FP&A,corporate,Finance,IC3,Professional,Senior Analyst Finance,HQ-BR-001,CC-BR-COR-02,566,Permanent,Active,1.0,Female,Nao informado,false,2019-06-01,false,true,2019-06-01,1990,IC1,Entry,initial,2008-03-01,,2023-09-15,2024-08-15,false,Promotion
104,28,Marcelo Alves Santos,BR,9,Corporate,Finance,FP&A,corporate,Finance,IC3,Professional,Senior Analyst Finance,HQ-BR-001,CC-BR-COR-02,254,Permanent,Active,1.0,Female,Nao informado,false,2019-06-01,false,true,2019-06-01,1990,IC1,Entry,initial,2008-03-01,,2024-08-16,2025-01-14,false,Manager Change
105,28,Marcelo Alves Santos,BR,25,Corporate,Data & Analytics,Business Intelligence,corporate,Data,IC3,Professional,Senior Analyst Data,HQ-BR-001,CC-BR-COR-08,2655,Permanent,Active,1.0,Female,Nao informado,false,2019-06-01,false,true,2019-06-01,1990,IC1,Entry,initial,2008-03-01,,2025-01-15,2026-04-14,false,Reorganization
106,28,Marcelo Alves Santos,BR,59,Supply Chain,Logistics,Reverse Logistics,supply,Logistics,IC3,Professional,Senior Analyst Logistics,DC-BR-004,CC-BR-SUP-01,2582,Permanent,Active,1.0,Female,Nao informado,false,2019-06-01,false,true,2019-06-01,1990,IC1,Entry,initial,2008-03-01,,2026-04-15,,true,Transfer
107,29,Sebastián Silva Martínez,BR,17,Corporate,Strategy,Corporate Strategy,corporate,Strategy,IC4,Senior Professional,Specialist Strategy,HQ-BR-001,CC-BR-COR-05,193,Permanent,Active,1.0,Male,Nao informado,false,2019-06-01,false,true,2019-06-01,1986,IC4,Senior Professional,initial,2013-07-01,,2013-07-01,2016-03-14,false,Hire
108,29,Sebastián Silva Martínez,BR,17,Corporate,Strategy,Corporate Strategy,corporate,Strategy,IC5,Senior Professional,Principal Specialist Strategy,HQ-BR-001,CC-BR-COR-05,193,Permanent,Active,1.0,Male,Nao informado,false,2019-06-01,false,true,2019-06-01,1986,IC4,Senior Professional,initial,2013-07-01,,2016-03-15,2018-01-14,false,Promotion
109,29,Sebastián Silva Martínez,BR,50,Retail,Sales,Floor Sales,retail_ops,Sales,IC5,Senior Professional,Principal Specialist Sales,STORE-BR-039,CC-BR-RET-02,721,Permanent,Active,1.0,Male,Nao informado,false,2019-06-01,false,true,2019-06-01,1986,IC4,Senior Professional,initial,2013-07-01,,2018-01-15,2018-04-14,false,Lateral Move
110,29,Sebastián Silva Martínez,BR,20,Corporate,Procurement,Indirect Procurement,corporate,Procurement,IC5,Senior Professional,Principal Specialist Procurement,HQ-BR-001,CC-BR-COR-06,81,Permanent,Active,1.0,Male,Nao informado,false,2019-06-01,false,true,2019-06-01,1986,IC4,Senior Professional,initial,2013-07-01,,2018-04-15,2019-03-18,false,Lateral Move
111,29,Sebastián Silva Martínez,BR,20,Corporate,Procurement,Indirect Procurement,corporate,Procurement,IC5,Senior Professional,Principal Specialist Procurement,HQ-BR-001,CC-BR-COR-06,8,Permanent,Active,1.0,Male,Nao informado,false,2019-06-01,false,true,2019-06-01,1986,IC4,Senior Professional,initial,2013-07-01,,2019-03-19,2022-08-14,false,Manager Change
112,29,Sebastián Silva Martínez,BR,59,Supply Chain,Logistics,Reverse Logistics,supply,Logistics,IC5,Senior Professional,Principal Specialist Logistics,DC-BR-005,CC-BR-SUP-01,1237,Permanent,Active,1.0,Male,Nao informado,false,2019-06-01,false,true,2019-06-01,1986,IC4,Senior Professional,initial,2013-07-01,,2022-08-15,2025-01-14,false,Transfer
113,29,Sebastián Silva Martínez,BR,55,Retail,Visual Merchandising,Store Design,retail_ops,Store Operations,IC5,Senior Professional,Principal Specialist Store Operations,DC-BR-005,CC-BR-RET-04,2471,Permanent,Active,1.0,Male,Nao informado,false,2019-06-01,false,true,2019-06-01,1986,IC4,Senior Professional,initial,2013-07-01,,2025-01-15,,true,Reorganization
114,30,Isabella Gomes Martins,BR,73,Customer,Customer Operations,Returns,customer,Customer Support,IC1,Entry,Assistant Customer Support,SITE-BR-002,CC-BR-CUS-03,165,Permanent,Active,1.0,Female,,false,,,false,,1995,IC1,Entry,initial,2013-09-01,2018-04-19,2013-09-01,2018-04-18,false,Hire
115,30,Isabella Gomes Martins,BR,73,Customer,Customer Operations,Returns,customer,Customer Support,IC1,Entry,Assistant Customer Support,SITE-BR-002,CC-BR-CUS-03,165,Permanent,Terminated,1.0,Female,,false,,,false,,1995,IC1,Entry,initial,2013-09-01,2018-04-19,2018-04-19,,true,Termination
116,31,Eduardo Lima Nunes,BR,53,Retail,Regional Operations,Region Southeast,retail_ops,Store Operations,IC2,Professional,Analyst Store Operations,STORE-BR-016,CC-BR-RET-03,34,Permanent,Active,1.0,Male,Branca,true,2019-06-01,false,true,2019-06-01,1979,IC2,Professional,initial,2012-05-01,2021-08-21,2012-05-01,2020-10-14,false,Hire
117,31,Eduardo Lima Nunes,BR,53,Retail,Regional Operations,Region Southeast,retail_ops,Store Operations,IC2,Professional,Analyst Store Operations,STORE-BR-016,CC-BR-RET-03,1049,Permanent,Active,1.0,Male,Branca,true,2019-06-01,false,true,2019-06-01,1979,IC2,Professional,initial,2012-05-01,2021-08-21,2020-10-15,2021-08-20,false,Transfer
118,31,Eduardo Lima Nunes,BR,53,Retail,Regional Operations,Region Southeast,retail_ops,Store Operations,IC2,Professional,Analyst Store Operations,STORE-BR-016,CC-BR-RET-03,1049,Permanent,Terminated,1.0,Male,Branca,true,2019-06-01,false,true,2019-06-01,1979,IC2,Professional,initial,2012-05-01,2021-08-21,2021-08-21,,true,Termination
119,32,Aline Ribeiro Ferreira,BR,55,Retail,Visual Merchandising,Store Design,retail_ops,Store Operations,IC2,Professional,Analyst Store Operations,STORE-BR-040,CC-BR-RET-04,294,Permanent,Active,1.0,Female,Parda,true,2019-06-01,false,true,2019-06-01,1978,IC2,Professional,initial,2014-05-01,,2014-05-01,2025-01-14,false,Hire
120,32,Aline Ribeiro Ferreira,BR,53,Retail,Regional Operations,Region Southeast,retail_ops,Store Operations,IC2,Professional,Analyst Store Operations,STORE-BR-040,CC-BR-RET-03,251,Permanent,Active,1.0,Female,Parda,true,2019-06-01,false,true,2019-06-01,1978,IC2,Professional,initial,2014-05-01,,2025-01-15,,true,Reorganization
121,33,Rafael Ribeiro Pereira,BR,51,Retail,Sales,Key Accounts,retail_ops,Sales,IC1,Entry,Assistant Sales,STORE-BR-036,CC-BR-RET-02,61,Permanent,Active,1.0,Female,,false,,,false,,1997,IC1,Entry,initial,2015-06-01,2018-04-20,2015-06-01,2018-04-19,false,Hire
122,33,Rafael Ribeiro Pereira,BR,51,Retail,Sales,Key Accounts,retail_ops,Sales,IC1,Entry,Assistant Sales,STORE-BR-036,CC-BR-RET-02,61,Permanent,Terminated,1.0,Female,,false,,,false,,1997,IC1,Entry,initial,2015-06-01,2018-04-20,2018-04-20,,true,Termination
123,34,Luíza Silva Rodríguez,BR,53,Retail,Regional Operations,Region Southeast,retail_ops,General Management,IC3,Professional,Senior Analyst General Management,STORE-BR-002,CC-BR-RET-03,98,Permanent,Active,1.0,Female,Branca,true,2019-06-01,false,true,2019-06-01,1978,IC3,Professional,initial,2007-02-01,2024-03-23,2007-02-01,2018-03-14,false,Hire
124,34,Luíza Silva Rodríguez,BR,53,Retail,Regional Operations,Region Southeast,retail_ops,General Management,M1,Manager,Coordinator General Management,STORE-BR-002,CC-BR-RET-03,208,Permanent,Active,1.0,Female,Branca,true,2019-06-01,false,true,2019-06-01,1978,IC3,Professional,initial,2007-02-01,2024-03-23,2018-03-15,2021-11-14,false,Promotion
125,34,Luíza Silva Rodríguez,BR,11,Corporate,Legal,Compliance,corporate,Legal,M1,Manager,Coordinator Legal,HQ-BR-001,CC-BR-COR-03,684,Permanent,Active,1.0,Female,Branca,true,2019-06-01,false,true,2019-06-01,1978,IC3,Professional,initial,2007-02-01,2024-03-23,2021-11-15,2024-03-22,false,Lateral Move
126,34,Luíza Silva Rodríguez,BR,11,Corporate,Legal,Compliance,corporate,Legal,M1,Manager,Coordinator Legal,HQ-BR-001,CC-BR-COR-03,684,Permanent,Terminated,1.0,Female,Branca,true,2019-06-01,false,true,2019-06-01,1978,IC3,Professional,initial,2007-02-01,2024-03-23,2024-03-23,,true,Termination
127,35,Luíza Flores Alves,BR,53,Retail,Regional Operations,Region Southeast,retail_ops,Store Operations,IC2,Professional,Analyst Store Operations,STORE-BR-037,CC-BR-RET-03,34,Permanent,Active,1.0,Female,,false,,,false,,1977,IC2,Professional,initial,2013-05-01,2016-03-19,2013-05-01,2016-03-18,false,Hire
128,35,Luíza Flores Alves,BR,53,Retail,Regional Operations,Region Southeast,retail_ops,Store Operations,IC2,Professional,Analyst Store Operations,STORE-BR-037,CC-BR-RET-03,34,Permanent,Terminated,1.0,Female,,false,,,false,,1977,IC2,Professional,initial,2013-05-01,2016-03-19,2016-03-19,,true,Termination
129,36,Daniela Almeida Oliveira,BR,61,Supply Chain,Distribution Centers,Outbound,supply,Warehouse,IC1,Entry,Assistant Warehouse,DC-BR-005,CC-BR-SUP-02,48,Permanent,Active,1.0,Male,Branca,true,2019-06-01,false,true,2019-06-01,1988,IC1,Entry,initial,2014-12-01,,2014-12-01,2025-01-14,false,Hire
130,36,Daniela Almeida Oliveira,BR,49,Retail,Store Operations,Security,retail_ops,Store Operations,IC1,Entry,Assistant Store Operations,DC-BR-005,CC-BR-RET-01,3645,Permanent,Active,1.0,Male,Branca,true,2019-06-01,false,true,2019-06-01,1988,IC1,Entry,initial,2014-12-01,,2025-01-15,,true,Reorganization
131,37,Ana Almeida Martínez,BR,55,Retail,Visual Merchandising,Store Design,retail_ops,Design,IC1,Entry,Assistant Design,STORE-BR-029,CC-BR-RET-04,32,Permanent,Active,0.5,Female,,false,,,false,,1986,IC1,Entry,initial,2014-05-01,2017-02-26,2014-05-01,2017-02-25,false,Hire
132,37,Ana Almeida Martínez,BR,55,Retail,Visual Merchandising,Store Design,retail_ops,Design,IC1,Entry,Assistant Design,STORE-BR-029,CC-BR-RET-04,32,Permanent,Terminated,0.5,Female,,false,,,false,,1986,IC1,Entry,initial,2014-05-01,2017-02-26,2017-02-26,,true,Termination
133,38,Maria Araújo Martins,BR,57,Supply Chain,Logistics,Transportation,supply,Logistics,IC2,Professional,Analyst Logistics,DC-BR-005,CC-BR-SUP-01,260,Permanent,Active,1.0,Male,,false,,,false,,1984,IC2,Professional,initial,2014-09-01,2017-05-26,2014-09-01,2017-03-16,false,Hire
134,38,Maria Araújo Martins,BR,57,Supply Chain,Logistics,Transportation,supply,Logistics,IC2,Professional,Analyst Logistics,DC-BR-005,CC-BR-SUP-01,162,Permanent,Active,1.0,Male,,false,,,false,,1984,IC2,Professional,initial,2014-09-01,2017-05-26,2017-03-17,2017-05-25,false,Manager Change
135,38,Maria Araújo Martins,BR,57,Supply Chain,Logistics,Transportation,supply,Logistics,IC2,Professional,Analyst Logistics,DC-BR-005,CC-BR-SUP-01,162,Permanent,Terminated,1.0,Male,,false,,,false,,1984,IC2,Professional,initial,2014-09-01,2017-05-26,2017-05-26,,true,Termination
136,39,Daniela López Sánchez,BR,70,Customer,Customer Service,Chat,customer,Customer Support,IC1,Entry,Assistant Customer Support,SITE-BR-002,CC-BR-CUS-02,4,Intern,Active,1.0,Female,,false,,,false,,1987,IC1,Entry,initial,2014-05-01,2016-03-18,2014-05-01,2016-03-17,false,Hire
137,39,Daniela López Sánchez,BR,70,Customer,Customer Service,Chat,customer,Customer Support,IC1,Entry,Assistant Customer Support,SITE-BR-002,CC-BR-CUS-02,4,Intern,Terminated,1.0,Female,,false,,,false,,1987,IC1,Entry,initial,2014-05-01,2016-03-18,2016-03-18,,true,Termination
138,40,Priscila Ribeiro Alves,BR,73,Customer,Customer Operations,Returns,customer,Logistics,IC1,Entry,Assistant Logistics,SITE-BR-003,CC-BR-CUS-03,288,Permanent,Active,1.0,Female,,false,,,false,,1997,IC1,Entry,initial,2015-02-01,2016-05-25,2015-02-01,2016-05-24,false,Hire
139,40,Priscila Ribeiro Alves,BR,73,Customer,Customer Operations,Returns,customer,Logistics,IC1,Entry,Assistant Logistics,SITE-BR-003,CC-BR-CUS-03,288,Permanent,Terminated,1.0,Female,,false,,,false,,1997,IC1,Entry,initial,2015-02-01,2016-05-25,2016-05-25,,true,Termination
140,41,Bruno Ramírez Araújo,BR,56,Retail,Visual Merchandising,Merchandising,retail_ops,Store Operations,IC1,Entry,Assistant Store Operations,STORE-BR-010,CC-BR-RET-04,71,Permanent,Active,0.5,Female,,false,,,false,,1993,IC1,Entry,initial,2014-08-01,2016-03-19,2014-08-01,2016-03-18,false,Hire
141,41,Bruno Ramírez Araújo,BR,56,Retail,Visual Merchandising,Merchandising,retail_ops,Store Operations,IC1,Entry,Assistant Store Operations,STORE-BR-010,CC-BR-RET-04,71,Permanent,Terminated,0.5,Female,,false,,,false,,1993,IC1,Entry,initial,2014-08-01,2016-03-19,2016-03-19,,true,Termination
142,42,Mariana Ramírez Oliveira,BR,51,Retail,Sales,Key Accounts,retail_ops,Sales,IC2,Professional,Analyst Sales,STORE-BR-027,CC-BR-RET-02,144,Permanent,Active,1.0,Female,,false,,,false,,1989,IC2,Professional,initial,2015-08-01,2018-05-28,2015-08-01,2017-06-16,false,Hire
143,42,Mariana Ramírez Oliveira,BR,51,Retail,Sales,Key Accounts,retail_ops,Sales,IC2,Professional,Analyst Sales,STORE-BR-027,CC-BR-RET-02,585,Permanent,Active,1.0,Female,,false,,,false,,1989,IC2,Professional,initial,2015-08-01,2018-05-28,2017-06-17,2018-03-26,false,Manager Change
144,42,Mariana Ramírez Oliveira,BR,51,Retail,Sales,Key Accounts,retail_ops,Sales,IC2,Professional,Analyst Sales,STORE-BR-027,CC-BR-RET-02,162,Permanent,Active,1.0,Female,,false,,,false,,1989,IC2,Professional,initial,2015-08-01,2018-05-28,2018-03-27,2018-05-27,false,Manager Change
145,42,Mariana Ramírez Oliveira,BR,51,Retail,Sales,Key Accounts,retail_ops,Sales,IC2,Professional,Analyst Sales,STORE-BR-027,CC-BR-RET-02,162,Permanent,Terminated,1.0,Female,,false,,,false,,1989,IC2,Professional,initial,2015-08-01,2018-05-28,2018-05-28,,true,Termination
146,43,Juliana Alves Ramírez,BR,60,Supply Chain,Distribution Centers,Inbound,supply,Warehouse,IC1,Entry,Assistant Warehouse,DC-BR-001,CC-BR-SUP-02,48,Permanent,Active,1.0,Male,,false,,,false,,1986,IC1,Entry,initial,2010-08-01,2018-07-20,2010-08-01,2017-09-14,false,Hire
147,43,Juliana Alves Ramírez,BR,60,Supply Chain,Distribution Centers,Inbound,supply,Warehouse,IC2,Professional,Analyst Warehouse,DC-BR-001,CC-BR-SUP-02,517,Permanent,Active,1.0,Male,,false,,,false,,1986,IC1,Entry,initial,2010-08-01,2018-07-20,2017-09-15,2018-07-19,false,Promotion
148,43,Juliana Alves Ramírez,BR,60,Supply Chain,Distribution Centers,Inbound,supply,Warehouse,IC2,Professional,Analyst Warehouse,DC-BR-001,CC-BR-SUP-02,517,Permanent,Terminated,1.0,Male,,false,,,false,,1986,IC1,Entry,initial,2010-08-01,2018-07-20,2018-07-20,,true,Termination
149,44,Gabriel Barbosa Almeida,BR,52,Retail,Regional Operations,Region North,retail_ops,General Management,IC1,Entry,Assistant General Management,STORE-BR-004,CC-BR-RET-03,12,Permanent,Active,0.5,Male,,false,,,false,,1994,IC1,Entry,initial,2015-04-01,2017-01-22,2015-04-01,2017-01-21,false,Hire
150,44,Gabriel Barbosa Almeida,BR,52,Retail,Regional Operations,Region North,retail_ops,General Management,IC1,Entry,Assistant General Management,STORE-BR-004,CC-BR-RET-03,12,Permanent,Terminated,0.5,Male,,false,,,false,,1994,IC1,Entry,initial,2015-04-01,2017-01-22,2017-01-22,,true,Termination
151,45,Felipe González Ramírez,BR,20,Corporate,Procurement,Indirect Procurement,corporate,Procurement,IC4,Senior Professional,Specialist Procurement,HQ-BR-001,CC-BR-COR-06,187,Permanent,Active,1.0,Female,Branca,true,2019-06-01,false,true,2019-06-01,1971,IC4,Senior Professional,initial,2015-01-01,,2015-01-01,2018-02-14,false,Hire
152,45,Felipe González Ramírez,BR,65,Supply Chain,Planning,Demand Planning,supply,Logistics,IC4,Senior Professional,Specialist Logistics,DC-BR-002,CC-BR-SUP-04,335,Permanent,Active,1.0,Female,Branca,true,2019-06-01,false,true,2019-06-01,1971,IC4,Senior Professional,initial,2015-01-01,,2018-02-15,2025-01-14,false,Lateral Move
153,45,Felipe González Ramírez,BR,69,Customer,Customer Service,Contact Center,customer,Customer Support,IC4,Senior Professional,Specialist Customer Support,DC-BR-002,CC-BR-CUS-02,1176,Permanent,Active,1.0,Female,Branca,true,2019-06-01,false,true,2019-06-01,1971,IC4,Senior Professional,initial,2015-01-01,,2025-01-15,2026-03-14,false,Reorganization
154,45,Felipe González Ramírez,BR,46,Retail,Store Operations,Store Management,retail_ops,Store Operations,IC4,Senior Professional,Specialist Store Operations,STORE-BR-001,CC-BR-RET-01,2099,Permanent,Active,1.0,Female,Branca,true,2019-06-01,false,true,2019-06-01,1971,IC4,Senior Professional,initial,2015-01-01,,2026-03-15,,true,Transfer
155,46,Rodrigo Moreira Santos,BR,63,Supply Chain,Procurement,Sourcing,supply,Procurement,IC1,Entry,Assistant Procurement,DC-BR-005,CC-BR-SUP-03,204,Temporary,Active,1.0,Female,,false,,,false,,1983,IC1,Entry,initial,2009-11-01,2018-07-27,2009-11-01,2016-11-27,false,Hire
156,46,Rodrigo Moreira Santos,BR,63,Supply Chain,Procurement,Sourcing,supply,Procurement,IC1,Entry,Assistant Procurement,DC-BR-005,CC-BR-SUP-03,49,Temporary,Active,1.0,Female,,false,,,false,,1983,IC1,Entry,initial,2009-11-01,2018-07-27,2016-11-28,2018-03-19,false,Manager Change
157,46,Rodrigo Moreira Santos,BR,63,Supply Chain,Procurement,Sourcing,supply,Procurement,IC1,Entry,Assistant Procurement,DC-BR-005,CC-BR-SUP-03,430,Temporary,Active,1.0,Female,,false,,,false,,1983,IC1,Entry,initial,2009-11-01,2018-07-27,2018-03-20,2018-07-26,false,Manager Change
158,46,Rodrigo Moreira Santos,BR,63,Supply Chain,Procurement,Sourcing,supply,Procurement,IC1,Entry,Assistant Procurement,DC-BR-005,CC-BR-SUP-03,430,Temporary,Terminated,1.0,Female,,false,,,false,,1983,IC1,Entry,initial,2009-11-01,2018-07-27,2018-07-27,,true,Termination
159,47,Bruno Lima Silva,BR,21,Corporate,Procurement,Contracts,corporate,Procurement,IC1,Entry,Assistant Procurement,HQ-BR-001,CC-BR-COR-06,88,Permanent,Active,1.0,Female,Nao informado,false,2019-06-01,false,true,2019-06-01,1979,IC1,Entry,initial,2001-08-01,,2001-08-01,2016-03-14,false,Hire
160,47,Bruno Lima Silva,BR,21,Corporate,Procurement,Contracts,corporate,Procurement,IC2,Professional,Analyst Procurement,HQ-BR-001,CC-BR-COR-06,243,Permanent,Active,1.0,Female,Nao informado,false,2019-06-01,false,true,2019-06-01,1979,IC1,Entry,initial,2001-08-01,,2016-03-15,2017-03-14,false,Promotion
161,47,Bruno Lima Silva,BR,21,Corporate,Procurement,Contracts,corporate,Procurement,IC3,Professional,Senior Analyst Procurement,HQ-BR-001,CC-BR-COR-06,45,Permanent,Active,1.0,Female,Nao informado,false,2019-06-01,false,true,2019-06-01,1979,IC1,Entry,initial,2001-08-01,,2017-03-15,2019-03-14,false,Promotion
162,47,Bruno Lima Silva,BR,21,Corporate,Procurement,Contracts,corporate,Procurement,M1,Manager,Coordinator Procurement,HQ-BR-001,CC-BR-COR-06,8,Permanent,Active,1.0,Female,Nao informado,false,2019-06-01,false,true,2019-06-01,1979,IC1,Entry,initial,2001-08-01,,2019-03-15,2025-01-14,false,Promotion
163,47,Bruno Lima Silva,BR,52,Retail,Regional Operations,Region North,retail_ops,General Management,M1,Manager,Coordinator General Management,HQ-BR-001,CC-BR-RET-03,246,Permanent,Active,1.0,Female,Nao informado,false,2019-06-01,false,true,2019-06-01,1979,IC1,Entry,initial,2001-08-01,,2025-01-15,,true,Reorganization
164,48,José Ferreira Souza,BR,62,Supply Chain,Distribution Centers,Inventory,supply,Warehouse,IC2,Professional,Analyst Warehouse,DC-BR-003,CC-BR-SUP-02,2,Permanent,Active,1.0,Female,Parda,true,2019-06-01,false,true,2019-06-01,1976,IC2,Professional,initial,2007-02-01,,2007-02-01,2016-08-18,false,Hire
165,48,José Ferreira Souza,BR,62,Supply Chain,Distribution Centers,Inventory,supply,Warehouse,IC2,Professional,Analyst Warehouse,DC-BR-003,CC-BR-SUP-02,305,Permanent,Active,1.0,Female,Parda,true,2019-06-01,false,true,2019-06-01,1976,IC2,Professional,initial,2007-02-01,,2016-08-19,2016-09-14,false,Manager Change
166,48,José Ferreira Souza,BR,62,Supply Chain,Distribution Centers,Inventory,supply,Warehouse,IC3,Professional,Senior Analyst Warehouse,DC-BR-003,CC-BR-SUP-02,297,Permanent,Active,1.0,Female,Parda,true,2019-06-01,false,true,2019-06-01,1976,IC2,Professional,initial,2007-02-01,,2016-09-15,2020-09-14,false,Promotion
167,48,José Ferreira Souza,BR,62,Supply Chain,Distribution Centers,Inventory,supply,Warehouse,M1,Manager,Coordinator Warehouse,DC-BR-003,CC-BR-SUP-02,648,Permanent,Active,1.0,Female,Parda,true,2019-06-01,false,true,2019-06-01,1976,IC2,Professional,initial,2007-02-01,,2020-09-15,2023-02-18,false,Promotion
168,48,José Ferreira Souza,BR,62,Supply Chain,Distribution Centers,Inventory,supply,Warehouse,M1,Manager,Coordinator Warehouse,DC-BR-003,CC-BR-SUP-02,440,Permanent,Active,1.0,Female,Parda,true,2019-06-01,false,true,2019-06-01,1976,IC2,Professional,initial,2007-02-01,,2023-02-19,2025-01-14,false,Manager Change
169,48,José Ferreira Souza,BR,11,Corporate,Legal,Compliance,corporate,Legal,M1,Manager,Coordinator Legal,DC-BR-003,CC-BR-COR-03,2673,Permanent,Active,1.0,Female,Parda,true,2019-06-01,false,true,2019-06-01,1976,IC2,Professional,initial,2007-02-01,,2025-01-15,,true,Reorganization
170,49,Priscila Sánchez Pérez,BR,63,Supply Chain,Procurement,Sourcing,supply,Procurement,IC1,Entry,Assistant Procurement,DC-BR-003,CC-BR-SUP-03,302,Permanent,Active,1.0,Female,,false,,,false,,1975,IC1,Entry,initial,1994-05-01,2018-03-20,1994-05-01,2016-03-14,false,Hire
171,49,Priscila Sánchez Pérez,BR,63,Supply Chain,Procurement,Sourcing,supply,Procurement,IC2,Professional,Analyst Procurement,DC-BR-003,CC-BR-SUP-03,319,Permanent,Active,1.0,Female,,false,,,false,,1975,IC1,Entry,initial,1994-05-01,2018-03-20,2016-03-15,2017-11-14,false,Promotion
172,49,Priscila Sánchez Pérez,BR,63,Supply Chain,Procurement,Sourcing,supply,Procurement,IC1,Entry,Assistant Procurement,DC-BR-003,CC-BR-SUP-03,430,Permanent,Active,1.0,Female,,false,,,false,,1975,IC1,Entry,initial,1994-05-01,2018-03-20,2017-11-15,2018-03-19,false,Demotion
173,49,Priscila Sánchez Pérez,BR,63,Supply Chain,Procurement,Sourcing,supply,Procurement,IC1,Entry,Assistant Procurement,DC-BR-003,CC-BR-SUP-03,430,Permanent,Terminated,1.0,Female,,false,,,false,,1975,IC1,Entry,initial,1994-05-01,2018-03-20,2018-03-20,,true,Termination
174,50,Camila Melo Araújo,BR,25,Corporate,Data & Analytics,Business Intelligence,corporate,Data,IC1,Entry,Assistant Data,HQ-BR-001,CC-BR-COR-08,202,Permanent,Active,1.0,Female,Branca,true,2019-06-01,false,true,2019-06-01,1989,IC1,Entry,initial,2013-04-01,2022-12-25,2013-04-01,2017-05-21,false,Hire
175,50,Camila Melo Araújo,BR,25,Corporate,Data & Analytics,Business Intelligence,corporate,Data,IC1,Entry,Assistant Data,HQ-BR-001,CC-BR-COR-08,384,Permanent,Active,1.0,Female,Branca,true,2019-06-01,false,true,2019-06-01,1989,IC1,Entry,initial,2013-04-01,2022-12-25,2017-05-22,2019-09-14,false,Manager Change
176,50,Camila Melo Araújo,BR,56,Retail,Visual Merchandising,Merchandising,retail_ops,Store Operations,IC1,Entry,Assistant Store Operations,STORE-BR-006,CC-BR-RET-04,1109,Permanent,Active,1.0,Female,Branca,true,2019-06-01,false,true,2019-06-01,1989,IC1,Entry,initial,2013-04-01,2022-12-25,2019-09-15,2022-12-24,false,Lateral Move
177,50,Camila Melo Araújo,BR,56,Retail,Visual Merchandising,Merchandising,retail_ops,Store Operations,IC1,Entry,Assistant Store Operations,STORE-BR-006,CC-BR-RET-04,1109,Permanent,Terminated,1.0,Female,Branca,true,2019-06-01,false,true,2019-06-01,1989,IC1,Entry,initial,2013-04-01,2022-12-25,2022-12-25,,true,Termination
178,51,Marcelo Rodrigues Ramírez,BR,70,Customer,Customer Service,Chat,customer,Customer Support,IC1,Entry,Assistant Customer Support,SITE-BR-003,CC-BR-CUS-02,53,Permanent,Active,1.0,Female,,false,,,false,,1988,IC1,Entry,initial,2016-01-01,2016-06-22,2016-01-01,2016-06-21,false,Hire
179,51,Marcelo Rodrigues Ramírez,BR,70,Customer,Customer Service,Chat,customer,Customer Support,IC1,Entry,Assistant Customer Support,SITE-BR-003,CC-BR-CUS-02,53,Permanent,Terminated,1.0,Female,,false,,,false,,1988,IC1,Entry,initial,2016-01-01,2016-06-22,2016-06-22,,true,Termination
180,52,Priscila Pereira Alves,BR,56,Retail,Visual Merchandising,Merchandising,retail_ops,Store Operations,IC1,Entry,Assistant Store Operations,STORE-BR-007,CC-BR-RET-04,108,Permanent,Active,1.0,Female,,false,,,false,,1992,IC1,Entry,initial,2014-10-01,2016-03-24,2014-10-01,2016-03-23,false,Hire
181,52,Priscila Pereira Alves,BR,56,Retail,Visual Merchandising,Merchandising,retail_ops,Store Operations,IC1,Entry,Assistant Store Operations,STORE-BR-007,CC-BR-RET-04,108,Permanent,Terminated,1.0,Female,,false,,,false,,1992,IC1,Entry,initial,2014-10-01,2016-03-24,2016-03-24,,true,Termination
182,53,Isabella García Pereira,BR,69,Customer,Customer Service,Contact Center,customer,Customer Support,IC2,Professional,Analyst Customer Support,SITE-BR-004,CC-BR-CUS-02,171,Apprentice,Active,1.0,Male,,false,,,false,,1979,IC2,Professional,initial,2015-11-01,2016-11-19,2015-11-01,2016-11-18,false,Hire
183,53,Isabella García Pereira,BR,69,Customer,Customer Service,Contact Center,customer,Customer Support,IC2,Professional,Analyst Customer Support,SITE-BR-004,CC-BR-CUS-02,171,Apprentice,Terminated,1.0,Male,,false,,,false,,1979,IC2,Professional,initial,2015-11-01,2016-11-19,2016-11-19,,true,Termination
184,54,Gabriel Nunes Lima,BR,5,Corporate,People,Learning & Development,corporate,People,IC1,Entry,Assistant People,HQ-BR-001,CC-BR-COR-01,113,Permanent,Active,1.0,Male,,false,,,false,,1992,IC1,Entry,initial,2010-05-01,2017-02-20,2010-05-01,2017-02-19,false,Hire
185,54,Gabriel Nunes Lima,BR,5,Corporate,People,Learning & Development,corporate,People,IC1,Entry,Assistant People,HQ-BR-001,CC-BR-COR-01,113,Permanent,Terminated,1.0,Male,,false,,,false,,1992,IC1,Entry,initial,2010-05-01,2017-02-20,2017-02-20,,true,Termination
186,55,Nicolás Pereira García,BR,10,Corporate,Legal,Corporate Legal,corporate,Legal,IC2,Professional,Analyst Legal,HQ-BR-001,CC-BR-COR-03,119,Permanent,Active,1.0,Female,Nao informado,false,2019-06-01,false,true,2019-06-01,1979,IC2,Professional,initial,2013-04-01,,2013-04-01,2019-09-14,false,Hire
187,55,Nicolás Pereira García,BR,17,Corporate,Strategy,Corporate Strategy,corporate,Strategy,IC2,Professional,Analyst Strategy,HQ-BR-001,CC-BR-COR-05,494,Permanent,Active,1.0,Female,Nao informado,false,2019-06-01,false,true,2019-06-01,1979,IC2,Professional,initial,2013-04-01,,2019-09-15,2020-03-14,false,Lateral Move
188,55,Nicolás Pereira García,BR,17,Corporate,Strategy,Corporate Strategy,corporate,Strategy,IC3,Professional,Senior Analyst Strategy,HQ-BR-001,CC-BR-COR-05,444,Permanent,Active,1.0,Female,Nao informado,false,2019-06-01,false,true,2019-06-01,1979,IC2,Professional,initial,2013-04-01,,2020-03-15,2021-04-26,false,Promotion
189,55,Nicolás Pereira García,BR,17,Corporate,Strategy,Corporate Strategy,corporate,Strategy,IC3,Professional,Senior Analyst Strategy,HQ-BR-001,CC-BR-COR-05,1476,Permanent,Active,1.0,Female,Nao informado,false,2019-06-01,false,true,2019-06-01,1979,IC2,Professional,initial,2013-04-01,,2021-04-27,2025-01-14,false,Manager Change
190,55,Nicolás Pereira García,BR,40,Digital,E-commerce,Storefront,digital,Product Management,IC3,Professional,Senior Analyst Product Management,HQ-BR-001,CC-BR-DIG-05,2632,Permanent,Active,1.0,Female,Nao informado,false,2019-06-01,false,true,2019-06-01,1979,IC2,Professional,initial,2013-04-01,,2025-01-15,2026-06-14,false,Reorganization
191,55,Nicolás Pereira García,BR,55,Retail,Visual Merchandising,Store Design,retail_ops,Design,IC3,Professional,Senior Analyst Design,STORE-BR-011,CC-BR-RET-04,741,Permanent,Active,1.0,Female,Nao informado,false,2019-06-01,false,true,2019-06-01,1979,IC2,Professional,initial,2013-04-01,,2026-06-15,,true,Lateral Move
192,56,Ana Pereira Nunes,BR,52,Retail,Regional Operations,Region North,retail_ops,General Management,IC1,Entry,Assistant General Management,STORE-BR-022,CC-BR-RET-03,18,Temporary,Active,0.5,Female,,false,,,false,,1981,IC1,Entry,initial,2005-12-01,2016-11-22,2005-12-01,2016-09-14,false,Hire
193,56,Ana Pereira Nunes,BR,52,Retail,Regional Operations,Region North,retail_ops,General Management,IC2,Professional,Analyst General Management,STORE-BR-022,CC-BR-RET-03,472,Temporary,Active,0.5,Female,,false,,,false,,1981,IC1,Entry,initial,2005-12-01,2016-11-22,2016-09-15,2016-11-21,false,Promotion
194,56,Ana Pereira Nunes,BR,52,Retail,Regional Operations,Region North,retail_ops,General Management,IC2,Professional,Analyst General Management,STORE-BR-022,CC-BR-RET-03,472,Temporary,Terminated,0.5,Female,,false,,,false,,1981,IC1,Entry,initial,2005-12-01,2016-11-22,2016-11-22,,true,Termination
195,57,Carla Almeida Araújo,BR,4,Corporate,People,People Analytics,corporate,People,IC1,Entry,Assistant People,HQ-BR-001,CC-BR-COR-01,156,Permanent,Active,1.0,Female,Parda,true,2019-06-01,,false,,1987,IC1,Entry,initial,2011-08-01,,2011-08-01,2018-03-14,false,Hire
196,57,Carla Almeida Araújo,BR,4,Corporate,People,People Analytics,corporate,People,IC2,Professional,Analyst People,HQ-BR-001,CC-BR-COR-01,298,Permanent,Active,1.0,Female,Parda,true,2019-06-01,,false,,1987,IC1,Entry,initial,2011-08-01,,2018-03-15,2025-01-14,false,Promotion
197,57,Carla Almeida Araújo,BR,55,Retail,Visual Merchandising,Store Design,retail_ops,Store Operations,IC2,Professional,Analyst Store Operations,HQ-BR-001,CC-BR-RET-04,138,Permanent,Active,1.0,Female,Parda,true,2019-06-01,,false,,1987,IC1,Entry,initial,2011-08-01,,2025-01-15,,true,Reorganization
198,58,Vinícius Sánchez López,BR,43,Digital,Digital Marketing,SEO,digital,Marketing,IC2,Professional,Analyst Marketing,HQ-BR-001,CC-BR-DIG-06,168,Permanent,Active,1.0,Male,,false,,,false,,1993,IC2,Professional,initial,2015-09-01,2016-01-17,2015-09-01,2016-01-16,false,Hire
199,58,Vinícius Sánchez López,BR,43,Digital,Digital Marketing,SEO,digital,Marketing,IC2,Professional,Analyst Marketing,HQ-BR-001,CC-BR-DIG-06,168,Permanent,Terminated,1.0,Male,,false,,,false,,1993,IC2,Professional,initial,2015-09-01,2016-01-17,2016-01-17,,true,Termination
200,59,Marcelo Ribeiro Silva,BR,17,Corporate,Strategy,Corporate Strategy,corporate,Strategy,IC1,Entry,Assistant Strategy,HQ-BR-001,CC-BR-COR-05,162,Permanent,Active,1.0,Female,Nao informado,false,2019-06-01,false,true,2019-06-01,1976,IC1,Entry,initial,2004-12-01,,2004-12-01,2022-05-15,false,Hire
201,59,Marcelo Ribeiro Silva,BR,17,Corporate,Strategy,Corporate Strategy,corporate,Strategy,IC1,Entry,Assistant Strategy,HQ-BR-001,CC-BR-COR-05,1635,Permanent,Active,1.0,Female,Nao informado,false,2019-06-01,false,true,2019-06-01,1976,IC1,Entry,initial,2004-12-01,,2022-05-16,2022-09-14,false,Manager Change
202,59,Marcelo Ribeiro Silva,BR,17,Corporate,Strategy,Corporate Strategy,corporate,Strategy,IC2,Professional,Analyst Strategy,HQ-BR-001,CC-BR-COR-05,2327,Permanent,Active,1.0,Female,Nao informado,false,2019-06-01,false,true,2019-06-01,1976,IC1,Entry,initial,2004-12-01,,2022-09-15,2023-03-14,false,Promotion
203,59,Marcelo Ribeiro Silva,BR,5,Corporate,People,Learning & Development,corporate,People,IC2,Professional,Analyst People,HQ-BR-001,CC-BR-COR-01,1431,Permanent,Active,1.0,Female,Nao informado,false,2019-06-01,false,true,2019-06-01,1976,IC1,Entry,initial,2004-12-01,,2023-03-15,2023-04-14,false,Transfer
204,59,Marcelo Ribeiro Silva,BR,24,Corporate,Risk,Fraud,corporate,Risk & Compliance,IC2,Professional,Analyst Risk & Compliance,HQ-BR-001,CC-BR-COR-07,1611,Permanent,Active,1.0,Female,Nao informado,false,2019-06-01,false,true,2019-06-01,1976,IC1,Entry,initial,2004-12-01,,2023-04-15,2025-01-14,false,Reorganization
205,59,Marcelo Ribeiro Silva,BR,51,Retail,Sales,Key Accounts,retail_ops,Sales,IC2,Professional,Analyst Sales,HQ-BR-001,CC-BR-RET-02,3582,Permanent,Active,1.0,Female,Nao informado,false,2019-06-01,false,true,2019-06-01,1976,IC1,Entry,initial,2004-12-01,,2025-01-15,,true,Reorganization
206,60,André Lima Sánchez,BR,16,Corporate,Marketing,Content,corporate,Marketing,IC4,Senior Professional,Specialist Marketing,HQ-BR-001,CC-BR-COR-04,321,Permanent,Active,1.0,Male,Branca,true,2019-06-01,false,true,2019-06-01,1981,IC4,Senior Professional,initial,2011-01-01,,2011-01-01,2019-06-23,false,Hire
207,60,André Lima Sánchez,BR,16,Corporate,Marketing,Content,corporate,Marketing,IC4,Senior Professional,Specialist Marketing,HQ-BR-001,CC-BR-COR-04,537,Permanent,Active,1.0,Male,Branca,true,2019-06-01,false,true,2019-06-01,1981,IC4,Senior Professional,initial,2011-01-01,,2019-06-24,2025-01-14,false,Manager Change
208,60,André Lima Sánchez,BR,51,Retail,Sales,Key Accounts,retail_ops,Sales,IC4,Senior Professional,Specialist Sales,HQ-BR-001,CC-BR-RET-02,3824,Permanent,Active,1.0,Male,Branca,true,2019-06-01,false,true,2019-06-01,1981,IC4,Senior Professional,initial,2011-01-01,,2025-01-15,2025-03-14,false,Reorganization
209,60,André Lima Sánchez,BR,51,Retail,Sales,Key Accounts,retail_ops,Sales,M1,Manager,Coordinator Sales,HQ-BR-001,CC-BR-RET-02,1620,Permanent,Active,1.0,Male,Branca,true,2019-06-01,false,true,2019-06-01,1981,IC4,Senior Professional,initial,2011-01-01,,2025-03-15,,true,Promotion
210,61,Nicolás Ferreira Martínez,BR,51,Retail,Sales,Key Accounts,retail_ops,Sales,IC2,Professional,Analyst Sales,STORE-BR-042,CC-BR-RET-02,144,Permanent,Active,1.0,Female,Branca,true,2019-06-01,false,true,2019-06-01,1987,IC2,Professional,initial,2012-03-01,2024-10-20,2012-03-01,2017-06-16,false,Hire
211,61,Nicolás Ferreira Martínez,BR,51,Retail,Sales,Key Accounts,retail_ops,Sales,IC2,Professional,Analyst Sales,STORE-BR-042,CC-BR-RET-02,585,Permanent,Active,1.0,Female,Branca,true,2019-06-01,false,true,2019-06-01,1987,IC2,Professional,initial,2012-03-01,2024-10-20,2017-06-17,2018-03-26,false,Manager Change
212,61,Nicolás Ferreira Martínez,BR,51,Retail,Sales,Key Accounts,retail_ops,Sales,IC2,Professional,Analyst Sales,STORE-BR-042,CC-BR-RET-02,162,Permanent,Active,1.0,Female,Branca,true,2019-06-01,false,true,2019-06-01,1987,IC2,Professional,initial,2012-03-01,2024-10-20,2018-03-27,2022-05-15,false,Manager Change
213,61,Nicolás Ferreira Martínez,BR,51,Retail,Sales,Key Accounts,retail_ops,Sales,IC2,Professional,Analyst Sales,STORE-BR-042,CC-BR-RET-02,1268,Permanent,Active,1.0,Female,Branca,true,2019-06-01,false,true,2019-06-01,1987,IC2,Professional,initial,2012-03-01,2024-10-20,2022-05-16,2024-10-19,false,Manager Change
214,61,Nicolás Ferreira Martínez,BR,51,Retail,Sales,Key Accounts,retail_ops,Sales,IC2,Professional,Analyst Sales,STORE-BR-042,CC-BR-RET-02,1268,Permanent,Terminated,1.0,Female,Branca,true,2019-06-01,false,true,2019-06-01,1987,IC2,Professional,initial,2012-03-01,2024-10-20,2024-10-20,,true,Termination
215,62,Aline Ramírez Pérez,BR,20,Corporate,Procurement,Indirect Procurement,corporate,Procurement,D1,Director,Director Procurement,HQ-BR-001,CC-BR-COR-06,,Permanent,Active,1.0,Female,Preta,true,2019-06-01,false,true,2019-06-01,1972,D1,Director,initial,2015-12-01,,2015-12-01,2025-01-14,false,Hire
216,62,Aline Ramírez Pérez,BR,50,Retail,Sales,Floor Sales,retail_ops,Sales,D1,Director,Director Sales,HQ-BR-001,CC-BR-RET-02,711,Permanent,Active,1.0,Female,Preta,true,2019-06-01,false,true,2019-06-01,1972,D1,Director,initial,2015-12-01,,2025-01-15,,true,Reorganization
217,63,Nicolás Ramírez López,BR,60,Supply Chain,Distribution Centers,Inbound,supply,Warehouse,IC1,Entry,Assistant Warehouse,DC-BR-006,CC-BR-SUP-02,48,Permanent,Active,1.0,Female,Parda,true,2019-06-01,false,true,2019-06-01,1993,IC1,Entry,initial,2015-08-01,2020-04-20,2015-08-01,2020-04-19,false,Hire
218,63,Nicolás Ramírez López,BR,60,Supply Chain,Distribution Centers,Inbound,supply,Warehouse,IC1,Entry,Assistant Warehouse,DC-BR-006,CC-BR-SUP-02,48,Permanent,Terminated,1.0,Female,Parda,true,2019-06-01,false,true,2019-06-01,1993,IC1,Entry,initial,2015-08-01,2020-04-20,2020-04-20,,true,Termination
219,64,Patrícia Ramírez Souza,BR,51,Retail,Sales,Key Accounts,retail_ops,Sales,IC1,Entry,Assistant Sales,STORE-BR-044,CC-BR-RET-02,139,Permanent,Active,1.0,Male,,false,,,false,,1986,IC1,Entry,initial,2007-12-01,2019-02-25,2007-12-01,2019-02-24,false,Hire
220,64,Patrícia Ramírez Souza,BR,51,Retail,Sales,Key Accounts,retail_ops,Sales,IC1,Entry,Assistant Sales,STORE-BR-044,CC-BR-RET-02,139,Permanent,Terminated,1.0,Male,,false,,,false,,1986,IC1,Entry,initial,2007-12-01,2019-02-25,2019-02-25,,true,Termination
221,65,Aline Martins Souza,BR,50,Retail,Sales,Floor Sales,retail_ops,Sales,M2,Manager,Manager Sales,STORE-BR-014,CC-BR-RET-02,14,Permanent,Active,0.5,Female,Parda,true,2019-06-01,false,true,2019-06-01,1973,M2,Manager,initial,2013-02-01,,2013-02-01,2025-01-14,false,Hire
222,65,Aline Martins Souza,BR,52,Retail,Regional Operations,Region North,retail_ops,Store Operations,M2,Manager,Manager Store Operations,STORE-BR-014,CC-BR-RET-03,1978,Permanent,Active,0.5,Female,Parda,true,2019-06-01,false,true,2019-06-01,1973,M2,Manager,initial,2013-02-01,,2025-01-15,,true,Reorganization
223,66,Beatriz Flores López,BR,46,Retail,Store Operations,Store Management,retail_ops,Store Operations,IC1,Entry,Assistant Store Operations,STORE-BR-041,CC-BR-RET-01,21,Permanent,Active,1.0,Female,Nao informado,false,2019-06-01,false,true,2019-06-01,1992,IC1,Entry,initial,2011-12-01,2021-02-28,2011-12-01,2018-03-14,false,Hire
224,66,Beatriz Flores López,BR,46,Retail,Store Operations,Store Management,retail_ops,Store Operations,IC2,Professional,Analyst Store Operations,STORE-BR-041,CC-BR-RET-01,691,Permanent,Active,1.0,Female,Nao informado,false,2019-06-01,false,true,2019-06-01,1992,IC1,Entry,initial,2011-12-01,2021-02-28,2018-03-15,2021-02-27,false,Promotion
225,66,Beatriz Flores López,BR,46,Retail,Store Operations,Store Management,retail_ops,Store Operations,IC2,Professional,Analyst Store Operations,STORE-BR-041,CC-BR-RET-01,691,Permanent,Terminated,1.0,Female,Nao informado,false,2019-06-01,false,true,2019-06-01,1992,IC1,Entry,initial,2011-12-01,2021-02-28,2021-02-28,,true,Termination
226,67,Mariana Almeida Pérez,BR,39,Digital,UX,Design System,digital,Design,IC5,Senior Professional,Principal Specialist Design,HQ-BR-001,CC-BR-DIG-04,70,Intern,Active,1.0,Female,,false,,,false,,1975,IC5,Senior Professional,initial,2013-04-01,2016-01-27,2013-04-01,2016-01-26,false,Hire
227,67,Mariana Almeida Pérez,BR,39,Digital,UX,Design System,digital,Design,IC5,Senior Professional,Principal Specialist Design,HQ-BR-001,CC-BR-DIG-04,70,Intern,Terminated,1.0,Female,,false,,,false,,1975,IC5,Senior Professional,initial,2013-04-01,2016-01-27,2016-01-27,,true,Termination
228,68,Paula Gomes Ferreira,BR,48,Retail,Store Operations,Stockroom,retail_ops,Store Operations,IC1,Entry,Assistant Store Operations,STORE-BR-030,CC-BR-RET-01,77,Temporary,Active,1.0,Female,,false,,,false,,1992,IC1,Entry,initial,2013-06-01,2017-08-16,2013-06-01,2017-08-15,false,Hire
229,68,Paula Gomes Ferreira,BR,48,Retail,Store Operations,Stockroom,retail_ops,Store Operations,IC1,Entry,Assistant Store Operations,STORE-BR-030,CC-BR-RET-01,77,Temporary,Terminated,1.0,Female,,false,,,false,,1992,IC1,Entry,initial,2013-06-01,2017-08-16,2017-08-16,,true,Termination
230,69,Valentina Silva López,BR,57,Supply Chain,Logistics,Transportation,supply,Logistics,IC1,Entry,Assistant Logistics,DC-BR-006,CC-BR-SUP-01,19,Permanent,Active,1.0,Male,Parda,true,2019-06-01,false,true,2019-06-01,1996,IC1,Entry,initial,2015-04-01,,2015-04-01,2017-01-19,false,Hire
231,69,Valentina Silva López,BR,57,Supply Chain,Logistics,Transportation,supply,Logistics,IC1,Entry,Assistant Logistics,DC-BR-006,CC-BR-SUP-01,276,Permanent,Active,1.0,Male,Parda,true,2019-06-01,false,true,2019-06-01,1996,IC1,Entry,initial,2015-04-01,,2017-01-20,2018-03-14,false,Manager Change
232,69,Valentina Silva López,BR,57,Supply Chain,Logistics,Transportation,supply,Logistics,IC2,Professional,Analyst Logistics,DC-BR-006,CC-BR-SUP-01,623,Permanent,Active,1.0,Male,Parda,true,2019-06-01,false,true,2019-06-01,1996,IC1,Entry,initial,2015-04-01,,2018-03-15,2021-03-14,false,Promotion
233,69,Valentina Silva López,BR,57,Supply Chain,Logistics,Transportation,supply,Logistics,IC3,Professional,Senior Analyst Logistics,DC-BR-006,CC-BR-SUP-01,966,Permanent,Active,1.0,Male,Parda,true,2019-06-01,false,true,2019-06-01,1996,IC1,Entry,initial,2015-04-01,,2021-03-15,2025-01-14,false,Promotion
234,69,Valentina Silva López,BR,34,Digital,Data,Data Engineering,digital,Data,IC3,Professional,Senior Analyst Data,DC-BR-006,CC-BR-DIG-03,1961,Permanent,Active,1.0,Male,Parda,true,2019-06-01,false,true,2019-06-01,1996,IC1,Entry,initial,2015-04-01,,2025-01-15,,true,Reorganization
235,70,Valentina Souza Pérez,BR,35,Digital,Data,Data Science,digital,Data,M1,Manager,Coordinator Data,HQ-BR-001,CC-BR-DIG-03,8,Permanent,Active,1.0,Female,Branca,true,2019-06-01,false,true,2019-06-01,1973,M1,Manager,initial,2015-09-01,2020-07-16,2015-09-01,2017-03-14,false,Hire
236,70,Valentina Souza Pérez,BR,35,Digital,Data,Data Science,digital,Data,M2,Manager,Manager Data,HQ-BR-001,CC-BR-DIG-03,121,Permanent,Active,1.0,Female,Branca,true,2019-06-01,false,true,2019-06-01,1973,M1,Manager,initial,2015-09-01,2020-07-16,2017-03-15,2018-01-14,false,Promotion
237,70,Valentina Souza Pérez,BR,72,Customer,Customer Operations,Order Support,customer,Customer Support,M2,Manager,Manager Customer Support,SITE-BR-003,CC-BR-CUS-03,673,Permanent,Active,1.0,Female,Branca,true,2019-06-01,false,true,2019-06-01,1973,M1,Manager,initial,2015-09-01,2020-07-16,2018-01-15,2018-12-17,false,Transfer
238,70,Valentina Souza Pérez,BR,72,Customer,Customer Operations,Order Support,customer,Customer Support,M2,Manager,Manager Customer Support,SITE-BR-003,CC-BR-CUS-03,872,Permanent,Active,1.0,Female,Branca,true,2019-06-01,false,true,2019-06-01,1973,M1,Manager,initial,2015-09-01,2020-07-16,2018-12-18,2020-05-14,false,Manager Change
239,70,Valentina Souza Pérez,BR,46,Retail,Store Operations,Store Management,retail_ops,Store Operations,M2,Manager,Manager Store Operations,STORE-BR-022,CC-BR-RET-01,782,Permanent,Active,1.0,Female,Branca,true,2019-06-01,false,true,2019-06-01,1973,M1,Manager,initial,2015-09-01,2020-07-16,2020-05-15,2020-07-15,false,Lateral Move
240,70,Valentina Souza Pérez,BR,46,Retail,Store Operations,Store Management,retail_ops,Store Operations,M2,Manager,Manager Store Operations,STORE-BR-022,CC-BR-RET-01,782,Permanent,Terminated,1.0,Female,Branca,true,2019-06-01,false,true,2019-06-01,1973,M1,Manager,initial,2015-09-01,2020-07-16,2020-07-16,,true,Termination
241,71,Paula Ribeiro Lima,BR,56,Retail,Visual Merchandising,Merchandising,retail_ops,Design,IC2,Professional,Analyst Design,STORE-BR-031,CC-BR-RET-04,273,Permanent,Active,1.0,Male,,false,,,false,,1993,IC2,Professional,initial,2015-03-01,2018-03-21,2015-03-01,2018-03-20,false,Hire
242,71,Paula Ribeiro Lima,BR,56,Retail,Visual Merchandising,Merchandising,retail_ops,Design,IC2,Professional,Analyst Design,STORE-BR-031,CC-BR-RET-04,273,Permanent,Terminated,1.0,Male,,false,,,false,,1993,IC2,Professional,initial,2015-03-01,2018-03-21,2018-03-21,,true,Termination
243,72,Thiago Nunes García,BR,22,Corporate,Risk,Internal Audit,corporate,Risk & Compliance,IC1,Entry,Assistant Risk & Compliance,HQ-BR-001,CC-BR-COR-07,73,Permanent,Active,1.0,Female,Nao informado,false,2019-06-01,,false,,1988,IC1,Entry,initial,2015-07-01,,2015-07-01,2022-09-14,false,Hire
244,72,Thiago Nunes García,BR,48,Retail,Store Operations,Stockroom,retail_ops,Store Operations,IC1,Entry,Assistant Store Operations,STORE-BR-010,CC-BR-RET-01,1956,Permanent,Active,1.0,Female,Nao informado,false,2019-06-01,,false,,1988,IC1,Entry,initial,2015-07-01,,2022-09-15,2023-04-14,false,Transfer
245,72,Thiago Nunes García,BR,56,Retail,Visual Merchandising,Merchandising,retail_ops,Store Operations,IC1,Entry,Assistant Store Operations,STORE-BR-010,CC-BR-RET-04,1670,Permanent,Active,1.0,Female,Nao informado,false,2019-06-01,,false,,1988,IC1,Entry,initial,2015-07-01,,2023-04-15,2023-10-14,false,Reorganization
246,72,Thiago Nunes García,BR,63,Supply Chain,Procurement,Sourcing,supply,Procurement,IC1,Entry,Assistant Procurement,DC-BR-001,CC-BR-SUP-03,2817,Permanent,Active,1.0,Female,Nao informado,false,2019-06-01,,false,,1988,IC1,Entry,initial,2015-07-01,,2023-10-15,2025-01-14,false,Transfer
247,72,Thiago Nunes García,BR,54,Retail,Regional Operations,Region South,retail_ops,Store Operations,IC1,Entry,Assistant Store Operations,DC-BR-001,CC-BR-RET-03,2750,Permanent,Active,1.0,Female,Nao informado,false,2019-06-01,,false,,1988,IC1,Entry,initial,2015-07-01,,2025-01-15,2025-06-19,false,Reorganization
248,72,Thiago Nunes García,BR,54,Retail,Regional Operations,Region South,retail_ops,Store Operations,IC1,Entry,Assistant Store Operations,DC-BR-001,CC-BR-RET-03,1722,Permanent,Active,1.0,Female,Nao informado,false,2019-06-01,,false,,1988,IC1,Entry,initial,2015-07-01,,2025-06-20,,true,Manager Change
249,73,Marcelo Araújo Oliveira,BR,24,Corporate,Risk,Fraud,corporate,Risk & Compliance,IC2,Professional,Analyst Risk & Compliance,HQ-BR-001,CC-BR-COR-07,261,Permanent,Active,1.0,Female,Nao informado,false,2019-06-01,false,true,2019-06-01,1983,IC2,Professional,initial,2015-04-01,,2015-04-01,2018-09-14,false,Hire
250,73,Marcelo Araújo Oliveira,BR,24,Corporate,Risk,Fraud,corporate,Risk & Compliance,IC3,Professional,Senior Analyst Risk & Compliance,HQ-BR-001,CC-BR-COR-07,261,Permanent,Active,1.0,Female,Nao informado,false,2019-06-01,false,true,2019-06-01,1983,IC2,Professional,initial,2015-04-01,,2018-09-15,2019-12-14,false,Promotion
251,73,Marcelo Araújo Oliveira,BR,17,Corporate,Strategy,Corporate Strategy,corporate,Strategy,IC3,Professional,Senior Analyst Strategy,HQ-BR-001,CC-BR-COR-05,948,Permanent,Active,1.0,Female,Nao informado,false,2019-06-01,false,true,2019-06-01,1983,IC2,Professional,initial,2015-04-01,,2019-12-15,2021-03-23,false,Lateral Move
252,73,Marcelo Araújo Oliveira,BR,17,Corporate,Strategy,Corporate Strategy,corporate,Strategy,IC3,Professional,Senior Analyst Strategy,HQ-BR-001,CC-BR-COR-05,444,Permanent,Active,1.0,Female,Nao informado,false,2019-06-01,false,true,2019-06-01,1983,IC2,Professional,initial,2015-04-01,,2021-03-24,2021-04-26,false,Manager Change
253,73,Marcelo Araújo Oliveira,BR,17,Corporate,Strategy,Corporate Strategy,corporate,Strategy,IC3,Professional,Senior Analyst Strategy,HQ-BR-001,CC-BR-COR-05,1476,Permanent,Active,1.0,Female,Nao informado,false,2019-06-01,false,true,2019-06-01,1983,IC2,Professional,initial,2015-04-01,,2021-04-27,2023-03-14,false,Manager Change
254,73,Marcelo Araújo Oliveira,BR,17,Corporate,Strategy,Corporate Strategy,corporate,Strategy,IC4,Senior Professional,Specialist Strategy,HQ-BR-001,CC-BR-COR-05,2435,Permanent,Active,1.0,Female,Nao informado,false,2019-06-01,false,true,2019-06-01,1983,IC2,Professional,initial,2015-04-01,,2023-03-15,2024-10-18,false,Promotion
255,73,Marcelo Araújo Oliveira,BR,17,Corporate,Strategy,Corporate Strategy,corporate,Strategy,IC4,Senior Professional,Specialist Strategy,HQ-BR-001,CC-BR-COR-05,193,Permanent,Active,1.0,Female,Nao informado,false,2019-06-01,false,true,2019-06-01,1983,IC2,Professional,initial,2015-04-01,,2024-10-19,2025-01-14,false,Manager Change
256,73,Marcelo Araújo Oliveira,BR,24,Corporate,Risk,Fraud,corporate,Risk & Compliance,IC4,Senior Professional,Specialist Risk & Compliance,HQ-BR-001,CC-BR-COR-07,1199,Permanent,Active,1.0,Female,Nao informado,false,2019-06-01,false,true,2019-06-01,1983,IC2,Professional,initial,2015-04-01,,2025-01-15,,true,Reorganization
257,74,Patrícia Ribeiro Ramírez,BR,51,Retail,Sales,Key Accounts,retail_ops,Sales,IC1,Entry,Assistant Sales,STORE-BR-026,CC-BR-RET-02,160,Permanent,Active,1.0,Male,Branca,true,2019-06-01,false,true,2019-06-01,1989,IC1,Entry,initial,2016-01-01,2019-09-27,2016-01-01,2019-09-26,false,Hire
258,74,Patrícia Ribeiro Ramírez,BR,51,Retail,Sales,Key Accounts,retail_ops,Sales,IC1,Entry,Assistant Sales,STORE-BR-026,CC-BR-RET-02,160,Permanent,Terminated,1.0,Male,Branca,true,2019-06-01,false,true,2019-06-01,1989,IC1,Entry,initial,2016-01-01,2019-09-27,2019-09-27,,true,Termination
259,75,Luíza Gomes Rodríguez,BR,11,Corporate,Legal,Compliance,corporate,Legal,IC1,Entry,Assistant Legal,HQ-BR-001,CC-BR-COR-03,147,Permanent,Active,1.0,Female,Preta,true,2019-06-01,false,true,2019-06-01,1994,IC1,Entry,initial,2015-04-01,,2015-04-01,2016-03-22,false,Hire
260,75,Luíza Gomes Rodríguez,BR,11,Corporate,Legal,Compliance,corporate,Legal,IC1,Entry,Assistant Legal,HQ-BR-001,CC-BR-COR-03,155,Permanent,Active,1.0,Female,Preta,true,2019-06-01,false,true,2019-06-01,1994,IC1,Entry,initial,2015-04-01,,2016-03-23,2020-03-14,false,Manager Change
261,75,Luíza Gomes Rodríguez,BR,11,Corporate,Legal,Compliance,corporate,Legal,IC2,Professional,Analyst Legal,HQ-BR-001,CC-BR-COR-03,835,Permanent,Active,1.0,Female,Preta,true,2019-06-01,false,true,2019-06-01,1994,IC1,Entry,initial,2015-04-01,,2020-03-15,2024-09-14,false,Promotion
262,75,Luíza Gomes Rodríguez,BR,11,Corporate,Legal,Compliance,corporate,Legal,IC3,Professional,Senior Analyst Legal,HQ-BR-001,CC-BR-COR-03,1971,Permanent,Active,1.0,Female,Preta,true,2019-06-01,false,true,2019-06-01,1994,IC1,Entry,initial,2015-04-01,,2024-09-15,2025-01-14,false,Promotion
263,75,Luíza Gomes Rodríguez,BR,55,Retail,Visual Merchandising,Store Design,retail_ops,Design,IC3,Professional,Senior Analyst Design,HQ-BR-001,CC-BR-RET-04,2803,Permanent,Active,1.0,Female,Preta,true,2019-06-01,false,true,2019-06-01,1994,IC1,Entry,initial,2015-04-01,,2025-01-15,,true,Reorganization
264,76,Camilo Ramírez López,BR,4,Corporate,People,People Analytics,corporate,People,IC1,Entry,Assistant People,HQ-BR-001,CC-BR-COR-01,200,Permanent,Active,1.0,Male,Preta,true,2019-06-01,false,true,2019-06-01,1995,IC1,Entry,initial,2015-09-01,,2015-09-01,2020-07-22,false,Hire
265,76,Camilo Ramírez López,BR,4,Corporate,People,People Analytics,corporate,People,IC1,Entry,Assistant People,HQ-BR-001,CC-BR-COR-01,156,Permanent,Active,1.0,Male,Preta,true,2019-06-01,false,true,2019-06-01,1995,IC1,Entry,initial,2015-09-01,,2020-07-23,2023-03-14,false,Manager Change
266,76,Camilo Ramírez López,BR,4,Corporate,People,People Analytics,corporate,People,IC2,Professional,Analyst People,HQ-BR-001,CC-BR-COR-01,2412,Permanent,Active,1.0,Male,Preta,true,2019-06-01,false,true,2019-06-01,1995,IC1,Entry,initial,2015-09-01,,2023-03-15,2024-01-14,false,Promotion
267,76,Camilo Ramírez López,BR,56,Retail,Visual Merchandising,Merchandising,retail_ops,Store Operations,IC2,Professional,Analyst Store Operations,STORE-BR-016,CC-BR-RET-04,1389,Permanent,Active,1.0,Male,Preta,true,2019-06-01,false,true,2019-06-01,1995,IC1,Entry,initial,2015-09-01,,2024-01-15,2025-01-14,false,Lateral Move
268,76,Camilo Ramírez López,BR,52,Retail,Regional Operations,Region North,retail_ops,Store Operations,IC2,Professional,Analyst Store Operations,STORE-BR-016,CC-BR-RET-03,2634,Permanent,Active,1.0,Male,Preta,true,2019-06-01,false,true,2019-06-01,1995,IC1,Entry,initial,2015-09-01,,2025-01-15,2026-05-23,false,Reorganization
269,76,Camilo Ramírez López,BR,52,Retail,Regional Operations,Region North,retail_ops,Store Operations,IC2,Professional,Analyst Store Operations,STORE-BR-016,CC-BR-RET-03,2920,Permanent,Active,1.0,Male,Preta,true,2019-06-01,false,true,2019-06-01,1995,IC1,Entry,initial,2015-09-01,,2026-05-24,,true,Manager Change
270,77,Gabriel Torres Oliveira,BR,47,Retail,Store Operations,Cashier,retail_ops,Store Operations,IC2,Professional,Analyst Store Operations,STORE-BR-007,CC-BR-RET-01,136,Permanent,Active,1.0,Female,Parda,true,2019-06-01,false,true,2019-06-01,1985,IC2,Professional,initial,2015-10-01,2022-02-24,2015-10-01,2016-08-20,false,Hire
271,77,Gabriel Torres Oliveira,BR,47,Retail,Store Operations,Cashier,retail_ops,Store Operations,IC2,Professional,Analyst Store Operations,STORE-BR-007,CC-BR-RET-01,129,Permanent,Active,1.0,Female,Parda,true,2019-06-01,false,true,2019-06-01,1985,IC2,Professional,initial,2015-10-01,2022-02-24,2016-08-21,2017-03-16,false,Manager Change
272,77,Gabriel Torres Oliveira,BR,47,Retail,Store Operations,Cashier,retail_ops,Store Operations,IC2,Professional,Analyst Store Operations,STORE-BR-007,CC-BR-RET-01,519,Permanent,Active,1.0,Female,Parda,true,2019-06-01,false,true,2019-06-01,1985,IC2,Professional,initial,2015-10-01,2022-02-24,2017-03-17,2017-03-21,false,Manager Change
273,77,Gabriel Torres Oliveira,BR,47,Retail,Store Operations,Cashier,retail_ops,Store Operations,IC2,Professional,Analyst Store Operations,STORE-BR-007,CC-BR-RET-01,467,Permanent,Active,1.0,Female,Parda,true,2019-06-01,false,true,2019-06-01,1985,IC2,Professional,initial,2015-10-01,2022-02-24,2017-03-22,2021-11-25,false,Manager Change
274,77,Gabriel Torres Oliveira,BR,47,Retail,Store Operations,Cashier,retail_ops,Store Operations,IC2,Professional,Analyst Store Operations,STORE-BR-007,CC-BR-RET-01,1377,Permanent,Active,1.0,Female,Parda,true,2019-06-01,false,true,2019-06-01,1985,IC2,Professional,initial,2015-10-01,2022-02-24,2021-11-26,2022-02-23,false,Manager Change
275,77,Gabriel Torres Oliveira,BR,47,Retail,Store Operations,Cashier,retail_ops,Store Operations,IC2,Professional,Analyst Store Operations,STORE-BR-007,CC-BR-RET-01,1377,Permanent,Terminated,1.0,Female,Parda,true,2019-06-01,false,true,2019-06-01,1985,IC2,Professional,initial,2015-10-01,2022-02-24,2022-02-24,,true,Termination
276,78,André Melo,BR,55,Retail,Visual Merchandising,Store Design,retail_ops,Design,IC1,Entry,Assistant Design,STORE-BR-022,CC-BR-RET-04,112,Permanent,Active,1.0,Male,Nao informado,false,2019-06-01,false,true,2019-06-01,1989,IC1,Entry,initial,2014-02-01,2021-01-27,2014-02-01,2016-02-22,false,Hire
277,78,André Melo,BR,55,Retail,Visual Merchandising,Store Design,retail_ops,Design,IC1,Entry,Assistant Design,STORE-BR-022,CC-BR-RET-04,32,Permanent,Active,1.0,Male,Nao informado,false,2019-06-01,false,true,2019-06-01,1989,IC1,Entry,initial,2014-02-01,2021-01-27,2016-02-23,2017-09-14,false,Manager Change
278,78,André Melo,BR,55,Retail,Visual Merchandising,Store Design,retail_ops,Design,IC2,Professional,Analyst Design,STORE-BR-022,CC-BR-RET-04,586,Permanent,Active,1.0,Male,Nao informado,false,2019-06-01,false,true,2019-06-01,1989,IC1,Entry,initial,2014-02-01,2021-01-27,2017-09-15,2019-07-18,false,Promotion
279,78,André Melo,BR,55,Retail,Visual Merchandising,Store Design,retail_ops,Design,IC2,Professional,Analyst Design,STORE-BR-022,CC-BR-RET-04,960,Permanent,Active,1.0,Male,Nao informado,false,2019-06-01,false,true,2019-06-01,1989,IC1,Entry,initial,2014-02-01,2021-01-27,2019-07-19,2021-01-26,false,Manager Change
280,78,André Melo,BR,55,Retail,Visual Merchandising,Store Design,retail_ops,Design,IC2,Professional,Analyst Design,STORE-BR-022,CC-BR-RET-04,960,Permanent,Terminated,1.0,Male,Nao informado,false,2019-06-01,false,true,2019-06-01,1989,IC1,Entry,initial,2014-02-01,2021-01-27,2021-01-27,,true,Termination
281,79,André Rodrigues Oliveira,BR,50,Retail,Sales,Floor Sales,retail_ops,Sales,M1,Manager,Coordinator Sales,STORE-BR-028,CC-BR-RET-02,65,Permanent,Active,1.0,Male,,false,,,false,,1971,M1,Manager,initial,2015-11-01,2018-04-21,2015-11-01,2018-04-20,false,Hire
282,79,André Rodrigues Oliveira,BR,50,Retail,Sales,Floor Sales,retail_ops,Sales,M1,Manager,Coordinator Sales,STORE-BR-028,CC-BR-RET-02,65,Permanent,Terminated,1.0,Male,,false,,,false,,1971,M1,Manager,initial,2015-11-01,2018-04-21,2018-04-21,,true,Termination
283,80,Ana Souza Sánchez,BR,54,Retail,Regional Operations,Region South,retail_ops,General Management,IC1,Entry,Assistant General Management,STORE-BR-036,CC-BR-RET-03,31,Permanent,Active,1.0,Female,,false,,,false,,1988,IC1,Entry,initial,2013-03-01,2018-02-16,2013-03-01,2018-02-15,false,Hire
284,80,Ana Souza Sánchez,BR,54,Retail,Regional Operations,Region South,retail_ops,General Management,IC1,Entry,Assistant General Management,STORE-BR-036,CC-BR-RET-03,31,Permanent,Terminated,1.0,Female,,false,,,false,,1988,IC1,Entry,initial,2013-03-01,2018-02-16,2018-02-16,,true,Termination
285,81,Vinícius Ferreira Moreira,BR,33,Digital,Product,Product Ops,digital,Product Management,IC3,Professional,Senior Analyst Product Management,HQ-BR-001,CC-BR-DIG-02,192,Permanent,Active,1.0,Male,,false,,,false,,1982,IC3,Professional,initial,2015-12-01,2019-03-19,2015-12-01,2017-09-14,false,Hire
286,81,Vinícius Ferreira Moreira,BR,33,Digital,Product,Product Ops,digital,Product Management,M1,Manager,Coordinator Product Management,HQ-BR-001,CC-BR-DIG-02,281,Permanent,Active,1.0,Male,,false,,,false,,1982,IC3,Professional,initial,2015-12-01,2019-03-19,2017-09-15,2017-12-14,false,Promotion
287,81,Vinícius Ferreira Moreira,BR,20,Corporate,Procurement,Indirect Procurement,corporate,Procurement,M1,Manager,Coordinator Procurement,HQ-BR-001,CC-BR-COR-06,187,Permanent,Active,1.0,Male,,false,,,false,,1982,IC3,Professional,initial,2015-12-01,2019-03-19,2017-12-15,2019-03-18,false,Transfer
288,81,Vinícius Ferreira Moreira,BR,20,Corporate,Procurement,Indirect Procurement,corporate,Procurement,M1,Manager,Coordinator Procurement,HQ-BR-001,CC-BR-COR-06,187,Permanent,Terminated,1.0,Male,,false,,,false,,1982,IC3,Professional,initial,2015-12-01,2019-03-19,2019-03-19,,true,Termination
289,82,Renata Ramírez Gomes,BR,20,Corporate,Procurement,Indirect Procurement,corporate,Procurement,IC4,Senior Professional,Specialist Procurement,HQ-BR-001,CC-BR-COR-06,187,Permanent,Active,1.0,Male,Nao informado,false,2019-06-01,false,true,2019-06-01,1972,IC4,Senior Professional,initial,2013-03-01,,2013-03-01,2018-09-14,false,Hire
290,82,Renata Ramírez Gomes,BR,26,Corporate,Data & Analytics,Data Governance,corporate,Data,IC4,Senior Professional,Specialist Data,HQ-BR-001,CC-BR-COR-08,92,Permanent,Active,1.0,Male,Nao informado,false,2019-06-01,false,true,2019-06-01,1972,IC4,Senior Professional,initial,2013-03-01,,2018-09-15,2025-01-14,false,Lateral Move
291,82,Renata Ramírez Gomes,BR,63,Supply Chain,Procurement,Sourcing,supply,Procurement,IC4,Senior Professional,Specialist Procurement,HQ-BR-001,CC-BR-SUP-03,153,Permanent,Active,1.0,Male,Nao informado,false,2019-06-01,false,true,2019-06-01,1972,IC4,Senior Professional,initial,2013-03-01,,2025-01-15,,true,Reorganization
292,83,Isabella Almeida González,BR,71,Customer,Customer Service,Escalations,customer,Customer Support,IC1,Entry,Assistant Customer Support,SITE-BR-001,CC-BR-CUS-02,242,Permanent,Active,1.0,Male,Preta,true,2019-06-01,false,true,2019-06-01,1985,IC1,Entry,initial,2011-02-01,2020-07-18,2011-02-01,2018-04-14,false,Hire
293,83,Isabella Almeida González,BR,66,Supply Chain,Planning,Supply Planning,supply,Logistics,IC1,Entry,Assistant Logistics,DC-BR-001,CC-BR-SUP-04,556,Permanent,Active,1.0,Male,Preta,true,2019-06-01,false,true,2019-06-01,1985,IC1,Entry,initial,2011-02-01,2020-07-18,2018-04-15,2020-03-14,false,Lateral Move
294,83,Isabella Almeida González,BR,66,Supply Chain,Planning,Supply Planning,supply,Logistics,IC2,Professional,Analyst Logistics,DC-BR-001,CC-BR-SUP-04,9,Permanent,Active,1.0,Male,Preta,true,2019-06-01,false,true,2019-06-01,1985,IC1,Entry,initial,2011-02-01,2020-07-18,2020-03-15,2020-07-17,false,Promotion
295,83,Isabella Almeida González,BR,66,Supply Chain,Planning,Supply Planning,supply,Logistics,IC2,Professional,Analyst Logistics,DC-BR-001,CC-BR-SUP-04,9,Permanent,Terminated,1.0,Male,Preta,true,2019-06-01,false,true,2019-06-01,1985,IC1,Entry,initial,2011-02-01,2020-07-18,2020-07-18,,true,Termination
296,84,Juliana Santos Sánchez,BR,64,Supply Chain,Procurement,Supplier Management,supply,Procurement,IC1,Entry,Assistant Procurement,DC-BR-001,CC-BR-SUP-03,304,Permanent,Active,1.0,Female,Nao informado,false,2019-06-01,false,true,2019-06-01,1993,IC1,Entry,initial,2014-12-01,,2014-12-01,2016-02-18,false,Hire
297,84,Juliana Santos Sánchez,BR,64,Supply Chain,Procurement,Supplier Management,supply,Procurement,IC1,Entry,Assistant Procurement,DC-BR-001,CC-BR-SUP-03,204,Permanent,Active,1.0,Female,Nao informado,false,2019-06-01,false,true,2019-06-01,1993,IC1,Entry,initial,2014-12-01,,2016-02-19,2016-11-27,false,Manager Change
298,84,Juliana Santos Sánchez,BR,64,Supply Chain,Procurement,Supplier Management,supply,Procurement,IC1,Entry,Assistant Procurement,DC-BR-001,CC-BR-SUP-03,318,Permanent,Active,1.0,Female,Nao informado,false,2019-06-01,false,true,2019-06-01,1993,IC1,Entry,initial,2014-12-01,,2016-11-28,2018-06-20,false,Manager Change
299,84,Juliana Santos Sánchez,BR,64,Supply Chain,Procurement,Supplier Management,supply,Procurement,IC1,Entry,Assistant Procurement,DC-BR-001,CC-BR-SUP-03,780,Permanent,Active,1.0,Female,Nao informado,false,2019-06-01,false,true,2019-06-01,1993,IC1,Entry,initial,2014-12-01,,2018-06-21,2019-10-14,false,Manager Change
300,84,Juliana Santos Sánchez,BR,20,Corporate,Procurement,Indirect Procurement,corporate,Procurement,IC1,Entry,Assistant Procurement,HQ-BR-001,CC-BR-COR-06,195,Permanent,Active,1.0,Female,Nao informado,false,2019-06-01,false,true,2019-06-01,1993,IC1,Entry,initial,2014-12-01,,2019-10-15,2022-03-23,false,Lateral Move
301,84,Juliana Santos Sánchez,BR,20,Corporate,Procurement,Indirect Procurement,corporate,Procurement,IC1,Entry,Assistant Procurement,HQ-BR-001,CC-BR-COR-06,1271,Permanent,Active,1.0,Female,Nao informado,false,2019-06-01,false,true,2019-06-01,1993,IC1,Entry,initial,2014-12-01,,2022-03-24,2022-11-14,false,Manager Change
302,84,Juliana Santos Sánchez,BR,19,Corporate,Strategy,PMO,corporate,Strategy,IC1,Entry,Assistant Strategy,HQ-BR-001,CC-BR-COR-05,1188,Permanent,Active,1.0,Female,Nao informado,false,2019-06-01,false,true,2019-06-01,1993,IC1,Entry,initial,2014-12-01,,2022-11-15,2025-01-14,false,Transfer
303,84,Juliana Santos Sánchez,BR,65,Supply Chain,Planning,Demand Planning,supply,Logistics,IC1,Entry,Assistant Logistics,HQ-BR-001,CC-BR-SUP-04,3489,Permanent,Active,1.0,Female,Nao informado,false,2019-06-01,false,true,2019-06-01,1993,IC1,Entry,initial,2014-12-01,,2025-01-15,,true,Reorganization
304,85,Camilo Ribeiro Martínez,BR,54,Retail,Regional Operations,Region South,retail_ops,Store Operations,IC1,Entry,Assistant Store Operations,STORE-BR-027,CC-BR-RET-03,35,Permanent,Active,1.0,Female,Parda,true,2019-06-01,false,true,2019-06-01,1993,IC1,Entry,initial,2013-10-01,,2013-10-01,2016-01-14,false,Hire
305,85,Camilo Ribeiro Martínez,BR,51,Retail,Sales,Key Accounts,retail_ops,Sales,IC1,Entry,Assistant Sales,STORE-BR-038,CC-BR-RET-02,7,Permanent,Active,1.0,Female,Parda,true,2019-06-01,false,true,2019-06-01,1993,IC1,Entry,initial,2013-10-01,,2016-01-15,2017-02-24,false,Transfer
306,85,Camilo Ribeiro Martínez,BR,51,Retail,Sales,Key Accounts,retail_ops,Sales,IC1,Entry,Assistant Sales,STORE-BR-038,CC-BR-RET-02,391,Permanent,Active,1.0,Female,Parda,true,2019-06-01,false,true,2019-06-01,1993,IC1,Entry,initial,2013-10-01,,2017-02-25,2020-03-14,false,Manager Change
307,85,Camilo Ribeiro Martínez,BR,51,Retail,Sales,Key Accounts,retail_ops,Sales,IC2,Professional,Analyst Sales,STORE-BR-038,CC-BR-RET-02,160,Permanent,Active,1.0,Female,Parda,true,2019-06-01,false,true,2019-06-01,1993,IC1,Entry,initial,2013-10-01,,2020-03-15,2025-01-14,false,Promotion
308,85,Camilo Ribeiro Martínez,BR,11,Corporate,Legal,Compliance,corporate,Legal,IC2,Professional,Analyst Legal,STORE-BR-038,CC-BR-COR-03,75,Permanent,Active,1.0,Female,Parda,true,2019-06-01,false,true,2019-06-01,1993,IC1,Entry,initial,2013-10-01,,2025-01-15,2026-03-14,false,Reorganization
309,85,Camilo Ribeiro Martínez,BR,11,Corporate,Legal,Compliance,corporate,Legal,IC3,Professional,Senior Analyst Legal,STORE-BR-038,CC-BR-COR-03,3479,Permanent,Active,1.0,Female,Parda,true,2019-06-01,false,true,2019-06-01,1993,IC1,Entry,initial,2013-10-01,,2026-03-15,,true,Promotion
310,86,Thiago Rodrigues Moreira,BR,29,Digital,Engineering,Frontend,digital,Software Engineering,IC4,Senior Professional,Specialist Software Engineering,HQ-BR-001,CC-BR-DIG-01,67,Permanent,Active,1.0,Female,Nao informado,false,2019-06-01,false,true,2019-06-01,1970,IC4,Senior Professional,initial,2014-05-01,,2014-05-01,2016-01-26,false,Hire
311,86,Thiago Rodrigues Moreira,BR,29,Digital,Engineering,Frontend,digital,Software Engineering,IC4,Senior Professional,Specialist Software Engineering,HQ-BR-001,CC-BR-DIG-01,177,Permanent,Active,1.0,Female,Nao informado,false,2019-06-01,false,true,2019-06-01,1970,IC4,Senior Professional,initial,2014-05-01,,2016-01-27,2025-01-14,false,Manager Change
312,86,Thiago Rodrigues Moreira,BR,50,Retail,Sales,Floor Sales,retail_ops,Sales,IC4,Senior Professional,Specialist Sales,HQ-BR-001,CC-BR-RET-02,570,Permanent,Active,1.0,Female,Nao informado,false,2019-06-01,false,true,2019-06-01,1970,IC4,Senior Professional,initial,2014-05-01,,2025-01-15,2025-03-14,false,Reorganization
313,86,Thiago Rodrigues Moreira,BR,21,Corporate,Procurement,Contracts,corporate,Procurement,IC4,Senior Professional,Specialist Procurement,HQ-BR-001,CC-BR-COR-06,960,Permanent,Active,1.0,Female,Nao informado,false,2019-06-01,false,true,2019-06-01,1970,IC4,Senior Professional,initial,2014-05-01,,2025-03-15,,true,Lateral Move
314,87,Carla Almeida García,BR,68,Customer,Customer Experience,Voice of Customer,customer,Design,IC1,Entry,Assistant Design,SITE-BR-003,CC-BR-CUS-01,329,Permanent,Active,1.0,Male,,false,,,false,,1994,IC1,Entry,initial,2014-08-01,2017-05-27,2014-08-01,2016-08-26,false,Hire
315,87,Carla Almeida García,BR,68,Customer,Customer Experience,Voice of Customer,customer,Design,IC1,Entry,Assistant Design,SITE-BR-003,CC-BR-CUS-01,90,Permanent,Active,1.0,Male,,false,,,false,,1994,IC1,Entry,initial,2014-08-01,2017-05-27,2016-08-27,2017-05-26,false,Manager Change
316,87,Carla Almeida García,BR,68,Customer,Customer Experience,Voice of Customer,customer,Design,IC1,Entry,Assistant Design,SITE-BR-003,CC-BR-CUS-01,90,Permanent,Terminated,1.0,Male,,false,,,false,,1994,IC1,Entry,initial,2014-08-01,2017-05-27,2017-05-27,,true,Termination
317,88,Santiago Ferreira Flores,BR,21,Corporate,Procurement,Contracts,corporate,Procurement,IC2,Professional,Analyst Procurement,HQ-BR-001,CC-BR-COR-06,138,Permanent,Active,1.0,Male,,false,,,false,,1991,IC2,Professional,initial,2015-04-01,2019-05-24,2015-04-01,2019-05-23,false,Hire
318,88,Santiago Ferreira Flores,BR,21,Corporate,Procurement,Contracts,corporate,Procurement,IC2,Professional,Analyst Procurement,HQ-BR-001,CC-BR-COR-06,138,Permanent,Terminated,1.0,Male,,false,,,false,,1991,IC2,Professional,initial,2015-04-01,2019-05-24,2019-05-24,,true,Termination
319,89,Daniela Rodrigues Rodríguez,BR,7,Corporate,Finance,Treasury,corporate,Finance,IC2,Professional,Analyst Finance,HQ-BR-001,CC-BR-COR-02,27,Permanent,Active,1.0,Male,Amarela,true,2019-06-01,false,true,2019-06-01,1992,IC2,Professional,initial,2014-01-01,,2014-01-01,2016-03-14,false,Hire
320,89,Daniela Rodrigues Rodríguez,BR,7,Corporate,Finance,Treasury,corporate,Finance,IC3,Professional,Senior Analyst Finance,HQ-BR-001,CC-BR-COR-02,218,Permanent,Active,1.0,Male,Amarela,true,2019-06-01,false,true,2019-06-01,1992,IC2,Professional,initial,2014-01-01,,2016-03-15,2018-08-14,false,Promotion
321,89,Daniela Rodrigues Rodríguez,BR,47,Retail,Store Operations,Cashier,retail_ops,Store Operations,IC3,Professional,Senior Analyst Store Operations,STORE-BR-005,CC-BR-RET-01,467,Permanent,Active,1.0,Male,Amarela,true,2019-06-01,false,true,2019-06-01,1992,IC2,Professional,initial,2014-01-01,,2018-08-15,2021-11-25,false,Lateral Move
322,89,Daniela Rodrigues Rodríguez,BR,47,Retail,Store Operations,Cashier,retail_ops,Store Operations,IC3,Professional,Senior Analyst Store Operations,STORE-BR-005,CC-BR-RET-01,1152,Permanent,Active,1.0,Male,Amarela,true,2019-06-01,false,true,2019-06-01,1992,IC2,Professional,initial,2014-01-01,,2021-11-26,2022-03-14,false,Manager Change
323,89,Daniela Rodrigues Rodríguez,BR,57,Supply Chain,Logistics,Transportation,supply,Logistics,IC3,Professional,Senior Analyst Logistics,DC-BR-001,CC-BR-SUP-01,1784,Permanent,Active,1.0,Male,Amarela,true,2019-06-01,false,true,2019-06-01,1992,IC2,Professional,initial,2014-01-01,,2022-03-15,2025-01-14,false,Transfer
324,89,Daniela Rodrigues Rodríguez,BR,34,Digital,Data,Data Engineering,digital,Data,IC3,Professional,Senior Analyst Data,DC-BR-001,CC-BR-DIG-03,3268,Permanent,Active,1.0,Male,Amarela,true,2019-06-01,false,true,2019-06-01,1992,IC2,Professional,initial,2014-01-01,,2025-01-15,2025-11-14,false,Reorganization
325,89,Daniela Rodrigues Rodríguez,BR,52,Retail,Regional Operations,Region North,retail_ops,Store Operations,IC3,Professional,Senior Analyst Store Operations,STORE-BR-034,CC-BR-RET-03,2338,Permanent,Active,1.0,Male,Amarela,true,2019-06-01,false,true,2019-06-01,1992,IC2,Professional,initial,2014-01-01,,2025-11-15,2026-01-19,false,Transfer
326,89,Daniela Rodrigues Rodríguez,BR,52,Retail,Regional Operations,Region North,retail_ops,Store Operations,IC3,Professional,Senior Analyst Store Operations,STORE-BR-034,CC-BR-RET-03,607,Permanent,Active,1.0,Male,Amarela,true,2019-06-01,false,true,2019-06-01,1992,IC2,Professional,initial,2014-01-01,,2026-01-20,,true,Manager Change
327,90,Priscila Rodríguez Melo,BR,67,Customer,Customer Experience,CX Design,customer,Design,IC2,Professional,Analyst Design,SITE-BR-001,CC-BR-CUS-01,194,Permanent,Active,1.0,Female,Branca,true,2019-06-01,false,true,2019-06-01,1985,IC2,Professional,initial,2011-08-01,2020-12-16,2011-08-01,2019-03-14,false,Hire
328,90,Priscila Rodríguez Melo,BR,67,Customer,Customer Experience,CX Design,customer,Design,IC3,Professional,Senior Analyst Design,SITE-BR-001,CC-BR-CUS-01,516,Permanent,Active,1.0,Female,Branca,true,2019-06-01,false,true,2019-06-01,1985,IC2,Professional,initial,2011-08-01,2020-12-16,2019-03-15,2020-12-15,false,Promotion
329,90,Priscila Rodríguez Melo,BR,67,Customer,Customer Experience,CX Design,customer,Design,IC3,Professional,Senior Analyst Design,SITE-BR-001,CC-BR-CUS-01,516,Permanent,Terminated,1.0,Female,Branca,true,2019-06-01,false,true,2019-06-01,1985,IC2,Professional,initial,2011-08-01,2020-12-16,2020-12-16,,true,Termination
330,91,Eduardo Nunes Souza,BR,46,Retail,Store Operations,Store Management,retail_ops,Store Operations,IC1,Entry,Assistant Store Operations,STORE-BR-043,CC-BR-RET-01,127,Permanent,Active,0.5,Male,Branca,true,2019-06-01,true,true,2019-06-01,1992,IC1,Entry,initial,2013-02-01,2021-04-17,2013-02-01,2017-03-16,false,Hire
331,91,Eduardo Nunes Souza,BR,46,Retail,Store Operations,Store Management,retail_ops,Store Operations,IC1,Entry,Assistant Store Operations,STORE-BR-043,CC-BR-RET-01,308,Permanent,Active,0.5,Male,Branca,true,2019-06-01,true,true,2019-06-01,1992,IC1,Entry,initial,2013-02-01,2021-04-17,2017-03-17,2021-04-16,false,Manager Change
332,91,Eduardo Nunes Souza,BR,46,Retail,Store Operations,Store Management,retail_ops,Store Operations,IC1,Entry,Assistant Store Operations,STORE-BR-043,CC-BR-RET-01,308,Permanent,Terminated,0.5,Male,Branca,true,2019-06-01,true,true,2019-06-01,1992,IC1,Entry,initial,2013-02-01,2021-04-17,2021-04-17,,true,Termination
333,92,Letícia Martínez Gomes,BR,25,Corporate,Data & Analytics,Business Intelligence,corporate,Data,IC4,Senior Professional,Specialist Data,HQ-BR-001,CC-BR-COR-08,196,Permanent,Active,1.0,Female,Branca,true,2019-06-01,false,true,2019-06-01,1974,IC4,Senior Professional,initial,2014-07-01,2026-01-22,2014-07-01,2018-03-14,false,Hire
334,92,Letícia Martínez Gomes,BR,25,Corporate,Data & Analytics,Business Intelligence,corporate,Data,M1,Manager,Coordinator Data,HQ-BR-001,CC-BR-COR-08,509,Permanent,Active,1.0,Female,Branca,true,2019-06-01,false,true,2019-06-01,1974,IC4,Senior Professional,initial,2014-07-01,2026-01-22,2018-03-15,2020-04-17,false,Promotion
335,92,Letícia Martínez Gomes,BR,25,Corporate,Data & Analytics,Business Intelligence,corporate,Data,M1,Manager,Coordinator Data,HQ-BR-001,CC-BR-COR-08,687,Permanent,Active,1.0,Female,Branca,true,2019-06-01,false,true,2019-06-01,1974,IC4,Senior Professional,initial,2014-07-01,2026-01-22,2020-04-18,2025-01-14,false,Manager Change
336,92,Letícia Martínez Gomes,BR,50,Retail,Sales,Floor Sales,retail_ops,Sales,M1,Manager,Coordinator Sales,HQ-BR-001,CC-BR-RET-02,1093,Permanent,Active,1.0,Female,Branca,true,2019-06-01,false,true,2019-06-01,1974,IC4,Senior Professional,initial,2014-07-01,2026-01-22,2025-01-15,2026-01-21,false,Reorganization
337,92,Letícia Martínez Gomes,BR,50,Retail,Sales,Floor Sales,retail_ops,Sales,M1,Manager,Coordinator Sales,HQ-BR-001,CC-BR-RET-02,1093,Permanent,Terminated,1.0,Female,Branca,true,2019-06-01,false,true,2019-06-01,1974,IC4,Senior Professional,initial,2014-07-01,2026-01-22,2026-01-22,,true,Termination
338,93,Thiago López Melo,BR,71,Customer,Customer Service,Escalations,customer,Customer Support,IC1,Entry,Assistant Customer Support,SITE-BR-003,CC-BR-CUS-02,4,Permanent,Active,0.75,Female,Preta,true,2019-06-01,false,true,2019-06-01,1992,IC1,Entry,initial,2015-09-01,,2015-09-01,2017-04-27,false,Hire
339,93,Thiago López Melo,BR,71,Customer,Customer Service,Escalations,customer,Customer Support,IC1,Entry,Assistant Customer Support,SITE-BR-003,CC-BR-CUS-02,189,Permanent,Active,0.75,Female,Preta,true,2019-06-01,false,true,2019-06-01,1992,IC1,Entry,initial,2015-09-01,,2017-04-28,2019-09-14,false,Manager Change
340,93,Thiago López Melo,BR,71,Customer,Customer Service,Escalations,customer,Customer Support,IC2,Professional,Analyst Customer Support,SITE-BR-003,CC-BR-CUS-02,242,Permanent,Active,0.75,Female,Preta,true,2019-06-01,false,true,2019-06-01,1992,IC1,Entry,initial,2015-09-01,,2019-09-15,2023-04-14,false,Promotion
341,93,Thiago López Melo,BR,54,Retail,Regional Operations,Region South,retail_ops,Store Operations,IC2,Professional,Analyst Store Operations,SITE-BR-003,CC-BR-RET-03,518,Permanent,Active,0.75,Female,Preta,true,2019-06-01,false,true,2019-06-01,1992,IC1,Entry,initial,2015-09-01,,2023-04-15,2025-01-14,false,Reorganization
342,93,Thiago López Melo,BR,46,Retail,Store Operations,Store Management,retail_ops,Store Operations,IC2,Professional,Analyst Store Operations,SITE-BR-003,CC-BR-RET-01,1383,Permanent,Active,0.75,Female,Preta,true,2019-06-01,false,true,2019-06-01,1992,IC1,Entry,initial,2015-09-01,,2025-01-15,,true,Reorganization
343,94,Priscila Flores Ramírez,BR,48,Retail,Store Operations,Stockroom,retail_ops,Store Operations,IC1,Entry,Assistant Store Operations,STORE-BR-022,CC-BR-RET-01,184,Permanent,Active,0.5,Male,Parda,true,2019-06-01,false,true,2019-06-01,1992,IC1,Entry,initial,2016-01-01,,2016-01-01,2016-01-17,false,Hire
344,94,Priscila Flores Ramírez,BR,48,Retail,Store Operations,Stockroom,retail_ops,Store Operations,IC1,Entry,Assistant Store Operations,STORE-BR-022,CC-BR-RET-01,316,Permanent,Active,0.5,Male,Parda,true,2019-06-01,false,true,2019-06-01,1992,IC1,Entry,initial,2016-01-01,,2016-01-18,2021-06-14,false,Manager Change
345,94,Priscila Flores Ramírez,BR,23,Corporate,Risk,Risk Management,corporate,Risk & Compliance,IC1,Entry,Assistant Risk & Compliance,HQ-BR-001,CC-BR-COR-07,117,Permanent,Active,0.5,Male,Parda,true,2019-06-01,false,true,2019-06-01,1992,IC1,Entry,initial,2016-01-01,,2021-06-15,2023-04-14,false,Lateral Move
346,94,Priscila Flores Ramírez,BR,56,Retail,Visual Merchandising,Merchandising,retail_ops,Design,IC1,Entry,Assistant Design,HQ-BR-001,CC-BR-RET-04,272,Permanent,Active,0.5,Male,Parda,true,2019-06-01,false,true,2019-06-01,1992,IC1,Entry,initial,2016-01-01,,2023-04-15,2025-01-14,false,Reorganization
347,94,Priscila Flores Ramírez,BR,72,Customer,Customer Operations,Order Support,customer,Customer Support,IC1,Entry,Assistant Customer Support,HQ-BR-001,CC-BR-CUS-03,765,Permanent,Active,0.5,Male,Parda,true,2019-06-01,false,true,2019-06-01,1992,IC1,Entry,initial,2016-01-01,,2025-01-15,,true,Reorganization
348,95,José Torres Pérez,BR,53,Retail,Regional Operations,Region Southeast,retail_ops,Store Operations,IC1,Entry,Assistant Store Operations,STORE-BR-007,CC-BR-RET-03,111,Permanent,Active,0.75,Female,Nao informado,false,2019-06-01,false,true,2019-06-01,1984,IC1,Entry,initial,2011-09-01,,2011-09-01,2016-09-25,false,Hire
349,95,José Torres Pérez,BR,53,Retail,Regional Operations,Region Southeast,retail_ops,Store Operations,IC1,Entry,Assistant Store Operations,STORE-BR-007,CC-BR-RET-03,251,Permanent,Active,0.75,Female,Nao informado,false,2019-06-01,false,true,2019-06-01,1984,IC1,Entry,initial,2011-09-01,,2016-09-26,2025-01-14,false,Manager Change
350,95,José Torres Pérez,BR,3,Corporate,People,Compensation & Benefits,corporate,People,IC1,Entry,Assistant People,STORE-BR-007,CC-BR-COR-01,2695,Permanent,Active,0.75,Female,Nao informado,false,2019-06-01,false,true,2019-06-01,1984,IC1,Entry,initial,2011-09-01,,2025-01-15,,true,Reorganization
351,96,André Pérez Alves,BR,55,Retail,Visual Merchandising,Store Design,retail_ops,Design,IC1,Entry,Assistant Design,STORE-BR-043,CC-BR-RET-04,142,Permanent,Active,1.0,Female,Branca,true,2019-06-01,,false,,1989,IC1,Entry,initial,2013-08-01,2019-12-16,2013-08-01,2019-08-18,false,Hire
352,96,André Pérez Alves,BR,55,Retail,Visual Merchandising,Store Design,retail_ops,Design,IC1,Entry,Assistant Design,STORE-BR-043,CC-BR-RET-04,200,Permanent,Active,1.0,Female,Branca,true,2019-06-01,,false,,1989,IC1,Entry,initial,2013-08-01,2019-12-16,2019-08-19,2019-12-15,false,Manager Change
353,96,André Pérez Alves,BR,55,Retail,Visual Merchandising,Store Design,retail_ops,Design,IC1,Entry,Assistant Design,STORE-BR-043,CC-BR-RET-04,200,Permanent,Terminated,1.0,Female,Branca,true,2019-06-01,,false,,1989,IC1,Entry,initial,2013-08-01,2019-12-16,2019-12-16,,true,Termination
354,97,Diego Flores Ferreira,BR,30,Digital,Engineering,Mobile,digital,Software Engineering,IC1,Entry,Assistant Software Engineering,HQ-BR-001,CC-BR-DIG-01,214,Permanent,Active,1.0,Female,,false,,,false,,1988,IC1,Entry,initial,2013-12-01,2017-04-21,2013-12-01,2017-04-20,false,Hire
355,97,Diego Flores Ferreira,BR,30,Digital,Engineering,Mobile,digital,Software Engineering,IC1,Entry,Assistant Software Engineering,HQ-BR-001,CC-BR-DIG-01,214,Permanent,Terminated,1.0,Female,,false,,,false,,1988,IC1,Entry,initial,2013-12-01,2017-04-21,2017-04-21,,true,Termination
356,98,Isabella García Martins,BR,53,Retail,Regional Operations,Region Southeast,retail_ops,Store Operations,M1,Manager,Coordinator Store Operations,STORE-BR-010,CC-BR-RET-03,65,Permanent,Active,1.0,Female,,false,,,false,,1979,M1,Manager,initial,2014-04-01,2018-09-18,2014-04-01,2018-09-17,false,Hire
357,98,Isabella García Martins,BR,53,Retail,Regional Operations,Region Southeast,retail_ops,Store Operations,M1,Manager,Coordinator Store Operations,STORE-BR-010,CC-BR-RET-03,65,Permanent,Terminated,1.0,Female,,false,,,false,,1979,M1,Manager,initial,2014-04-01,2018-09-18,2018-09-18,,true,Termination
358,99,Aline Melo Lima,BR,49,Retail,Store Operations,Security,retail_ops,Store Operations,M1,Manager,Coordinator Store Operations,STORE-BR-017,CC-BR-RET-01,65,Permanent,Active,1.0,Male,,false,,,false,,1972,M1,Manager,initial,2015-09-01,2016-01-23,2015-09-01,2016-01-22,false,Hire
359,99,Aline Melo Lima,BR,49,Retail,Store Operations,Security,retail_ops,Store Operations,M1,Manager,Coordinator Store Operations,STORE-BR-017,CC-BR-RET-01,65,Permanent,Terminated,1.0,Male,,false,,,false,,1972,M1,Manager,initial,2015-09-01,2016-01-23,2016-01-23,,true,Termination
360,100,Rodrigo Flores Ferreira,BR,7,Corporate,Finance,Treasury,corporate,Finance,IC2,Professional,Analyst Finance,HQ-BR-001,CC-BR-COR-02,254,Permanent,Active,1.0,Female,Branca,true,2019-06-01,false,true,2019-06-01,1988,IC2,Professional,initial,2011-09-01,,2011-09-01,2023-04-14,false,Hire
361,100,Rodrigo Flores Ferreira,BR,75,Marketplace,Marketplace Operations,Quality,digital,Marketplace Operations,IC2,Professional,Analyst Marketplace Operations,HQ-BR-001,CC-BR-MKT-01,2427,Permanent,Active,1.0,Female,Branca,true,2019-06-01,false,true,2019-06-01,1988,IC2,Professional,initial,2011-09-01,,2023-04-15,2023-09-14,false,Transfer
362,100,Rodrigo Flores Ferreira,BR,75,Marketplace,Marketplace Operations,Quality,digital,Marketplace Operations,IC3,Professional,Senior Analyst Marketplace Operations,HQ-BR-001,CC-BR-MKT-01,2625,Permanent,Active,1.0,Female,Branca,true,2019-06-01,false,true,2019-06-01,1988,IC2,Professional,initial,2011-09-01,,2023-09-15,2024-03-14,false,Promotion
363,100,Rodrigo Flores Ferreira,BR,75,Marketplace,Marketplace Operations,Quality,digital,Marketplace Operations,M1,Manager,Coordinator Marketplace Operations,HQ-BR-001,CC-BR-MKT-01,493,Permanent,Active,1.0,Female,Branca,true,2019-06-01,false,true,2019-06-01,1988,IC2,Professional,initial,2011-09-01,,2024-03-15,2025-01-14,false,Promotion
364,100,Rodrigo Flores Ferreira,BR,60,Supply Chain,Distribution Centers,Inbound,supply,Warehouse,M1,Manager,Coordinator Warehouse,HQ-BR-001,CC-BR-SUP-02,1837,Permanent,Active,1.0,Female,Branca,true,2019-06-01,false,true,2019-06-01,1988,IC2,Professional,initial,2011-09-01,,2025-01-15,,true,Reorganization
365,101,Beatriz García González,BR,9,Corporate,Finance,FP&A,corporate,Finance,IC1,Entry,Assistant Finance,HQ-BR-001,CC-BR-COR-02,100,Permanent,Active,1.0,Male,Amarela,true,2019-06-01,false,true,2019-06-01,1988,IC1,Entry,initial,2012-10-01,,2012-10-01,2017-07-14,false,Hire
366,101,Beatriz García González,BR,72,Customer,Customer Operations,Order Support,customer,Customer Support,IC1,Entry,Assistant Customer Support,SITE-BR-002,CC-BR-CUS-03,550,Permanent,Active,1.0,Male,Amarela,true,2019-06-01,false,true,2019-06-01,1988,IC1,Entry,initial,2012-10-01,,2017-07-15,2018-01-20,false,Lateral Move
367,101,Beatriz García González,BR,72,Customer,Customer Operations,Order Support,customer,Customer Support,IC1,Entry,Assistant Customer Support,SITE-BR-002,CC-BR-CUS-03,624,Permanent,Active,1.0,Male,Amarela,true,2019-06-01,false,true,2019-06-01,1988,IC1,Entry,initial,2012-10-01,,2018-01-21,2018-08-26,false,Manager Change
368,101,Beatriz García González,BR,72,Customer,Customer Operations,Order Support,customer,Customer Support,IC1,Entry,Assistant Customer Support,SITE-BR-002,CC-BR-CUS-03,288,Permanent,Active,1.0,Male,Amarela,true,2019-06-01,false,true,2019-06-01,1988,IC1,Entry,initial,2012-10-01,,2018-08-27,2018-10-14,false,Manager Change
369,101,Beatriz García González,BR,53,Retail,Regional Operations,Region Southeast,retail_ops,Store Operations,IC1,Entry,Assistant Store Operations,STORE-BR-029,CC-BR-RET-03,395,Permanent,Active,1.0,Male,Amarela,true,2019-06-01,false,true,2019-06-01,1988,IC1,Entry,initial,2012-10-01,,2018-10-15,2021-03-14,false,Transfer
370,101,Beatriz García González,BR,53,Retail,Regional Operations,Region Southeast,retail_ops,Store Operations,IC2,Professional,Analyst Store Operations,STORE-BR-029,CC-BR-RET-03,12,Permanent,Active,1.0,Male,Amarela,true,2019-06-01,false,true,2019-06-01,1988,IC1,Entry,initial,2012-10-01,,2021-03-15,2024-03-14,false,Promotion
371,101,Beatriz García González,BR,53,Retail,Regional Operations,Region Southeast,retail_ops,Store Operations,IC3,Professional,Senior Analyst Store Operations,STORE-BR-029,CC-BR-RET-03,27,Permanent,Active,1.0,Male,Amarela,true,2019-06-01,false,true,2019-06-01,1988,IC1,Entry,initial,2012-10-01,,2024-03-15,2024-08-14,false,Promotion
372,101,Beatriz García González,AR,128,Retail,Store Operations,Security,retail_ops,Store Operations,IC3,Professional,Senior Analyst Store Operations,STORE-AR-004,CC-AR-RET-01,977,Permanent,Active,1.0,Male,Amarela,true,2019-06-01,false,true,2019-06-01,1988,IC1,Entry,initial,2012-10-01,,2024-08-15,2025-01-14,false,Transfer
373,101,Beatriz García González,AR,135,Retail,Visual Merchandising,Merchandising,retail_ops,Store Operations,IC3,Professional,Senior Analyst Store Operations,STORE-AR-004,CC-AR-RET-04,1314,Permanent,Active,1.0,Male,Amarela,true,2019-06-01,false,true,2019-06-01,1988,IC1,Entry,initial,2012-10-01,,2025-01-15,,true,Reorganization
374,102,Priscila Gomes García,BR,67,Customer,Customer Experience,CX Design,customer,Design,IC1,Entry,Assistant Design,SITE-BR-004,CC-BR-CUS-01,90,Permanent,Active,1.0,Male,Parda,true,2019-06-01,false,true,2019-06-01,1989,IC1,Entry,initial,2014-04-01,2024-11-25,2014-04-01,2019-11-14,false,Hire
375,102,Priscila Gomes García,MX,370,Retail,Regional Operations,Region South,retail_ops,Store Operations,IC1,Entry,Assistant Store Operations,STORE-MX-001,CC-MX-RET-03,1141,Permanent,Active,1.0,Male,Parda,true,2019-06-01,false,true,2019-06-01,1989,IC1,Entry,initial,2014-04-01,2024-11-25,2019-11-15,2021-08-23,false,Transfer
376,102,Priscila Gomes García,MX,370,Retail,Regional Operations,Region South,retail_ops,Store Operations,IC1,Entry,Assistant Store Operations,STORE-MX-001,CC-MX-RET-03,751,Permanent,Active,1.0,Male,Parda,true,2019-06-01,false,true,2019-06-01,1989,IC1,Entry,initial,2014-04-01,2024-11-25,2021-08-24,2023-03-21,false,Manager Change
377,102,Priscila Gomes García,MX,370,Retail,Regional Operations,Region South,retail_ops,Store Operations,IC1,Entry,Assistant Store Operations,STORE-MX-001,CC-MX-RET-03,1936,Permanent,Active,1.0,Male,Parda,true,2019-06-01,false,true,2019-06-01,1989,IC1,Entry,initial,2014-04-01,2024-11-25,2023-03-22,2023-04-14,false,Manager Change
378,102,Priscila Gomes García,MX,386,Customer,Customer Service,Chat,customer,Customer Support,IC1,Entry,Assistant Customer Support,STORE-MX-001,CC-MX-CUS-02,2325,Permanent,Active,1.0,Male,Parda,true,2019-06-01,false,true,2019-06-01,1989,IC1,Entry,initial,2014-04-01,2024-11-25,2023-04-15,2024-11-24,false,Reorganization
379,102,Priscila Gomes García,MX,386,Customer,Customer Service,Chat,customer,Customer Support,IC1,Entry,Assistant Customer Support,STORE-MX-001,CC-MX-CUS-02,2325,Permanent,Terminated,1.0,Male,Parda,true,2019-06-01,false,true,2019-06-01,1989,IC1,Entry,initial,2014-04-01,2024-11-25,2024-11-25,,true,Termination
380,103,Diego Gomes Ferreira,BR,72,Customer,Customer Operations,Order Support,customer,Logistics,IC1,Entry,Assistant Logistics,SITE-BR-003,CC-BR-CUS-03,165,Permanent,Active,1.0,Male,,false,,,false,,1993,IC1,Entry,initial,2015-10-01,2017-01-28,2015-10-01,2017-01-27,false,Hire
381,103,Diego Gomes Ferreira,BR,72,Customer,Customer Operations,Order Support,customer,Logistics,IC1,Entry,Assistant Logistics,SITE-BR-003,CC-BR-CUS-03,165,Permanent,Terminated,1.0,Male,,false,,,false,,1993,IC1,Entry,initial,2015-10-01,2017-01-28,2017-01-28,,true,Termination
382,104,Rafael Lima Ferreira,BR,54,Retail,Regional Operations,Region South,retail_ops,General Management,IC1,Entry,Assistant General Management,STORE-BR-003,CC-BR-RET-03,146,Permanent,Active,1.0,Female,,false,,,false,,1988,IC1,Entry,initial,2015-01-01,2017-06-25,2015-01-01,2016-01-14,false,Hire
383,104,Rafael Lima Ferreira,BR,67,Customer,Customer Experience,CX Design,customer,Design,IC1,Entry,Assistant Design,SITE-BR-004,CC-BR-CUS-01,90,Permanent,Active,1.0,Female,,false,,,false,,1988,IC1,Entry,initial,2015-01-01,2017-06-25,2016-01-15,2017-06-24,false,Transfer
384,104,Rafael Lima Ferreira,BR,67,Customer,Customer Experience,CX Design,customer,Design,IC1,Entry,Assistant Design,SITE-BR-004,CC-BR-CUS-01,90,Permanent,Terminated,1.0,Female,,false,,,false,,1988,IC1,Entry,initial,2015-01-01,2017-06-25,2017-06-25,,true,Termination
385,105,Camilo Ramírez Costa,BR,7,Corporate,Finance,Treasury,corporate,Finance,IC1,Entry,Assistant Finance,HQ-BR-001,CC-BR-COR-02,296,Permanent,Active,1.0,Female,Amarela,true,2019-06-01,false,true,2019-06-01,1986,IC1,Entry,initial,2007-10-01,,2007-10-01,2018-03-26,false,Hire
386,105,Camilo Ramírez Costa,BR,7,Corporate,Finance,Treasury,corporate,Finance,IC1,Entry,Assistant Finance,HQ-BR-001,CC-BR-COR-02,605,Permanent,Active,1.0,Female,Amarela,true,2019-06-01,false,true,2019-06-01,1986,IC1,Entry,initial,2007-10-01,,2018-03-27,2018-05-24,false,Manager Change
387,105,Camilo Ramírez Costa,BR,7,Corporate,Finance,Treasury,corporate,Finance,IC1,Entry,Assistant Finance,HQ-BR-001,CC-BR-COR-02,28,Permanent,Active,1.0,Female,Amarela,true,2019-06-01,false,true,2019-06-01,1986,IC1,Entry,initial,2007-10-01,,2018-05-25,2024-10-14,false,Manager Change
388,105,Camilo Ramírez Costa,BR,74,Marketplace,Marketplace Operations,Onboarding,digital,Marketplace Operations,IC1,Entry,Assistant Marketplace Operations,HQ-BR-001,CC-BR-MKT-01,2661,Permanent,Active,1.0,Female,Amarela,true,2019-06-01,false,true,2019-06-01,1986,IC1,Entry,initial,2007-10-01,,2024-10-15,2025-01-14,false,Transfer
389,105,Camilo Ramírez Costa,BR,39,Digital,UX,Design System,digital,Design,IC1,Entry,Assistant Design,HQ-BR-001,CC-BR-DIG-04,2451,Permanent,Active,1.0,Female,Amarela,true,2019-06-01,false,true,2019-06-01,1986,IC1,Entry,initial,2007-10-01,,2025-01-15,2026-03-14,false,Reorganization
390,105,Camilo Ramírez Costa,BR,74,Marketplace,Marketplace Operations,Onboarding,digital,Marketplace Operations,IC1,Entry,Assistant Marketplace Operations,HQ-BR-001,CC-BR-MKT-01,2111,Permanent,Active,1.0,Female,Amarela,true,2019-06-01,false,true,2019-06-01,1986,IC1,Entry,initial,2007-10-01,,2026-03-15,,true,Transfer
391,106,Juliana López Ramírez,BR,40,Digital,E-commerce,Storefront,digital,Product Management,IC2,Professional,Analyst Product Management,HQ-BR-001,CC-BR-DIG-05,129,Temporary,Active,1.0,Female,,false,,,false,,1990,IC2,Professional,initial,2015-01-01,2018-05-22,2015-01-01,2017-03-16,false,Hire
392,106,Juliana López Ramírez,BR,40,Digital,E-commerce,Storefront,digital,Product Management,IC2,Professional,Analyst Product Management,HQ-BR-001,CC-BR-DIG-05,199,Temporary,Active,1.0,Female,,false,,,false,,1990,IC2,Professional,initial,2015-01-01,2018-05-22,2017-03-17,2018-05-21,false,Manager Change
393,106,Juliana López Ramírez,BR,40,Digital,E-commerce,Storefront,digital,Product Management,IC2,Professional,Analyst Product Management,HQ-BR-001,CC-BR-DIG-05,199,Temporary,Terminated,1.0,Female,,false,,,false,,1990,IC2,Professional,initial,2015-01-01,2018-05-22,2018-05-22,,true,Termination
394,107,Valentina Santos Oliveira,BR,50,Retail,Sales,Floor Sales,retail_ops,Sales,IC1,Entry,Assistant Sales,STORE-BR-005,CC-BR-RET-02,161,Permanent,Active,1.0,Female,,false,,,false,,1990,IC1,Entry,initial,2015-11-01,2017-12-21,2015-11-01,2016-06-26,false,Hire
395,107,Valentina Santos Oliveira,BR,50,Retail,Sales,Floor Sales,retail_ops,Sales,IC1,Entry,Assistant Sales,STORE-BR-005,CC-BR-RET-02,139,Permanent,Active,1.0,Female,,false,,,false,,1990,IC1,Entry,initial,2015-11-01,2017-12-21,2016-06-27,2017-12-20,false,Manager Change
396,107,Valentina Santos Oliveira,BR,50,Retail,Sales,Floor Sales,retail_ops,Sales,IC1,Entry,Assistant Sales,STORE-BR-005,CC-BR-RET-02,139,Permanent,Terminated,1.0,Female,,false,,,false,,1990,IC1,Entry,initial,2015-11-01,2017-12-21,2017-12-21,,true,Termination
397,108,Luíza Martins Torres,BR,56,Retail,Visual Merchandising,Merchandising,retail_ops,Design,IC2,Professional,Analyst Design,STORE-BR-028,CC-BR-RET-04,294,Permanent,Active,0.5,Male,,false,,,false,,1988,IC2,Professional,initial,2015-04-01,2017-02-17,2015-04-01,2017-02-16,false,Hire
398,108,Luíza Martins Torres,BR,56,Retail,Visual Merchandising,Merchandising,retail_ops,Design,IC2,Professional,Analyst Design,STORE-BR-028,CC-BR-RET-04,294,Permanent,Terminated,0.5,Male,,false,,,false,,1988,IC2,Professional,initial,2015-04-01,2017-02-17,2017-02-17,,true,Termination
399,109,Felipe Ribeiro Ramírez,BR,62,Supply Chain,Distribution Centers,Inventory,supply,Warehouse,IC1,Entry,Assistant Warehouse,DC-BR-001,CC-BR-SUP-02,48,Permanent,Active,1.0,Female,Nao informado,false,2019-06-01,,false,,1987,IC1,Entry,initial,2012-06-01,,2012-06-01,2016-09-14,false,Hire
400,109,Felipe Ribeiro Ramírez,BR,62,Supply Chain,Distribution Centers,Inventory,supply,Warehouse,IC2,Professional,Analyst Warehouse,DC-BR-001,CC-BR-SUP-02,48,Permanent,Active,1.0,Female,Nao informado,false,2019-06-01,,false,,1987,IC1,Entry,initial,2012-06-01,,2016-09-15,2025-01-14,false,Promotion
401,109,Felipe Ribeiro Ramírez,BR,51,Retail,Sales,Key Accounts,retail_ops,Sales,IC2,Professional,Analyst Sales,DC-BR-001,CC-BR-RET-02,3146,Permanent,Active,1.0,Female,Nao informado,false,2019-06-01,,false,,1987,IC1,Entry,initial,2012-06-01,,2025-01-15,,true,Reorganization
402,110,Felipe Almeida Moreira,BR,51,Retail,Sales,Key Accounts,retail_ops,Sales,IC1,Entry,Assistant Sales,STORE-BR-007,CC-BR-RET-02,201,Permanent,Active,1.0,Male,,false,,,false,,1994,IC1,Entry,initial,2016-01-01,2017-06-23,2016-01-01,2017-06-22,false,Hire
403,110,Felipe Almeida Moreira,BR,51,Retail,Sales,Key Accounts,retail_ops,Sales,IC1,Entry,Assistant Sales,STORE-BR-007,CC-BR-RET-02,201,Permanent,Terminated,1.0,Male,,false,,,false,,1994,IC1,Entry,initial,2016-01-01,2017-06-23,2017-06-23,,true,Termination
404,111,João Ferreira Costa,BR,52,Retail,Regional Operations,Region North,retail_ops,Store Operations,IC2,Professional,Analyst Store Operations,STORE-BR-038,CC-BR-RET-03,34,Permanent,Active,1.0,Male,,false,,,false,,1989,IC2,Professional,initial,2013-09-01,2016-09-26,2013-09-01,2016-09-25,false,Hire
405,111,João Ferreira Costa,BR,52,Retail,Regional Operations,Region North,retail_ops,Store Operations,IC2,Professional,Analyst Store Operations,STORE-BR-038,CC-BR-RET-03,34,Permanent,Terminated,1.0,Male,,false,,,false,,1989,IC2,Professional,initial,2013-09-01,2016-09-26,2016-09-26,,true,Termination
406,112,Vinícius López Ramírez,BR,56,Retail,Visual Merchandising,Merchandising,retail_ops,Design,IC2,Professional,Analyst Design,STORE-BR-038,CC-BR-RET-04,273,Permanent,Active,1.0,Male,,false,,,false,,1980,IC2,Professional,initial,2014-03-01,2016-02-23,2014-03-01,2016-02-22,false,Hire
407,112,Vinícius López Ramírez,BR,56,Retail,Visual Merchandising,Merchandising,retail_ops,Design,IC2,Professional,Analyst Design,STORE-BR-038,CC-BR-RET-04,273,Permanent,Terminated,1.0,Male,,false,,,false,,1980,IC2,Professional,initial,2014-03-01,2016-02-23,2016-02-23,,true,Termination
408,113,Bruno Silva Almeida,BR,2,Corporate,People,HR Business Partner,corporate,People,IC2,Professional,Analyst People,HQ-BR-001,CC-BR-COR-01,183,Permanent,Active,1.0,Female,Branca,true,2019-06-01,false,true,2019-06-01,1984,IC2,Professional,initial,2011-10-01,2020-08-20,2011-10-01,2020-07-14,false,Hire
409,113,Bruno Silva Almeida,BR,68,Customer,Customer Experience,Voice of Customer,customer,Design,IC2,Professional,Analyst Design,SITE-BR-001,CC-BR-CUS-01,557,Permanent,Active,1.0,Female,Branca,true,2019-06-01,false,true,2019-06-01,1984,IC2,Professional,initial,2011-10-01,2020-08-20,2020-07-15,2020-08-19,false,Transfer
410,113,Bruno Silva Almeida,BR,68,Customer,Customer Experience,Voice of Customer,customer,Design,IC2,Professional,Analyst Design,SITE-BR-001,CC-BR-CUS-01,557,Permanent,Terminated,1.0,Female,Branca,true,2019-06-01,false,true,2019-06-01,1984,IC2,Professional,initial,2011-10-01,2020-08-20,2020-08-20,,true,Termination
411,114,Santiago Rodríguez Almeida,BR,69,Customer,Customer Service,Contact Center,customer,Customer Support,IC1,Entry,Assistant Customer Support,SITE-BR-001,CC-BR-CUS-02,53,Permanent,Active,0.5,Male,,false,,,false,,1987,IC1,Entry,initial,2013-03-01,2016-12-25,2013-03-01,2016-11-18,false,Hire
412,114,Santiago Rodríguez Almeida,BR,69,Customer,Customer Service,Contact Center,customer,Customer Support,IC1,Entry,Assistant Customer Support,SITE-BR-001,CC-BR-CUS-02,189,Permanent,Active,0.5,Male,,false,,,false,,1987,IC1,Entry,initial,2013-03-01,2016-12-25,2016-11-19,2016-12-24,false,Manager Change
413,114,Santiago Rodríguez Almeida,BR,69,Customer,Customer Service,Contact Center,customer,Customer Support,IC1,Entry,Assistant Customer Support,SITE-BR-001,CC-BR-CUS-02,189,Permanent,Terminated,0.5,Male,,false,,,false,,1987,IC1,Entry,initial,2013-03-01,2016-12-25,2016-12-25,,true,Termination
414,115,Eduardo Santos Almeida,BR,37,Digital,UX,Product Design,digital,Design,IC2,Professional,Analyst Design,HQ-BR-001,CC-BR-DIG-04,178,Permanent,Active,1.0,Female,Nao informado,false,2019-06-01,false,true,2019-06-01,1983,IC2,Professional,initial,2010-11-01,2019-08-17,2010-11-01,2016-05-24,false,Hire
415,115,Eduardo Santos Almeida,BR,37,Digital,UX,Product Design,digital,Design,IC2,Professional,Analyst Design,HQ-BR-001,CC-BR-DIG-04,205,Permanent,Active,1.0,Female,Nao informado,false,2019-06-01,false,true,2019-06-01,1983,IC2,Professional,initial,2010-11-01,2019-08-17,2016-05-25,2016-12-14,false,Manager Change
416,115,Eduardo Santos Almeida,BR,52,Retail,Regional Operations,Region North,retail_ops,General Management,IC2,Professional,Analyst General Management,STORE-BR-023,CC-BR-RET-03,518,Permanent,Active,1.0,Female,Nao informado,false,2019-06-01,false,true,2019-06-01,1983,IC2,Professional,initial,2010-11-01,2019-08-17,2016-12-15,2019-08-16,false,Transfer
417,115,Eduardo Santos Almeida,BR,52,Retail,Regional Operations,Region North,retail_ops,General Management,IC2,Professional,Analyst General Management,STORE-BR-023,CC-BR-RET-03,518,Permanent,Terminated,1.0,Female,Nao informado,false,2019-06-01,false,true,2019-06-01,1983,IC2,Professional,initial,2010-11-01,2019-08-17,2019-08-17,,true,Termination
418,116,Pedro Silva García,BR,32,Digital,Product,Product Management,digital,Product Management,IC2,Professional,Analyst Product Management,HQ-BR-001,CC-BR-DIG-02,6,Permanent,Active,1.0,Male,Parda,true,2019-06-01,false,true,2019-06-01,1982,IC2,Professional,initial,2011-09-01,2022-12-18,2011-09-01,2017-10-24,false,Hire
419,116,Pedro Silva García,BR,32,Digital,Product,Product Management,digital,Product Management,IC2,Professional,Analyst Product Management,HQ-BR-001,CC-BR-DIG-02,404,Permanent,Active,1.0,Male,Parda,true,2019-06-01,false,true,2019-06-01,1982,IC2,Professional,initial,2011-09-01,2022-12-18,2017-10-25,2018-09-14,false,Manager Change
420,116,Pedro Silva García,BR,71,Customer,Customer Service,Escalations,customer,Customer Support,IC2,Professional,Analyst Customer Support,SITE-BR-003,CC-BR-CUS-02,243,Permanent,Active,1.0,Male,Parda,true,2019-06-01,false,true,2019-06-01,1982,IC2,Professional,initial,2011-09-01,2022-12-18,2018-09-15,2022-12-17,false,Transfer
421,116,Pedro Silva García,BR,71,Customer,Customer Service,Escalations,customer,Customer Support,IC2,Professional,Analyst Customer Support,SITE-BR-003,CC-BR-CUS-02,243,Permanent,Terminated,1.0,Male,Parda,true,2019-06-01,false,true,2019-06-01,1982,IC2,Professional,initial,2011-09-01,2022-12-18,2022-12-18,,true,Termination
422,117,Patrícia Rodrigues Ribeiro,BR,24,Corporate,Risk,Fraud,corporate,Risk & Compliance,IC2,Professional,Analyst Risk & Compliance,HQ-BR-001,CC-BR-COR-07,261,Permanent,Active,1.0,Female,Amarela,true,2019-06-01,,false,,1969,IC2,Professional,initial,1995-03-01,2024-04-23,1995-03-01,2024-04-22,false,Hire
423,117,Patrícia Rodrigues Ribeiro,BR,24,Corporate,Risk,Fraud,corporate,Risk & Compliance,IC2,Professional,Analyst Risk & Compliance,HQ-BR-001,CC-BR-COR-07,261,Permanent,Terminated,1.0,Female,Amarela,true,2019-06-01,,false,,1969,IC2,Professional,initial,1995-03-01,2024-04-23,2024-04-23,,true,Termination
424,118,Gabriel Martins Alves,BR,32,Digital,Product,Product Management,digital,Product Management,IC2,Professional,Analyst Product Management,HQ-BR-001,CC-BR-DIG-02,81,Permanent,Active,1.0,Male,Branca,true,2019-06-01,false,true,2019-06-01,1980,IC2,Professional,initial,2010-03-01,2026-01-22,2010-03-01,2019-03-18,false,Hire
425,118,Gabriel Martins Alves,BR,32,Digital,Product,Product Management,digital,Product Management,IC2,Professional,Analyst Product Management,HQ-BR-001,CC-BR-DIG-02,916,Permanent,Active,1.0,Male,Branca,true,2019-06-01,false,true,2019-06-01,1980,IC2,Professional,initial,2010-03-01,2026-01-22,2019-03-19,2019-05-20,false,Manager Change
426,118,Gabriel Martins Alves,BR,32,Digital,Product,Product Management,digital,Product Management,IC2,Professional,Analyst Product Management,HQ-BR-001,CC-BR-DIG-02,404,Permanent,Active,1.0,Male,Branca,true,2019-06-01,false,true,2019-06-01,1980,IC2,Professional,initial,2010-03-01,2026-01-22,2019-05-21,2020-03-14,false,Manager Change
427,118,Gabriel Martins Alves,BR,32,Digital,Product,Product Management,digital,Product Management,IC3,Professional,Senior Analyst Product Management,HQ-BR-001,CC-BR-DIG-02,1010,Permanent,Active,1.0,Male,Branca,true,2019-06-01,false,true,2019-06-01,1980,IC2,Professional,initial,2010-03-01,2026-01-22,2020-03-15,2020-09-14,false,Promotion
428,118,Gabriel Martins Alves,BR,32,Digital,Product,Product Management,digital,Product Management,IC4,Senior Professional,Specialist Product Management,HQ-BR-001,CC-BR-DIG-02,570,Permanent,Active,1.0,Male,Branca,true,2019-06-01,false,true,2019-06-01,1980,IC2,Professional,initial,2010-03-01,2026-01-22,2020-09-15,2020-12-14,false,Promotion
429,118,Gabriel Martins Alves,BR,59,Supply Chain,Logistics,Reverse Logistics,supply,Logistics,IC4,Senior Professional,Specialist Logistics,DC-BR-001,CC-BR-SUP-01,874,Permanent,Active,1.0,Male,Branca,true,2019-06-01,false,true,2019-06-01,1980,IC2,Professional,initial,2010-03-01,2026-01-22,2020-12-15,2022-04-20,false,Transfer
430,118,Gabriel Martins Alves,BR,59,Supply Chain,Logistics,Reverse Logistics,supply,Logistics,IC4,Senior Professional,Specialist Logistics,DC-BR-001,CC-BR-SUP-01,1237,Permanent,Active,1.0,Male,Branca,true,2019-06-01,false,true,2019-06-01,1980,IC2,Professional,initial,2010-03-01,2026-01-22,2022-04-21,2022-04-22,false,Manager Change
431,118,Gabriel Martins Alves,BR,59,Supply Chain,Logistics,Reverse Logistics,supply,Logistics,IC4,Senior Professional,Specialist Logistics,DC-BR-001,CC-BR-SUP-01,905,Permanent,Active,1.0,Male,Branca,true,2019-06-01,false,true,2019-06-01,1980,IC2,Professional,initial,2010-03-01,2026-01-22,2022-04-23,2025-01-14,false,Manager Change
432,118,Gabriel Martins Alves,BR,55,Retail,Visual Merchandising,Store Design,retail_ops,Store Operations,IC4,Senior Professional,Specialist Store Operations,DC-BR-001,CC-BR-RET-04,2774,Permanent,Active,1.0,Male,Branca,true,2019-06-01,false,true,2019-06-01,1980,IC2,Professional,initial,2010-03-01,2026-01-22,2025-01-15,2026-01-21,false,Reorganization
433,118,Gabriel Martins Alves,BR,55,Retail,Visual Merchandising,Store Design,retail_ops,Store Operations,IC4,Senior Professional,Specialist Store Operations,DC-BR-001,CC-BR-RET-04,2774,Permanent,Terminated,1.0,Male,Branca,true,2019-06-01,false,true,2019-06-01,1980,IC2,Professional,initial,2010-03-01,2026-01-22,2026-01-22,,true,Termination
434,119,Mateo Barbosa Carvalho,BR,12,Corporate,Legal,Labor Legal,corporate,Legal,IC3,Professional,Senior Analyst Legal,HQ-BR-001,CC-BR-COR-03,196,Permanent,Active,1.0,Male,Nao informado,false,2019-06-01,false,true,2019-06-01,1988,IC3,Professional,initial,2015-10-01,,2015-10-01,2017-09-14,false,Hire
435,119,Mateo Barbosa Carvalho,BR,12,Corporate,Legal,Labor Legal,corporate,Legal,IC4,Senior Professional,Specialist Legal,HQ-BR-001,CC-BR-COR-03,196,Permanent,Active,1.0,Male,Nao informado,false,2019-06-01,false,true,2019-06-01,1988,IC3,Professional,initial,2015-10-01,,2017-09-15,2025-01-14,false,Promotion
436,119,Mateo Barbosa Carvalho,BR,23,Corporate,Risk,Risk Management,corporate,Risk & Compliance,IC4,Senior Professional,Specialist Risk & Compliance,HQ-BR-001,CC-BR-COR-07,2045,Permanent,Active,1.0,Male,Nao informado,false,2019-06-01,false,true,2019-06-01,1988,IC3,Professional,initial,2015-10-01,,2025-01-15,,true,Reorganization
437,120,Vanessa Barbosa Torres,BR,34,Digital,Data,Data Engineering,digital,Data,IC3,Professional,Senior Analyst Data,HQ-BR-001,CC-BR-DIG-03,153,Permanent,Active,1.0,Male,,false,,,false,,1989,IC3,Professional,initial,2011-02-01,2017-04-19,2011-02-01,2017-04-18,false,Hire
438,120,Vanessa Barbosa Torres,BR,34,Digital,Data,Data Engineering,digital,Data,IC3,Professional,Senior Analyst Data,HQ-BR-001,CC-BR-DIG-03,153,Permanent,Terminated,1.0,Male,,false,,,false,,1989,IC3,Professional,initial,2011-02-01,2017-04-19,2017-04-19,,true,Termination
439,121,Patrícia Martínez Barbosa,BR,42,Digital,E-commerce,Catalog,digital,Product Management,M3,Senior Manager,Senior Manager Product Management,HQ-BR-001,CC-BR-DIG-05,212,Permanent,Active,0.5,Female,Indigena,true,2019-06-01,false,true,2019-06-01,1966,M3,Senior Manager,initial,2012-08-01,2019-09-22,2012-08-01,2016-03-14,false,Hire
440,121,Patrícia Martínez Barbosa,BR,42,Digital,E-commerce,Catalog,digital,Product Management,M4,Senior Manager,Head of Product Management,HQ-BR-001,CC-BR-DIG-05,309,Permanent,Active,0.5,Female,Indigena,true,2019-06-01,false,true,2019-06-01,1966,M3,Senior Manager,initial,2012-08-01,2019-09-22,2016-03-15,2017-04-14,false,Promotion
441,121,Patrícia Martínez Barbosa,BR,51,Retail,Sales,Key Accounts,retail_ops,Sales,M4,Senior Manager,Head of Sales,STORE-BR-017,CC-BR-RET-02,309,Permanent,Active,0.5,Female,Indigena,true,2019-06-01,false,true,2019-06-01,1966,M3,Senior Manager,initial,2012-08-01,2019-09-22,2017-04-15,2019-09-21,false,Transfer
442,121,Patrícia Martínez Barbosa,BR,51,Retail,Sales,Key Accounts,retail_ops,Sales,M4,Senior Manager,Head of Sales,STORE-BR-017,CC-BR-RET-02,309,Permanent,Terminated,0.5,Female,Indigena,true,2019-06-01,false,true,2019-06-01,1966,M3,Senior Manager,initial,2012-08-01,2019-09-22,2019-09-22,,true,Termination
443,122,Mariana González Lima,BR,54,Retail,Regional Operations,Region South,retail_ops,General Management,IC1,Entry,Assistant General Management,STORE-BR-001,CC-BR-RET-03,174,Apprentice,Active,1.0,Female,,false,,,false,,1995,IC1,Entry,initial,2014-10-01,2016-08-27,2014-10-01,2016-08-26,false,Hire
444,122,Mariana González Lima,BR,54,Retail,Regional Operations,Region South,retail_ops,General Management,IC1,Entry,Assistant General Management,STORE-BR-001,CC-BR-RET-03,174,Apprentice,Terminated,1.0,Female,,false,,,false,,1995,IC1,Entry,initial,2014-10-01,2016-08-27,2016-08-27,,true,Termination
445,123,Rodrigo Pereira Gomes,BR,71,Customer,Customer Service,Escalations,customer,Customer Support,IC1,Entry,Assistant Customer Support,SITE-BR-002,CC-BR-CUS-02,242,Permanent,Active,1.0,Male,Parda,true,2019-06-01,false,true,2019-06-01,1995,IC1,Entry,initial,2016-01-01,2020-06-20,2016-01-01,2020-06-19,false,Hire
446,123,Rodrigo Pereira Gomes,BR,71,Customer,Customer Service,Escalations,customer,Customer Support,IC1,Entry,Assistant Customer Support,SITE-BR-002,CC-BR-CUS-02,242,Permanent,Terminated,1.0,Male,Parda,true,2019-06-01,false,true,2019-06-01,1995,IC1,Entry,initial,2016-01-01,2020-06-20,2020-06-20,,true,Termination
447,124,Pedro Araújo Pereira,BR,14,Corporate,Marketing,Performance,corporate,Marketing,IC1,Entry,Assistant Marketing,HQ-BR-001,CC-BR-COR-04,60,Permanent,Active,1.0,Male,,false,,,false,,1987,IC1,Entry,initial,2015-04-01,2016-09-26,2015-04-01,2016-09-25,false,Hire
448,124,Pedro Araújo Pereira,BR,14,Corporate,Marketing,Performance,corporate,Marketing,IC1,Entry,Assistant Marketing,HQ-BR-001,CC-BR-COR-04,60,Permanent,Terminated,1.0,Male,,false,,,false,,1987,IC1,Entry,initial,2015-04-01,2016-09-26,2016-09-26,,true,Termination
449,125,Isabella Alves Lima,BR,65,Supply Chain,Planning,Demand Planning,supply,Data,IC2,Professional,Analyst Data,DC-BR-002,CC-BR-SUP-04,9,Permanent,Active,1.0,Female,,false,,,false,,1991,IC2,Professional,initial,2014-03-01,2016-08-23,2014-03-01,2016-08-22,false,Hire
450,125,Isabella Alves Lima,BR,65,Supply Chain,Planning,Demand Planning,supply,Data,IC2,Professional,Analyst Data,DC-BR-002,CC-BR-SUP-04,9,Permanent,Terminated,1.0,Female,,false,,,false,,1991,IC2,Professional,initial,2014-03-01,2016-08-23,2016-08-23,,true,Termination
451,126,Carla Almeida Rodríguez,BR,58,Supply Chain,Logistics,Last Mile,supply,Logistics,IC1,Entry,Assistant Logistics,DC-BR-001,CC-BR-SUP-01,38,Permanent,Active,1.0,Female,Nao informado,false,2019-06-01,,false,,1989,IC1,Entry,initial,2015-05-01,2022-01-28,2015-05-01,2017-05-25,false,Hire
452,126,Carla Almeida Rodríguez,BR,58,Supply Chain,Logistics,Last Mile,supply,Logistics,IC1,Entry,Assistant Logistics,DC-BR-001,CC-BR-SUP-01,568,Permanent,Active,1.0,Female,Nao informado,false,2019-06-01,,false,,1989,IC1,Entry,initial,2015-05-01,2022-01-28,2017-05-26,2018-12-14,false,Manager Change
453,126,Carla Almeida Rodríguez,BR,55,Retail,Visual Merchandising,Store Design,retail_ops,Design,IC1,Entry,Assistant Design,STORE-BR-019,CC-BR-RET-04,270,Permanent,Active,1.0,Female,Nao informado,false,2019-06-01,,false,,1989,IC1,Entry,initial,2015-05-01,2022-01-28,2018-12-15,2022-01-27,false,Transfer
454,126,Carla Almeida Rodríguez,BR,55,Retail,Visual Merchandising,Store Design,retail_ops,Design,IC1,Entry,Assistant Design,STORE-BR-019,CC-BR-RET-04,270,Permanent,Terminated,1.0,Female,Nao informado,false,2019-06-01,,false,,1989,IC1,Entry,initial,2015-05-01,2022-01-28,2022-01-28,,true,Termination
455,127,João Melo Ramírez,BR,46,Retail,Store Operations,Store Management,retail_ops,Store Operations,IC2,Professional,Analyst Store Operations,STORE-BR-022,CC-BR-RET-01,136,Permanent,Active,0.5,Male,,false,,,false,,1979,IC2,Professional,initial,2014-05-01,2017-03-17,2014-05-01,2016-08-20,false,Hire
456,127,João Melo Ramírez,BR,46,Retail,Store Operations,Store Management,retail_ops,Store Operations,IC2,Professional,Analyst Store Operations,STORE-BR-022,CC-BR-RET-01,129,Permanent,Active,0.5,Male,,false,,,false,,1979,IC2,Professional,initial,2014-05-01,2017-03-17,2016-08-21,2017-03-16,false,Manager Change
457,127,João Melo Ramírez,BR,46,Retail,Store Operations,Store Management,retail_ops,Store Operations,IC2,Professional,Analyst Store Operations,STORE-BR-022,CC-BR-RET-01,129,Permanent,Terminated,0.5,Male,,false,,,false,,1979,IC2,Professional,initial,2014-05-01,2017-03-17,2017-03-17,,true,Termination
458,128,Sebastián Costa Pérez,BR,51,Retail,Sales,Key Accounts,retail_ops,Sales,IC1,Entry,Assistant Sales,STORE-BR-022,CC-BR-RET-02,326,Permanent,Active,1.0,Female,Branca,true,2019-06-01,,false,,1978,IC1,Entry,initial,1997-08-01,,1997-08-01,2017-09-14,false,Hire
459,128,Sebastián Costa Pérez,BR,51,Retail,Sales,Key Accounts,retail_ops,Sales,IC2,Professional,Analyst Sales,STORE-BR-022,CC-BR-RET-02,585,Permanent,Active,1.0,Female,Branca,true,2019-06-01,,false,,1978,IC1,Entry,initial,1997-08-01,,2017-09-15,2018-03-26,false,Promotion
460,128,Sebastián Costa Pérez,BR,51,Retail,Sales,Key Accounts,retail_ops,Sales,IC2,Professional,Analyst Sales,STORE-BR-022,CC-BR-RET-02,162,Permanent,Active,1.0,Female,Branca,true,2019-06-01,,false,,1978,IC1,Entry,initial,1997-08-01,,2018-03-27,2019-12-14,false,Manager Change
461,128,Sebastián Costa Pérez,BR,16,Corporate,Marketing,Content,corporate,Marketing,IC2,Professional,Analyst Marketing,HQ-BR-001,CC-BR-COR-04,1231,Permanent,Active,1.0,Female,Branca,true,2019-06-01,,false,,1978,IC1,Entry,initial,1997-08-01,,2019-12-15,2022-04-16,false,Transfer
462,128,Sebastián Costa Pérez,BR,16,Corporate,Marketing,Content,corporate,Marketing,IC2,Professional,Analyst Marketing,HQ-BR-001,CC-BR-COR-04,1805,Permanent,Active,1.0,Female,Branca,true,2019-06-01,,false,,1978,IC1,Entry,initial,1997-08-01,,2022-04-17,2025-01-14,false,Manager Change
463,128,Sebastián Costa Pérez,BR,52,Retail,Regional Operations,Region North,retail_ops,General Management,IC2,Professional,Analyst General Management,HQ-BR-001,CC-BR-RET-03,652,Permanent,Active,1.0,Female,Branca,true,2019-06-01,,false,,1978,IC1,Entry,initial,1997-08-01,,2025-01-15,,true,Reorganization
464,129,Gabriel Almeida Sánchez,BR,41,Digital,E-commerce,Checkout,digital,Product Management,M1,Manager,Coordinator Product Management,HQ-BR-001,CC-BR-DIG-05,281,Permanent,Active,1.0,Female,,false,,,false,,1981,M1,Manager,initial,2015-12-01,2017-03-17,2015-12-01,2016-04-14,false,Hire
465,129,Gabriel Almeida Sánchez,BR,46,Retail,Store Operations,Store Management,retail_ops,Store Operations,M1,Manager,Coordinator Store Operations,STORE-BR-034,CC-BR-RET-01,65,Permanent,Active,1.0,Female,,false,,,false,,1981,M1,Manager,initial,2015-12-01,2017-03-17,2016-04-15,2017-03-16,false,Transfer
466,129,Gabriel Almeida Sánchez,BR,46,Retail,Store Operations,Store Management,retail_ops,Store Operations,M1,Manager,Coordinator Store Operations,STORE-BR-034,CC-BR-RET-01,65,Permanent,Terminated,1.0,Female,,false,,,false,,1981,M1,Manager,initial,2015-12-01,2017-03-17,2017-03-17,,true,Termination
467,130,Paula Ribeiro Pérez,BR,68,Customer,Customer Experience,Voice of Customer,customer,Design,IC1,Entry,Assistant Design,SITE-BR-002,CC-BR-CUS-01,329,Permanent,Active,1.0,Female,,false,,,false,,1990,IC1,Entry,initial,2014-12-01,2018-01-18,2014-12-01,2016-08-26,false,Hire
468,130,Paula Ribeiro Pérez,BR,68,Customer,Customer Experience,Voice of Customer,customer,Design,IC1,Entry,Assistant Design,SITE-BR-002,CC-BR-CUS-01,90,Permanent,Active,1.0,Female,,false,,,false,,1990,IC1,Entry,initial,2014-12-01,2018-01-18,2016-08-27,2018-01-17,false,Manager Change
469,130,Paula Ribeiro Pérez,BR,68,Customer,Customer Experience,Voice of Customer,customer,Design,IC1,Entry,Assistant Design,SITE-BR-002,CC-BR-CUS-01,90,Permanent,Terminated,1.0,Female,,false,,,false,,1990,IC1,Entry,initial,2014-12-01,2018-01-18,2018-01-18,,true,Termination
470,131,Camila Barbosa Souza,BR,46,Retail,Store Operations,Store Management,retail_ops,Store Operations,IC1,Entry,Assistant Store Operations,STORE-BR-022,CC-BR-RET-01,189,Temporary,Active,0.5,Female,,false,,,false,,1996,IC1,Entry,initial,2015-07-01,2018-07-27,2015-07-01,2018-07-26,false,Hire
471,131,Camila Barbosa Souza,BR,46,Retail,Store Operations,Store Management,retail_ops,Store Operations,IC1,Entry,Assistant Store Operations,STORE-BR-022,CC-BR-RET-01,189,Temporary,Terminated,0.5,Female,,false,,,false,,1996,IC1,Entry,initial,2015-07-01,2018-07-27,2018-07-27,,true,Termination
472,132,Sofía Santos Almeida,BR,72,Customer,Customer Operations,Order Support,customer,Logistics,IC1,Entry,Assistant Logistics,SITE-BR-003,CC-BR-CUS-03,288,Permanent,Active,1.0,Male,,false,,,false,,1990,IC1,Entry,initial,2013-06-01,2019-02-24,2013-06-01,2016-08-14,false,Hire
473,132,Sofía Santos Almeida,BR,19,Corporate,Strategy,PMO,corporate,Strategy,IC1,Entry,Assistant Strategy,HQ-BR-001,CC-BR-COR-05,437,Permanent,Active,1.0,Male,,false,,,false,,1990,IC1,Entry,initial,2013-06-01,2019-02-24,2016-08-15,2016-10-20,false,Transfer
474,132,Sofía Santos Almeida,BR,19,Corporate,Strategy,PMO,corporate,Strategy,IC1,Entry,Assistant Strategy,HQ-BR-001,CC-BR-COR-05,170,Permanent,Active,1.0,Male,,false,,,false,,1990,IC1,Entry,initial,2013-06-01,2019-02-24,2016-10-21,2017-05-19,false,Manager Change
475,132,Sofía Santos Almeida,BR,19,Corporate,Strategy,PMO,corporate,Strategy,IC1,Entry,Assistant Strategy,HQ-BR-001,CC-BR-COR-05,494,Permanent,Active,1.0,Male,,false,,,false,,1990,IC1,Entry,initial,2013-06-01,2019-02-24,2017-05-20,2019-02-23,false,Manager Change
476,132,Sofía Santos Almeida,BR,19,Corporate,Strategy,PMO,corporate,Strategy,IC1,Entry,Assistant Strategy,HQ-BR-001,CC-BR-COR-05,494,Permanent,Terminated,1.0,Male,,false,,,false,,1990,IC1,Entry,initial,2013-06-01,2019-02-24,2019-02-24,,true,Termination
477,133,Eduardo Nunes Alves,BR,68,Customer,Customer Experience,Voice of Customer,customer,Design,IC1,Entry,Assistant Design,SITE-BR-002,CC-BR-CUS-01,90,Permanent,Active,1.0,Female,Nao informado,false,2019-06-01,false,true,2019-06-01,1988,IC1,Entry,initial,2009-09-01,,2009-09-01,2020-12-15,false,Hire
478,133,Eduardo Nunes Alves,BR,68,Customer,Customer Experience,Voice of Customer,customer,Design,IC1,Entry,Assistant Design,SITE-BR-002,CC-BR-CUS-01,976,Permanent,Active,1.0,Female,Nao informado,false,2019-06-01,false,true,2019-06-01,1988,IC1,Entry,initial,2009-09-01,,2020-12-16,2025-01-14,false,Manager Change
479,133,Eduardo Nunes Alves,BR,55,Retail,Visual Merchandising,Store Design,retail_ops,Design,IC1,Entry,Assistant Design,SITE-BR-002,CC-BR-RET-04,1707,Permanent,Active,1.0,Female,Nao informado,false,2019-06-01,false,true,2019-06-01,1988,IC1,Entry,initial,2009-09-01,,2025-01-15,2025-05-14,false,Reorganization
480,133,Eduardo Nunes Alves,CO,309,Customer,Customer Operations,Order Support,customer,Logistics,IC1,Entry,Assistant Logistics,SITE-CO-001,CC-CO-CUS-03,3747,Permanent,Active,1.0,Female,Nao informado,false,2019-06-01,false,true,2019-06-01,1988,IC1,Entry,initial,2009-09-01,,2025-05-15,2025-12-17,false,Transfer
481,133,Eduardo Nunes Alves,CO,309,Customer,Customer Operations,Order Support,customer,Logistics,IC1,Entry,Assistant Logistics,SITE-CO-001,CC-CO-CUS-03,3850,Permanent,Active,1.0,Female,Nao informado,false,2019-06-01,false,true,2019-06-01,1988,IC1,Entry,initial,2009-09-01,,2025-12-18,,true,Manager Change
482,134,Valentina García Pérez,BR,69,Customer,Customer Service,Contact Center,customer,Customer Support,IC1,Entry,Assistant Customer Support,SITE-BR-004,CC-BR-CUS-02,4,Permanent,Active,1.0,Female,,false,,,false,,1993,IC1,Entry,initial,2014-05-01,2018-12-16,2014-05-01,2017-04-27,false,Hire
483,134,Valentina García Pérez,BR,69,Customer,Customer Service,Contact Center,customer,Customer Support,IC1,Entry,Assistant Customer Support,SITE-BR-004,CC-BR-CUS-02,189,Permanent,Active,1.0,Female,,false,,,false,,1993,IC1,Entry,initial,2014-05-01,2018-12-16,2017-04-28,2018-12-15,false,Manager Change
484,134,Valentina García Pérez,BR,69,Customer,Customer Service,Contact Center,customer,Customer Support,IC1,Entry,Assistant Customer Support,SITE-BR-004,CC-BR-CUS-02,189,Permanent,Terminated,1.0,Female,,false,,,false,,1993,IC1,Entry,initial,2014-05-01,2018-12-16,2018-12-16,,true,Termination
485,135,Renata Araújo Barbosa,BR,36,Digital,Data,Analytics Engineering,digital,Data,IC2,Professional,Analyst Data,HQ-BR-001,CC-BR-DIG-03,120,Permanent,Active,1.0,Female,,false,,,false,,1992,IC2,Professional,initial,2015-07-01,2017-07-21,2015-07-01,2017-04-18,false,Hire
486,135,Renata Araújo Barbosa,BR,36,Digital,Data,Analytics Engineering,digital,Data,IC2,Professional,Analyst Data,HQ-BR-001,CC-BR-DIG-03,496,Permanent,Active,1.0,Female,,false,,,false,,1992,IC2,Professional,initial,2015-07-01,2017-07-21,2017-04-19,2017-07-20,false,Manager Change
487,135,Renata Araújo Barbosa,BR,36,Digital,Data,Analytics Engineering,digital,Data,IC2,Professional,Analyst Data,HQ-BR-001,CC-BR-DIG-03,496,Permanent,Terminated,1.0,Female,,false,,,false,,1992,IC2,Professional,initial,2015-07-01,2017-07-21,2017-07-21,,true,Termination
488,136,Marcelo Pereira,BR,49,Retail,Store Operations,Security,retail_ops,Store Operations,IC3,Professional,Senior Analyst Store Operations,STORE-BR-015,CC-BR-RET-01,99,Permanent,Active,1.0,Non-binary,,false,,,false,,1982,IC3,Professional,initial,2014-05-01,2016-08-21,2014-05-01,2016-01-22,false,Hire
489,136,Marcelo Pereira,BR,49,Retail,Store Operations,Security,retail_ops,Store Operations,IC3,Professional,Senior Analyst Store Operations,STORE-BR-015,CC-BR-RET-01,219,Permanent,Active,1.0,Non-binary,,false,,,false,,1982,IC3,Professional,initial,2014-05-01,2016-08-21,2016-01-23,2016-02-23,false,Manager Change
490,136,Marcelo Pereira,BR,49,Retail,Store Operations,Security,retail_ops,Store Operations,IC3,Professional,Senior Analyst Store Operations,STORE-BR-015,CC-BR-RET-01,141,Permanent,Active,1.0,Non-binary,,false,,,false,,1982,IC3,Professional,initial,2014-05-01,2016-08-21,2016-02-24,2016-08-20,false,Manager Change
491,136,Marcelo Pereira,BR,49,Retail,Store Operations,Security,retail_ops,Store Operations,IC3,Professional,Senior Analyst Store Operations,STORE-BR-015,CC-BR-RET-01,141,Permanent,Terminated,1.0,Non-binary,,false,,,false,,1982,IC3,Professional,initial,2014-05-01,2016-08-21,2016-08-21,,true,Termination
492,137,Vanessa Almeida Ribeiro,BR,21,Corporate,Procurement,Contracts,corporate,Procurement,IC1,Entry,Assistant Procurement,HQ-BR-001,CC-BR-COR-06,166,Permanent,Active,1.0,Female,Nao informado,false,2019-06-01,false,true,2019-06-01,1983,IC1,Entry,initial,2011-12-01,,2011-12-01,2021-09-26,false,Hire
493,137,Vanessa Almeida Ribeiro,BR,21,Corporate,Procurement,Contracts,corporate,Procurement,IC1,Entry,Assistant Procurement,HQ-BR-001,CC-BR-COR-06,175,Permanent,Active,1.0,Female,Nao informado,false,2019-06-01,false,true,2019-06-01,1983,IC1,Entry,initial,2011-12-01,,2021-09-27,2023-04-14,false,Manager Change
494,137,Vanessa Almeida Ribeiro,BR,59,Supply Chain,Logistics,Reverse Logistics,supply,Logistics,IC1,Entry,Assistant Logistics,HQ-BR-001,CC-BR-SUP-01,1616,Permanent,Active,1.0,Female,Nao informado,false,2019-06-01,false,true,2019-06-01,1983,IC1,Entry,initial,2011-12-01,,2023-04-15,2023-05-23,false,Reorganization
495,137,Vanessa Almeida Ribeiro,BR,59,Supply Chain,Logistics,Reverse Logistics,supply,Logistics,IC1,Entry,Assistant Logistics,HQ-BR-001,CC-BR-SUP-01,2642,Permanent,Active,1.0,Female,Nao informado,false,2019-06-01,false,true,2019-06-01,1983,IC1,Entry,initial,2011-12-01,,2023-05-24,2024-03-14,false,Manager Change
496,137,Vanessa Almeida Ribeiro,BR,55,Retail,Visual Merchandising,Store Design,retail_ops,Store Operations,IC1,Entry,Assistant Store Operations,STORE-BR-032,CC-BR-RET-04,1858,Permanent,Active,1.0,Female,Nao informado,false,2019-06-01,false,true,2019-06-01,1983,IC1,Entry,initial,2011-12-01,,2024-03-15,2025-01-14,false,Transfer
497,137,Vanessa Almeida Ribeiro,BR,52,Retail,Regional Operations,Region North,retail_ops,Store Operations,IC1,Entry,Assistant Store Operations,STORE-BR-032,CC-BR-RET-03,32,Permanent,Active,1.0,Female,Nao informado,false,2019-06-01,false,true,2019-06-01,1983,IC1,Entry,initial,2011-12-01,,2025-01-15,,true,Reorganization
498,138,Priscila Sánchez Ferreira,BR,21,Corporate,Procurement,Contracts,corporate,Procurement,IC3,Professional,Senior Analyst Procurement,HQ-BR-001,CC-BR-COR-06,45,Permanent,Active,1.0,Male,Branca,true,2019-06-01,false,true,2019-06-01,1992,IC3,Professional,initial,2015-03-01,,2015-03-01,2020-07-14,false,Hire
499,138,Priscila Sánchez Ferreira,BR,50,Retail,Sales,Floor Sales,retail_ops,Sales,IC3,Professional,Senior Analyst Sales,STORE-BR-023,CC-BR-RET-02,1018,Permanent,Active,1.0,Male,Branca,true,2019-06-01,false,true,2019-06-01,1992,IC3,Professional,initial,2015-03-01,,2020-07-15,2025-01-14,false,Lateral Move
500,138,Priscila Sánchez Ferreira,BR,56,Retail,Visual Merchandising,Merchandising,retail_ops,Design,IC3,Professional,Senior Analyst Design,STORE-BR-023,CC-BR-RET-04,1180,Permanent,Active,1.0,Male,Branca,true,2019-06-01,false,true,2019-06-01,1992,IC3,Professional,initial,2015-03-01,,2025-01-15,,true,Reorganization
501,139,Lucas Araújo Oliveira,BR,51,Retail,Sales,Key Accounts,retail_ops,Sales,IC2,Professional,Analyst Sales,STORE-BR-014,CC-BR-RET-02,144,Permanent,Active,1.0,Male,Parda,true,2019-06-01,false,true,2019-06-01,1991,IC2,Professional,initial,2013-06-01,,2013-06-01,2017-06-16,false,Hire
502,139,Lucas Araújo Oliveira,BR,51,Retail,Sales,Key Accounts,retail_ops,Sales,IC2,Professional,Analyst Sales,STORE-BR-014,CC-BR-RET-02,585,Permanent,Active,1.0,Male,Parda,true,2019-06-01,false,true,2019-06-01,1991,IC2,Professional,initial,2013-06-01,,2017-06-17,2018-03-26,false,Manager Change
503,139,Lucas Araújo Oliveira,BR,51,Retail,Sales,Key Accounts,retail_ops,Sales,IC2,Professional,Analyst Sales,STORE-BR-014,CC-BR-RET-02,162,Permanent,Active,1.0,Male,Parda,true,2019-06-01,false,true,2019-06-01,1991,IC2,Professional,initial,2013-06-01,,2018-03-27,2018-07-14,false,Manager Change
504,139,Lucas Araújo Oliveira,BR,50,Retail,Sales,Floor Sales,retail_ops,Sales,IC2,Professional,Analyst Sales,STORE-BR-042,CC-BR-RET-02,630,Permanent,Active,1.0,Male,Parda,true,2019-06-01,false,true,2019-06-01,1991,IC2,Professional,initial,2013-06-01,,2018-07-15,2019-05-14,false,Lateral Move
505,139,Lucas Araújo Oliveira,BR,52,Retail,Regional Operations,Region North,retail_ops,General Management,IC2,Professional,Analyst General Management,STORE-BR-040,CC-BR-RET-03,27,Permanent,Active,1.0,Male,Parda,true,2019-06-01,false,true,2019-06-01,1991,IC2,Professional,initial,2013-06-01,,2019-05-15,2023-04-14,false,Transfer
506,139,Lucas Araújo Oliveira,BR,50,Retail,Sales,Floor Sales,retail_ops,Sales,IC2,Professional,Analyst Sales,STORE-BR-040,CC-BR-RET-02,1437,Permanent,Active,1.0,Male,Parda,true,2019-06-01,false,true,2019-06-01,1991,IC2,Professional,initial,2013-06-01,,2023-04-15,2024-02-19,false,Reorganization
507,139,Lucas Araújo Oliveira,BR,50,Retail,Sales,Floor Sales,retail_ops,Sales,IC2,Professional,Analyst Sales,STORE-BR-040,CC-BR-RET-02,2386,Permanent,Active,1.0,Male,Parda,true,2019-06-01,false,true,2019-06-01,1991,IC2,Professional,initial,2013-06-01,,2024-02-20,2025-01-14,false,Manager Change
508,139,Lucas Araújo Oliveira,BR,53,Retail,Regional Operations,Region Southeast,retail_ops,General Management,IC2,Professional,Analyst General Management,STORE-BR-040,CC-BR-RET-03,2920,Permanent,Active,1.0,Male,Parda,true,2019-06-01,false,true,2019-06-01,1991,IC2,Professional,initial,2013-06-01,,2025-01-15,,true,Reorganization
509,140,Vinícius López Torres,BR,55,Retail,Visual Merchandising,Store Design,retail_ops,Store Operations,M1,Manager,Coordinator Store Operations,STORE-BR-038,CC-BR-RET-04,14,Permanent,Active,0.5,Male,,false,,,false,,1967,M1,Manager,initial,2012-05-01,2018-02-18,2012-05-01,2018-02-17,false,Hire
510,140,Vinícius López Torres,BR,55,Retail,Visual Merchandising,Store Design,retail_ops,Store Operations,M1,Manager,Coordinator Store Operations,STORE-BR-038,CC-BR-RET-04,14,Permanent,Terminated,0.5,Male,,false,,,false,,1967,M1,Manager,initial,2012-05-01,2018-02-18,2018-02-18,,true,Termination
511,141,Nicolás Araújo Pérez,BR,51,Retail,Sales,Key Accounts,retail_ops,Sales,M1,Manager,Coordinator Sales,STORE-BR-018,CC-BR-RET-02,65,Permanent,Active,0.5,Female,,false,,,false,,1979,M1,Manager,initial,2014-06-01,2018-07-19,2014-06-01,2018-07-18,false,Hire
512,141,Nicolás Araújo Pérez,BR,51,Retail,Sales,Key Accounts,retail_ops,Sales,M1,Manager,Coordinator Sales,STORE-BR-018,CC-BR-RET-02,65,Permanent,Terminated,0.5,Female,,false,,,false,,1979,M1,Manager,initial,2014-06-01,2018-07-19,2018-07-19,,true,Termination
513,142,Aline Ferreira Sánchez,BR,55,Retail,Visual Merchandising,Store Design,retail_ops,Design,IC2,Professional,Analyst Design,STORE-BR-025,CC-BR-RET-04,294,Permanent,Active,0.75,Male,Branca,true,2019-06-01,false,true,2019-06-01,1989,IC2,Professional,initial,2014-03-01,2019-08-19,2014-03-01,2016-12-14,false,Hire
514,142,Aline Ferreira Sánchez,BR,50,Retail,Sales,Floor Sales,retail_ops,Sales,IC2,Professional,Analyst Sales,STORE-BR-012,CC-BR-RET-02,144,Permanent,Active,0.75,Male,Branca,true,2019-06-01,false,true,2019-06-01,1989,IC2,Professional,initial,2014-03-01,2019-08-19,2016-12-15,2017-06-16,false,Transfer
515,142,Aline Ferreira Sánchez,BR,50,Retail,Sales,Floor Sales,retail_ops,Sales,IC2,Professional,Analyst Sales,STORE-BR-012,CC-BR-RET-02,585,Permanent,Active,0.75,Male,Branca,true,2019-06-01,false,true,2019-06-01,1989,IC2,Professional,initial,2014-03-01,2019-08-19,2017-06-17,2018-03-26,false,Manager Change
516,142,Aline Ferreira Sánchez,BR,50,Retail,Sales,Floor Sales,retail_ops,Sales,IC2,Professional,Analyst Sales,STORE-BR-012,CC-BR-RET-02,162,Permanent,Active,0.75,Male,Branca,true,2019-06-01,false,true,2019-06-01,1989,IC2,Professional,initial,2014-03-01,2019-08-19,2018-03-27,2019-08-18,false,Manager Change
517,142,Aline Ferreira Sánchez,BR,50,Retail,Sales,Floor Sales,retail_ops,Sales,IC2,Professional,Analyst Sales,STORE-BR-012,CC-BR-RET-02,162,Permanent,Terminated,0.75,Male,Branca,true,2019-06-01,false,true,2019-06-01,1989,IC2,Professional,initial,2014-03-01,2019-08-19,2019-08-19,,true,Termination
518,143,Patrícia González Nunes,BR,64,Supply Chain,Procurement,Supplier Management,supply,Procurement,IC1,Entry,Assistant Procurement,DC-BR-003,CC-BR-SUP-03,204,Permanent,Active,1.0,Male,Branca,true,2019-06-01,false,true,2019-06-01,1991,IC1,Entry,initial,2015-06-01,2019-09-26,2015-06-01,2016-11-27,false,Hire
519,143,Patrícia González Nunes,BR,64,Supply Chain,Procurement,Supplier Management,supply,Procurement,IC1,Entry,Assistant Procurement,DC-BR-003,CC-BR-SUP-03,430,Permanent,Active,1.0,Male,Branca,true,2019-06-01,false,true,2019-06-01,1991,IC1,Entry,initial,2015-06-01,2019-09-26,2016-11-28,2019-09-25,false,Manager Change
520,143,Patrícia González Nunes,BR,64,Supply Chain,Procurement,Supplier Management,supply,Procurement,IC1,Entry,Assistant Procurement,DC-BR-003,CC-BR-SUP-03,430,Permanent,Terminated,1.0,Male,Branca,true,2019-06-01,false,true,2019-06-01,1991,IC1,Entry,initial,2015-06-01,2019-09-26,2019-09-26,,true,Termination
521,144,Felipe Barbosa Martins,BR,51,Retail,Sales,Key Accounts,retail_ops,Sales,IC3,Professional,Senior Analyst Sales,STORE-BR-018,CC-BR-RET-02,79,Permanent,Active,1.0,Male,,false,,,false,,1990,IC3,Professional,initial,2014-03-01,2017-06-17,2014-03-01,2017-06-16,false,Hire
522,144,Felipe Barbosa Martins,BR,51,Retail,Sales,Key Accounts,retail_ops,Sales,IC3,Professional,Senior Analyst Sales,STORE-BR-018,CC-BR-RET-02,79,Permanent,Terminated,1.0,Male,,false,,,false,,1990,IC3,Professional,initial,2014-03-01,2017-06-17,2017-06-17,,true,Termination
523,145,Diego Nunes Rodrigues,BR,56,Retail,Visual Merchandising,Merchandising,retail_ops,Design,IC1,Entry,Assistant Design,STORE-BR-042,CC-BR-RET-04,170,Permanent,Active,1.0,Female,,false,,,false,,1976,IC1,Entry,initial,2003-10-01,2017-03-17,2003-10-01,2017-03-16,false,Hire
524,145,Diego Nunes Rodrigues,BR,56,Retail,Visual Merchandising,Merchandising,retail_ops,Design,IC1,Entry,Assistant Design,STORE-BR-042,CC-BR-RET-04,170,Permanent,Terminated,1.0,Female,,false,,,false,,1976,IC1,Entry,initial,2003-10-01,2017-03-17,2017-03-17,,true,Termination
525,146,Rodrigo López Almeida,BR,52,Retail,Regional Operations,Region North,retail_ops,General Management,IC2,Professional,Analyst General Management,STORE-BR-036,CC-BR-RET-03,34,Intern,Active,1.0,Female,,false,,,false,,1993,IC2,Professional,initial,2015-11-01,2019-05-20,2015-11-01,2019-05-19,false,Hire
526,146,Rodrigo López Almeida,BR,52,Retail,Regional Operations,Region North,retail_ops,General Management,IC2,Professional,Analyst General Management,STORE-BR-036,CC-BR-RET-03,34,Intern,Terminated,1.0,Female,,false,,,false,,1993,IC2,Professional,initial,2015-11-01,2019-05-20,2019-05-20,,true,Termination
527,147,Aline Alves Oliveira,BR,10,Corporate,Legal,Corporate Legal,corporate,Legal,IC2,Professional,Analyst Legal,HQ-BR-001,CC-BR-COR-03,119,Permanent,Active,1.0,Female,,false,,,false,,1982,IC2,Professional,initial,2015-08-01,2016-03-23,2015-08-01,2016-03-22,false,Hire
528,147,Aline Alves Oliveira,BR,10,Corporate,Legal,Corporate Legal,corporate,Legal,IC2,Professional,Analyst Legal,HQ-BR-001,CC-BR-COR-03,119,Permanent,Terminated,1.0,Female,,false,,,false,,1982,IC2,Professional,initial,2015-08-01,2016-03-23,2016-03-23,,true,Termination
529,148,Daniela Flores Ribeiro,BR,66,Supply Chain,Planning,Supply Planning,supply,Data,IC1,Entry,Assistant Data,DC-BR-003,CC-BR-SUP-04,125,Permanent,Active,1.0,Female,Preta,true,2019-06-01,false,true,2019-06-01,1988,IC1,Entry,initial,2014-12-01,2022-08-18,2014-12-01,2016-08-22,false,Hire
530,148,Daniela Flores Ribeiro,BR,66,Supply Chain,Planning,Supply Planning,supply,Data,IC1,Entry,Assistant Data,DC-BR-003,CC-BR-SUP-04,9,Permanent,Active,1.0,Female,Preta,true,2019-06-01,false,true,2019-06-01,1988,IC1,Entry,initial,2014-12-01,2022-08-18,2016-08-23,2019-09-14,false,Manager Change
531,148,Daniela Flores Ribeiro,BR,66,Supply Chain,Planning,Supply Planning,supply,Data,IC2,Professional,Analyst Data,DC-BR-003,CC-BR-SUP-04,912,Permanent,Active,1.0,Female,Preta,true,2019-06-01,false,true,2019-06-01,1988,IC1,Entry,initial,2014-12-01,2022-08-18,2019-09-15,2019-11-17,false,Promotion
532,148,Daniela Flores Ribeiro,BR,66,Supply Chain,Planning,Supply Planning,supply,Data,IC2,Professional,Analyst Data,DC-BR-003,CC-BR-SUP-04,9,Permanent,Active,1.0,Female,Preta,true,2019-06-01,false,true,2019-06-01,1988,IC1,Entry,initial,2014-12-01,2022-08-18,2019-11-18,2022-08-17,false,Manager Change
533,148,Daniela Flores Ribeiro,BR,66,Supply Chain,Planning,Supply Planning,supply,Data,IC2,Professional,Analyst Data,DC-BR-003,CC-BR-SUP-04,9,Permanent,Terminated,1.0,Female,Preta,true,2019-06-01,false,true,2019-06-01,1988,IC1,Entry,initial,2014-12-01,2022-08-18,2022-08-18,,true,Termination
534,149,Diego García Araújo,BR,61,Supply Chain,Distribution Centers,Outbound,supply,Warehouse,IC1,Entry,Assistant Warehouse,DC-BR-006,CC-BR-SUP-02,48,Permanent,Active,1.0,Female,Nao informado,false,2019-06-01,false,true,2019-06-01,1987,IC1,Entry,initial,2013-03-01,,2013-03-01,2025-01-14,false,Hire
535,149,Diego García Araújo,BR,25,Corporate,Data & Analytics,Business Intelligence,corporate,Data,IC1,Entry,Assistant Data,DC-BR-006,CC-BR-COR-08,384,Permanent,Active,1.0,Female,Nao informado,false,2019-06-01,false,true,2019-06-01,1987,IC1,Entry,initial,2013-03-01,,2025-01-15,,true,Reorganization
536,150,Camila Souza Santos,BR,71,Customer,Customer Service,Escalations,customer,Customer Support,IC1,Entry,Assistant Customer Support,SITE-BR-004,CC-BR-CUS-02,53,Permanent,Active,1.0,Female,Nao informado,false,2019-06-01,false,true,2019-06-01,1986,IC1,Entry,initial,2012-01-01,,2012-01-01,2016-11-18,false,Hire
537,150,Camila Souza Santos,BR,71,Customer,Customer Service,Escalations,customer,Customer Support,IC1,Entry,Assistant Customer Support,SITE-BR-004,CC-BR-CUS-02,461,Permanent,Active,1.0,Female,Nao informado,false,2019-06-01,false,true,2019-06-01,1986,IC1,Entry,initial,2012-01-01,,2016-11-19,2020-03-14,false,Manager Change
538,150,Camila Souza Santos,BR,51,Retail,Sales,Key Accounts,retail_ops,Sales,IC1,Entry,Assistant Sales,STORE-BR-021,CC-BR-RET-02,85,Permanent,Active,1.0,Female,Nao informado,false,2019-06-01,false,true,2019-06-01,1986,IC1,Entry,initial,2012-01-01,,2020-03-15,2023-01-14,false,Transfer
539,150,Camila Souza Santos,BR,52,Retail,Regional Operations,Region North,retail_ops,General Management,IC1,Entry,Assistant General Management,STORE-BR-008,CC-BR-RET-03,2588,Permanent,Active,1.0,Female,Nao informado,false,2019-06-01,false,true,2019-06-01,1986,IC1,Entry,initial,2012-01-01,,2023-01-15,2024-02-14,false,Lateral Move
540,150,Camila Souza Santos,BR,52,Retail,Regional Operations,Region North,retail_ops,General Management,IC1,Entry,Assistant General Management,STORE-BR-011,CC-BR-RET-03,2657,Permanent,Active,1.0,Female,Nao informado,false,2019-06-01,false,true,2019-06-01,1986,IC1,Entry,initial,2012-01-01,,2024-02-15,2024-03-14,false,Lateral Move
541,150,Camila Souza Santos,BR,52,Retail,Regional Operations,Region North,retail_ops,General Management,IC2,Professional,Analyst General Management,STORE-BR-011,CC-BR-RET-03,2849,Permanent,Active,1.0,Female,Nao informado,false,2019-06-01,false,true,2019-06-01,1986,IC1,Entry,initial,2012-01-01,,2024-03-15,2024-09-14,false,Promotion
542,150,Camila Souza Santos,BR,52,Retail,Regional Operations,Region North,retail_ops,General Management,IC3,Professional,Senior Analyst General Management,STORE-BR-011,CC-BR-RET-03,27,Permanent,Active,1.0,Female,Nao informado,false,2019-06-01,false,true,2019-06-01,1986,IC1,Entry,initial,2012-01-01,,2024-09-15,2025-01-14,false,Promotion
543,150,Camila Souza Santos,BR,29,Digital,Engineering,Frontend,digital,Software Engineering,IC3,Professional,Senior Analyst Software Engineering,STORE-BR-011,CC-BR-DIG-01,86,Permanent,Active,1.0,Female,Nao informado,false,2019-06-01,false,true,2019-06-01,1986,IC1,Entry,initial,2012-01-01,,2025-01-15,,true,Reorganization
544,151,André Pérez Moreira,BR,48,Retail,Store Operations,Stockroom,retail_ops,Store Operations,IC1,Entry,Assistant Store Operations,STORE-BR-018,CC-BR-RET-01,190,Temporary,Active,1.0,Female,,false,,,false,,1993,IC1,Entry,initial,2015-06-01,2017-11-23,2015-06-01,2016-03-20,false,Hire
545,151,André Pérez Moreira,BR,48,Retail,Store Operations,Stockroom,retail_ops,Store Operations,IC1,Entry,Assistant Store Operations,STORE-BR-018,CC-BR-RET-01,385,Temporary,Active,1.0,Female,,false,,,false,,1993,IC1,Entry,initial,2015-06-01,2017-11-23,2016-03-21,2016-06-19,false,Manager Change
546,151,André Pérez Moreira,BR,48,Retail,Store Operations,Stockroom,retail_ops,Store Operations,IC1,Entry,Assistant Store Operations,STORE-BR-018,CC-BR-RET-01,280,Temporary,Active,1.0,Female,,false,,,false,,1993,IC1,Entry,initial,2015-06-01,2017-11-23,2016-06-20,2017-11-22,false,Manager Change
547,151,André Pérez Moreira,BR,48,Retail,Store Operations,Stockroom,retail_ops,Store Operations,IC1,Entry,Assistant Store Operations,STORE-BR-018,CC-BR-RET-01,280,Temporary,Terminated,1.0,Female,,false,,,false,,1993,IC1,Entry,initial,2015-06-01,2017-11-23,2017-11-23,,true,Termination
548,152,Daniela Barbosa Araújo,BR,37,Digital,UX,Product Design,digital,Design,IC2,Professional,Analyst Design,HQ-BR-001,CC-BR-DIG-04,205,Permanent,Active,1.0,Male,,false,,,false,,1990,IC2,Professional,initial,2012-04-01,2018-05-18,2012-04-01,2018-05-17,false,Hire
549,152,Daniela Barbosa Araújo,BR,37,Digital,UX,Product Design,digital,Design,IC2,Professional,Analyst Design,HQ-BR-001,CC-BR-DIG-04,205,Permanent,Terminated,1.0,Male,,false,,,false,,1990,IC2,Professional,initial,2012-04-01,2018-05-18,2018-05-18,,true,Termination
550,153,Luíza Torres Carvalho,BR,36,Digital,Data,Analytics Engineering,digital,Data,IC4,Senior Professional,Specialist Data,HQ-BR-001,CC-BR-DIG-03,314,Intern,Active,1.0,Female,Branca,true,2019-06-01,false,true,2019-06-01,1980,IC4,Senior Professional,initial,2015-07-01,,2015-07-01,2016-07-26,false,Hire
551,153,Luíza Torres Carvalho,BR,36,Digital,Data,Analytics Engineering,digital,Data,IC4,Senior Professional,Specialist Data,HQ-BR-001,CC-BR-DIG-03,70,Intern,Active,1.0,Female,Branca,true,2019-06-01,false,true,2019-06-01,1980,IC4,Senior Professional,initial,2015-07-01,,2016-07-27,2017-03-14,false,Manager Change
552,153,Luíza Torres Carvalho,BR,36,Digital,Data,Analytics Engineering,digital,Data,M1,Manager,Coordinator Data,HQ-BR-001,CC-BR-DIG-03,70,Intern,Active,1.0,Female,Branca,true,2019-06-01,false,true,2019-06-01,1980,IC4,Senior Professional,initial,2015-07-01,,2017-03-15,2020-07-15,false,Promotion
553,153,Luíza Torres Carvalho,BR,36,Digital,Data,Analytics Engineering,digital,Data,M1,Manager,Coordinator Data,HQ-BR-001,CC-BR-DIG-03,482,Intern,Active,1.0,Female,Branca,true,2019-06-01,false,true,2019-06-01,1980,IC4,Senior Professional,initial,2015-07-01,,2020-07-16,2022-09-14,false,Manager Change
554,153,Luíza Torres Carvalho,BR,66,Supply Chain,Planning,Supply Planning,supply,Data,M1,Manager,Coordinator Data,DC-BR-004,CC-BR-SUP-04,1786,Intern,Active,1.0,Female,Branca,true,2019-06-01,false,true,2019-06-01,1980,IC4,Senior Professional,initial,2015-07-01,,2022-09-15,2024-08-14,false,Transfer
555,153,Luíza Torres Carvalho,BR,63,Supply Chain,Procurement,Sourcing,supply,Procurement,M1,Manager,Coordinator Procurement,DC-BR-002,CC-BR-SUP-03,208,Intern,Active,1.0,Female,Branca,true,2019-06-01,false,true,2019-06-01,1980,IC4,Senior Professional,initial,2015-07-01,,2024-08-15,2025-01-14,false,Lateral Move
556,153,Luíza Torres Carvalho,BR,46,Retail,Store Operations,Store Management,retail_ops,Store Operations,M1,Manager,Coordinator Store Operations,DC-BR-002,CC-BR-RET-01,3348,Intern,Active,1.0,Female,Branca,true,2019-06-01,false,true,2019-06-01,1980,IC4,Senior Professional,initial,2015-07-01,,2025-01-15,,true,Reorganization
557,154,Camilo Nunes Carvalho,BR,69,Customer,Customer Service,Contact Center,customer,Customer Support,IC1,Entry,Assistant Customer Support,SITE-BR-004,CC-BR-CUS-02,242,Permanent,Active,1.0,Male,,false,,,false,,1994,IC1,Entry,initial,2015-09-01,2017-04-16,2015-09-01,2017-04-15,false,Hire
558,154,Camilo Nunes Carvalho,BR,69,Customer,Customer Service,Contact Center,customer,Customer Support,IC1,Entry,Assistant Customer Support,SITE-BR-004,CC-BR-CUS-02,242,Permanent,Terminated,1.0,Male,,false,,,false,,1994,IC1,Entry,initial,2015-09-01,2017-04-16,2017-04-16,,true,Termination
559,155,Gabriel Alves Almeida,BR,10,Corporate,Legal,Corporate Legal,corporate,Legal,IC2,Professional,Analyst Legal,HQ-BR-001,CC-BR-COR-03,119,Permanent,Active,1.0,Male,Branca,true,2019-06-01,false,true,2019-06-01,1991,IC2,Professional,initial,2013-09-01,,2013-09-01,2021-03-14,false,Hire
560,155,Gabriel Alves Almeida,BR,10,Corporate,Legal,Corporate Legal,corporate,Legal,IC3,Professional,Senior Analyst Legal,HQ-BR-001,CC-BR-COR-03,1065,Permanent,Active,1.0,Male,Branca,true,2019-06-01,false,true,2019-06-01,1991,IC2,Professional,initial,2013-09-01,,2021-03-15,2021-12-14,false,Promotion
561,155,Gabriel Alves Almeida,BR,56,Retail,Visual Merchandising,Merchandising,retail_ops,Store Operations,IC3,Professional,Senior Analyst Store Operations,STORE-BR-033,CC-BR-RET-04,1018,Permanent,Active,1.0,Male,Branca,true,2019-06-01,false,true,2019-06-01,1991,IC2,Professional,initial,2013-09-01,,2021-12-15,2025-01-14,false,Lateral Move
562,155,Gabriel Alves Almeida,BR,50,Retail,Sales,Floor Sales,retail_ops,Sales,IC3,Professional,Senior Analyst Sales,STORE-BR-033,CC-BR-RET-02,1268,Permanent,Active,1.0,Male,Branca,true,2019-06-01,false,true,2019-06-01,1991,IC2,Professional,initial,2013-09-01,,2025-01-15,,true,Reorganization
563,156,André Rodrigues Lima,BR,1,Corporate,People,Talent Acquisition,corporate,People,IC2,Professional,Analyst People,HQ-BR-001,CC-BR-COR-01,278,Permanent,Active,1.0,Male,Parda,true,2019-06-01,,false,,1978,IC2,Professional,initial,2013-10-01,,2013-10-01,2024-09-14,false,Hire
564,156,André Rodrigues Lima,BR,1,Corporate,People,Talent Acquisition,corporate,People,IC3,Professional,Senior Analyst People,HQ-BR-001,CC-BR-COR-01,3379,Permanent,Active,1.0,Male,Parda,true,2019-06-01,,false,,1978,IC2,Professional,initial,2013-10-01,,2024-09-15,2024-11-24,false,Promotion
565,156,André Rodrigues Lima,BR,1,Corporate,People,Talent Acquisition,corporate,People,IC3,Professional,Senior Analyst People,HQ-BR-001,CC-BR-COR-01,1966,Permanent,Active,1.0,Male,Parda,true,2019-06-01,,false,,1978,IC2,Professional,initial,2013-10-01,,2024-11-25,2025-01-14,false,Manager Change
566,156,André Rodrigues Lima,BR,64,Supply Chain,Procurement,Supplier Management,supply,Procurement,IC3,Professional,Senior Analyst Procurement,HQ-BR-001,CC-BR-SUP-03,1971,Permanent,Active,1.0,Male,Parda,true,2019-06-01,,false,,1978,IC2,Professional,initial,2013-10-01,,2025-01-15,,true,Reorganization
567,157,Juliana Torres Melo,BR,51,Retail,Sales,Key Accounts,retail_ops,Sales,IC1,Entry,Assistant Sales,STORE-BR-029,CC-BR-RET-02,7,Permanent,Active,0.5,Male,,false,,,false,,1996,IC1,Entry,initial,2014-10-01,2016-01-21,2014-10-01,2016-01-20,false,Hire
568,157,Juliana Torres Melo,BR,51,Retail,Sales,Key Accounts,retail_ops,Sales,IC1,Entry,Assistant Sales,STORE-BR-029,CC-BR-RET-02,7,Permanent,Terminated,0.5,Male,,false,,,false,,1996,IC1,Entry,initial,2014-10-01,2016-01-21,2016-01-21,,true,Termination
569,158,Pedro Martins García,BR,64,Supply Chain,Procurement,Supplier Management,supply,Procurement,IC1,Entry,Assistant Procurement,DC-BR-004,CC-BR-SUP-03,302,Permanent,Active,1.0,Male,Branca,true,2019-06-01,false,true,2019-06-01,1991,IC1,Entry,initial,2015-07-01,2019-12-21,2015-07-01,2019-12-20,false,Hire
570,158,Pedro Martins García,BR,64,Supply Chain,Procurement,Supplier Management,supply,Procurement,IC1,Entry,Assistant Procurement,DC-BR-004,CC-BR-SUP-03,302,Permanent,Terminated,1.0,Male,Branca,true,2019-06-01,false,true,2019-06-01,1991,IC1,Entry,initial,2015-07-01,2019-12-21,2019-12-21,,true,Termination
571,159,Isabella Oliveira Alves,BR,56,Retail,Visual Merchandising,Merchandising,retail_ops,Design,IC1,Entry,Assistant Design,STORE-BR-005,CC-BR-RET-04,223,Temporary,Active,1.0,Male,,false,,,false,,1989,IC1,Entry,initial,2011-05-01,2017-09-22,2011-05-01,2017-09-21,false,Hire
572,159,Isabella Oliveira Alves,BR,56,Retail,Visual Merchandising,Merchandising,retail_ops,Design,IC1,Entry,Assistant Design,STORE-BR-005,CC-BR-RET-04,223,Temporary,Terminated,1.0,Male,,false,,,false,,1989,IC1,Entry,initial,2011-05-01,2017-09-22,2017-09-22,,true,Termination
573,160,Maria Oliveira Sánchez,BR,51,Retail,Sales,Key Accounts,retail_ops,Sales,IC2,Professional,Analyst Sales,STORE-BR-016,CC-BR-RET-02,144,Permanent,Active,1.0,Female,Parda,true,2019-06-01,false,true,2019-06-01,1975,IC2,Professional,initial,2007-03-01,,2007-03-01,2017-06-16,false,Hire
574,160,Maria Oliveira Sánchez,BR,51,Retail,Sales,Key Accounts,retail_ops,Sales,IC2,Professional,Analyst Sales,STORE-BR-016,CC-BR-RET-02,585,Permanent,Active,1.0,Female,Parda,true,2019-06-01,false,true,2019-06-01,1975,IC2,Professional,initial,2007-03-01,,2017-06-17,2018-03-26,false,Manager Change
575,160,Maria Oliveira Sánchez,BR,51,Retail,Sales,Key Accounts,retail_ops,Sales,IC2,Professional,Analyst Sales,STORE-BR-016,CC-BR-RET-02,162,Permanent,Active,1.0,Female,Parda,true,2019-06-01,false,true,2019-06-01,1975,IC2,Professional,initial,2007-03-01,,2018-03-27,2020-03-14,false,Manager Change
576,160,Maria Oliveira Sánchez,BR,51,Retail,Sales,Key Accounts,retail_ops,Sales,IC3,Professional,Senior Analyst Sales,STORE-BR-016,CC-BR-RET-02,1018,Permanent,Active,1.0,Female,Parda,true,2019-06-01,false,true,2019-06-01,1975,IC2,Professional,initial,2007-03-01,,2020-03-15,2022-04-14,false,Promotion
577,160,Maria Oliveira Sánchez,BR,56,Retail,Visual Merchandising,Merchandising,retail_ops,Store Operations,IC3,Professional,Senior Analyst Store Operations,STORE-BR-035,CC-BR-RET-04,1018,Permanent,Active,1.0,Female,Parda,true,2019-06-01,false,true,2019-06-01,1975,IC2,Professional,initial,2007-03-01,,2022-04-15,2023-03-14,false,Transfer
578,160,Maria Oliveira Sánchez,BR,56,Retail,Visual Merchandising,Merchandising,retail_ops,Store Operations,M1,Manager,Coordinator Store Operations,STORE-BR-035,CC-BR-RET-04,1426,Permanent,Active,1.0,Female,Parda,true,2019-06-01,false,true,2019-06-01,1975,IC2,Professional,initial,2007-03-01,,2023-03-15,2023-04-14,false,Promotion
579,160,Maria Oliveira Sánchez,BR,61,Supply Chain,Distribution Centers,Outbound,supply,Warehouse,M1,Manager,Coordinator Warehouse,STORE-BR-035,CC-BR-SUP-02,335,Permanent,Active,1.0,Female,Parda,true,2019-06-01,false,true,2019-06-01,1975,IC2,Professional,initial,2007-03-01,,2023-04-15,2024-03-14,false,Reorganization
580,160,Maria Oliveira Sánchez,BR,61,Supply Chain,Distribution Centers,Outbound,supply,Warehouse,M2,Manager,Manager Warehouse,STORE-BR-035,CC-BR-SUP-02,335,Permanent,Active,1.0,Female,Parda,true,2019-06-01,false,true,2019-06-01,1975,IC2,Professional,initial,2007-03-01,,2024-03-15,2025-01-14,false,Promotion
581,160,Maria Oliveira Sánchez,BR,64,Supply Chain,Procurement,Supplier Management,supply,Procurement,M2,Manager,Manager Procurement,STORE-BR-035,CC-BR-SUP-03,1934,Permanent,Active,1.0,Female,Parda,true,2019-06-01,false,true,2019-06-01,1975,IC2,Professional,initial,2007-03-01,,2025-01-15,,true,Reorganization
582,161,Gabriel Flores Almeida,BR,50,Retail,Sales,Floor Sales,retail_ops,Sales,IC2,Professional,Analyst Sales,STORE-BR-013,CC-BR-RET-02,144,Permanent,Active,1.0,Male,,false,,,false,,1993,IC2,Professional,initial,2015-12-01,2016-06-27,2015-12-01,2016-06-26,false,Hire
583,161,Gabriel Flores Almeida,BR,50,Retail,Sales,Floor Sales,retail_ops,Sales,IC2,Professional,Analyst Sales,STORE-BR-013,CC-BR-RET-02,144,Permanent,Terminated,1.0,Male,,false,,,false,,1993,IC2,Professional,initial,2015-12-01,2016-06-27,2016-06-27,,true,Termination
584,162,Santiago Almeida Martínez,BR,19,Corporate,Strategy,PMO,corporate,Strategy,IC4,Senior Professional,Specialist Strategy,HQ-BR-001,CC-BR-COR-05,193,Permanent,Active,1.0,Male,Branca,true,2019-06-01,,false,,1978,IC4,Senior Professional,initial,2014-10-01,2022-05-16,2014-10-01,2016-10-14,false,Hire
585,162,Santiago Almeida Martínez,BR,59,Supply Chain,Logistics,Reverse Logistics,supply,Logistics,IC4,Senior Professional,Specialist Logistics,DC-BR-006,CC-BR-SUP-01,303,Permanent,Active,1.0,Male,Branca,true,2019-06-01,,false,,1978,IC4,Senior Professional,initial,2014-10-01,2022-05-16,2016-10-15,2017-07-14,false,Lateral Move
586,162,Santiago Almeida Martínez,BR,51,Retail,Sales,Key Accounts,retail_ops,Sales,IC4,Senior Professional,Specialist Sales,STORE-BR-015,CC-BR-RET-02,79,Permanent,Active,1.0,Male,Branca,true,2019-06-01,,false,,1978,IC4,Senior Professional,initial,2014-10-01,2022-05-16,2017-07-15,2018-03-14,false,Transfer
587,162,Santiago Almeida Martínez,BR,51,Retail,Sales,Key Accounts,retail_ops,Sales,IC5,Senior Professional,Principal Specialist Sales,STORE-BR-015,CC-BR-RET-02,141,Permanent,Active,1.0,Male,Branca,true,2019-06-01,,false,,1978,IC4,Senior Professional,initial,2014-10-01,2022-05-16,2018-03-15,2018-07-18,false,Promotion
588,162,Santiago Almeida Martínez,BR,51,Retail,Sales,Key Accounts,retail_ops,Sales,IC5,Senior Professional,Principal Specialist Sales,STORE-BR-015,CC-BR-RET-02,721,Permanent,Active,1.0,Male,Branca,true,2019-06-01,,false,,1978,IC4,Senior Professional,initial,2014-10-01,2022-05-16,2018-07-19,2022-05-15,false,Manager Change
589,162,Santiago Almeida Martínez,BR,51,Retail,Sales,Key Accounts,retail_ops,Sales,IC5,Senior Professional,Principal Specialist Sales,STORE-BR-015,CC-BR-RET-02,721,Permanent,Terminated,1.0,Male,Branca,true,2019-06-01,,false,,1978,IC4,Senior Professional,initial,2014-10-01,2022-05-16,2022-05-16,,true,Termination
590,163,Marcelo Flores González,BR,73,Customer,Customer Operations,Returns,customer,Logistics,IC1,Entry,Assistant Logistics,SITE-BR-004,CC-BR-CUS-03,165,Permanent,Active,1.0,Male,,false,,,false,,1992,IC1,Entry,initial,2013-03-01,2017-02-26,2013-03-01,2017-02-25,false,Hire
591,163,Marcelo Flores González,BR,73,Customer,Customer Operations,Returns,customer,Logistics,IC1,Entry,Assistant Logistics,SITE-BR-004,CC-BR-CUS-03,165,Permanent,Terminated,1.0,Male,,false,,,false,,1992,IC1,Entry,initial,2013-03-01,2017-02-26,2017-02-26,,true,Termination
592,164,José Martínez Rodríguez,BR,33,Digital,Product,Product Ops,digital,Product Management,IC1,Entry,Assistant Product Management,HQ-BR-001,CC-BR-DIG-02,116,Temporary,Active,1.0,Female,,false,,,false,,1985,IC1,Entry,initial,2013-11-01,2016-01-28,2013-11-01,2016-01-27,false,Hire
593,164,José Martínez Rodríguez,BR,33,Digital,Product,Product Ops,digital,Product Management,IC1,Entry,Assistant Product Management,HQ-BR-001,CC-BR-DIG-02,116,Temporary,Terminated,1.0,Female,,false,,,false,,1985,IC1,Entry,initial,2013-11-01,2016-01-28,2016-01-28,,true,Termination
594,165,Eduardo Costa Ramírez,BR,73,Customer,Customer Operations,Returns,customer,Logistics,IC2,Professional,Analyst Logistics,SITE-BR-001,CC-BR-CUS-03,252,Permanent,Active,1.0,Male,Preta,true,2019-06-01,false,true,2019-06-01,1978,IC2,Professional,initial,2012-11-01,2019-12-21,2012-11-01,2019-12-20,false,Hire
595,165,Eduardo Costa Ramírez,BR,73,Customer,Customer Operations,Returns,customer,Logistics,IC2,Professional,Analyst Logistics,SITE-BR-001,CC-BR-CUS-03,252,Permanent,Terminated,1.0,Male,Preta,true,2019-06-01,false,true,2019-06-01,1978,IC2,Professional,initial,2012-11-01,2019-12-21,2019-12-21,,true,Termination
596,166,Renata Ribeiro Gomes,BR,20,Corporate,Procurement,Indirect Procurement,corporate,Procurement,IC2,Professional,Analyst Procurement,HQ-BR-001,CC-BR-COR-06,243,Permanent,Active,1.0,Female,Branca,true,2019-06-01,false,true,2019-06-01,1986,IC2,Professional,initial,2016-01-01,2021-09-27,2016-01-01,2017-04-14,false,Hire
597,166,Renata Ribeiro Gomes,BR,62,Supply Chain,Distribution Centers,Inventory,supply,Warehouse,IC2,Professional,Analyst Warehouse,DC-BR-005,CC-BR-SUP-02,517,Permanent,Active,1.0,Female,Branca,true,2019-06-01,false,true,2019-06-01,1986,IC2,Professional,initial,2016-01-01,2021-09-27,2017-04-15,2019-09-14,false,Lateral Move
598,166,Renata Ribeiro Gomes,BR,62,Supply Chain,Distribution Centers,Inventory,supply,Warehouse,IC3,Professional,Senior Analyst Warehouse,DC-BR-005,CC-BR-SUP-02,741,Permanent,Active,1.0,Female,Branca,true,2019-06-01,false,true,2019-06-01,1986,IC2,Professional,initial,2016-01-01,2021-09-27,2019-09-15,2021-09-26,false,Promotion
599,166,Renata Ribeiro Gomes,BR,62,Supply Chain,Distribution Centers,Inventory,supply,Warehouse,IC3,Professional,Senior Analyst Warehouse,DC-BR-005,CC-BR-SUP-02,741,Permanent,Terminated,1.0,Female,Branca,true,2019-06-01,false,true,2019-06-01,1986,IC2,Professional,initial,2016-01-01,2021-09-27,2021-09-27,,true,Termination
600,167,Paula Rodrigues Nunes,BR,23,Corporate,Risk,Risk Management,corporate,Risk & Compliance,IC1,Entry,Assistant Risk & Compliance,HQ-BR-001,CC-BR-COR-07,117,Permanent,Active,1.0,Male,,false,,,false,,1995,IC1,Entry,initial,2015-07-01,2018-10-23,2015-07-01,2017-07-14,false,Hire
601,167,Paula Rodrigues Nunes,BR,47,Retail,Store Operations,Cashier,retail_ops,Store Operations,IC1,Entry,Assistant Store Operations,STORE-BR-044,CC-BR-RET-01,522,Permanent,Active,1.0,Male,,false,,,false,,1995,IC1,Entry,initial,2015-07-01,2018-10-23,2017-07-15,2018-03-14,false,Transfer
602,167,Paula Rodrigues Nunes,BR,47,Retail,Store Operations,Cashier,retail_ops,Store Operations,IC2,Professional,Analyst Store Operations,STORE-BR-044,CC-BR-RET-01,691,Permanent,Active,1.0,Male,,false,,,false,,1995,IC1,Entry,initial,2015-07-01,2018-10-23,2018-03-15,2018-08-14,false,Promotion
603,167,Paula Rodrigues Nunes,BR,54,Retail,Regional Operations,Region South,retail_ops,Store Operations,IC2,Professional,Analyst Store Operations,STORE-BR-021,CC-BR-RET-03,477,Permanent,Active,1.0,Male,,false,,,false,,1995,IC1,Entry,initial,2015-07-01,2018-10-23,2018-08-15,2018-10-22,false,Transfer
604,167,Paula Rodrigues Nunes,BR,54,Retail,Regional Operations,Region South,retail_ops,Store Operations,IC2,Professional,Analyst Store Operations,STORE-BR-021,CC-BR-RET-03,477,Permanent,Terminated,1.0,Male,,false,,,false,,1995,IC1,Entry,initial,2015-07-01,2018-10-23,2018-10-23,,true,Termination
605,168,Camilo Gomes López,BR,44,Digital,Digital Marketing,Paid Media,digital,Marketing,IC5,Senior Professional,Principal Specialist Marketing,HQ-BR-001,CC-BR-DIG-06,8,Permanent,Active,1.0,Male,,false,,,false,,1976,IC5,Senior Professional,initial,2008-05-01,2016-08-18,2008-05-01,2016-08-17,false,Hire
606,168,Camilo Gomes López,BR,44,Digital,Digital Marketing,Paid Media,digital,Marketing,IC5,Senior Professional,Principal Specialist Marketing,HQ-BR-001,CC-BR-DIG-06,8,Permanent,Terminated,1.0,Male,,false,,,false,,1976,IC5,Senior Professional,initial,2008-05-01,2016-08-18,2016-08-18,,true,Termination
607,169,Eduardo Martínez Nunes,BR,55,Retail,Visual Merchandising,Store Design,retail_ops,Design,IC1,Entry,Assistant Design,STORE-BR-023,CC-BR-RET-04,238,Apprentice,Active,0.5,Female,,false,,,false,,1997,IC1,Entry,initial,2015-10-01,2018-05-27,2015-10-01,2018-03-14,false,Hire
608,169,Eduardo Martínez Nunes,BR,55,Retail,Visual Merchandising,Store Design,retail_ops,Design,IC2,Professional,Analyst Design,STORE-BR-023,CC-BR-RET-04,586,Apprentice,Active,0.5,Female,,false,,,false,,1997,IC1,Entry,initial,2015-10-01,2018-05-27,2018-03-15,2018-05-26,false,Promotion
609,169,Eduardo Martínez Nunes,BR,55,Retail,Visual Merchandising,Store Design,retail_ops,Design,IC2,Professional,Analyst Design,STORE-BR-023,CC-BR-RET-04,586,Apprentice,Terminated,0.5,Female,,false,,,false,,1997,IC1,Entry,initial,2015-10-01,2018-05-27,2018-05-27,,true,Termination
610,170,Beatriz Martins Martínez,BR,55,Retail,Visual Merchandising,Store Design,retail_ops,Store Operations,IC2,Professional,Analyst Store Operations,STORE-BR-016,CC-BR-RET-04,273,Permanent,Active,1.0,Male,,false,,,false,,1987,IC2,Professional,initial,2015-07-01,2017-05-20,2015-07-01,2016-03-14,false,Hire
611,170,Beatriz Martins Martínez,BR,17,Corporate,Strategy,Corporate Strategy,corporate,Strategy,IC2,Professional,Analyst Strategy,HQ-BR-001,CC-BR-COR-05,162,Permanent,Active,1.0,Male,,false,,,false,,1987,IC2,Professional,initial,2015-07-01,2017-05-20,2016-03-15,2017-05-19,false,Lateral Move
612,170,Beatriz Martins Martínez,BR,17,Corporate,Strategy,Corporate Strategy,corporate,Strategy,IC2,Professional,Analyst Strategy,HQ-BR-001,CC-BR-COR-05,162,Permanent,Terminated,1.0,Male,,false,,,false,,1987,IC2,Professional,initial,2015-07-01,2017-05-20,2017-05-20,,true,Termination
613,171,Luíza Pereira Flores,BR,70,Customer,Customer Service,Chat,customer,Customer Support,IC4,Senior Professional,Specialist Customer Support,SITE-BR-002,CC-BR-CUS-02,194,Permanent,Active,1.0,Male,,false,,,false,,1982,IC4,Senior Professional,initial,2016-01-01,2019-05-16,2016-01-01,2018-09-14,false,Hire
614,171,Luíza Pereira Flores,BR,70,Customer,Customer Service,Chat,customer,Customer Support,M2,Manager,Manager Customer Support,SITE-BR-002,CC-BR-CUS-02,673,Permanent,Active,1.0,Male,,false,,,false,,1982,IC4,Senior Professional,initial,2016-01-01,2019-05-16,2018-09-15,2018-12-17,false,Promotion
615,171,Luíza Pereira Flores,BR,70,Customer,Customer Service,Chat,customer,Customer Support,M2,Manager,Manager Customer Support,SITE-BR-002,CC-BR-CUS-02,687,Permanent,Active,1.0,Male,,false,,,false,,1982,IC4,Senior Professional,initial,2016-01-01,2019-05-16,2018-12-18,2019-05-15,false,Manager Change
616,171,Luíza Pereira Flores,BR,70,Customer,Customer Service,Chat,customer,Customer Support,M2,Manager,Manager Customer Support,SITE-BR-002,CC-BR-CUS-02,687,Permanent,Terminated,1.0,Male,,false,,,false,,1982,IC4,Senior Professional,initial,2016-01-01,2019-05-16,2019-05-16,,true,Termination
617,172,Mateo Pérez Ribeiro,BR,44,Digital,Digital Marketing,Paid Media,digital,Marketing,IC2,Professional,Analyst Marketing,HQ-BR-001,CC-BR-DIG-06,168,Permanent,Active,1.0,Female,Preta,true,2019-06-01,,false,,1973,IC2,Professional,initial,2009-10-01,2025-09-28,2009-10-01,2016-08-17,false,Hire
618,172,Mateo Pérez Ribeiro,BR,44,Digital,Digital Marketing,Paid Media,digital,Marketing,IC2,Professional,Analyst Marketing,HQ-BR-001,CC-BR-DIG-06,420,Permanent,Active,1.0,Female,Preta,true,2019-06-01,,false,,1973,IC2,Professional,initial,2009-10-01,2025-09-28,2016-08-18,2019-03-14,false,Manager Change
619,172,Mateo Pérez Ribeiro,BR,44,Digital,Digital Marketing,Paid Media,digital,Marketing,IC3,Professional,Senior Analyst Marketing,HQ-BR-001,CC-BR-DIG-06,909,Permanent,Active,1.0,Female,Preta,true,2019-06-01,,false,,1973,IC2,Professional,initial,2009-10-01,2025-09-28,2019-03-15,2022-05-21,false,Promotion
620,172,Mateo Pérez Ribeiro,BR,44,Digital,Digital Marketing,Paid Media,digital,Marketing,IC3,Professional,Senior Analyst Marketing,HQ-BR-001,CC-BR-DIG-06,587,Permanent,Active,1.0,Female,Preta,true,2019-06-01,,false,,1973,IC2,Professional,initial,2009-10-01,2025-09-28,2022-05-22,2025-01-14,false,Manager Change
621,172,Mateo Pérez Ribeiro,BR,71,Customer,Customer Service,Escalations,customer,Customer Support,IC3,Professional,Senior Analyst Customer Support,HQ-BR-001,CC-BR-CUS-02,1639,Permanent,Active,1.0,Female,Preta,true,2019-06-01,,false,,1973,IC2,Professional,initial,2009-10-01,2025-09-28,2025-01-15,2025-09-27,false,Reorganization
622,172,Mateo Pérez Ribeiro,BR,71,Customer,Customer Service,Escalations,customer,Customer Support,IC3,Professional,Senior Analyst Customer Support,HQ-BR-001,CC-BR-CUS-02,1639,Permanent,Terminated,1.0,Female,Preta,true,2019-06-01,,false,,1973,IC2,Professional,initial,2009-10-01,2025-09-28,2025-09-28,,true,Termination
623,173,Marcelo Nunes Alves,BR,55,Retail,Visual Merchandising,Store Design,retail_ops,Store Operations,IC1,Entry,Assistant Store Operations,STORE-BR-037,CC-BR-RET-04,11,Permanent,Active,1.0,Female,,false,,,false,,1984,IC1,Entry,initial,2010-10-01,2018-03-27,2010-10-01,2017-03-14,false,Hire
624,173,Marcelo Nunes Alves,BR,55,Retail,Visual Merchandising,Store Design,retail_ops,Store Operations,IC2,Professional,Analyst Store Operations,STORE-BR-037,CC-BR-RET-04,294,Permanent,Active,1.0,Female,,false,,,false,,1984,IC1,Entry,initial,2010-10-01,2018-03-27,2017-03-15,2018-02-14,false,Promotion
625,173,Marcelo Nunes Alves,BR,53,Retail,Regional Operations,Region Southeast,retail_ops,Store Operations,IC2,Professional,Analyst Store Operations,STORE-BR-043,CC-BR-RET-03,27,Permanent,Active,1.0,Female,,false,,,false,,1984,IC1,Entry,initial,2010-10-01,2018-03-27,2018-02-15,2018-03-26,false,Transfer
626,173,Marcelo Nunes Alves,BR,53,Retail,Regional Operations,Region Southeast,retail_ops,Store Operations,IC2,Professional,Analyst Store Operations,STORE-BR-043,CC-BR-RET-03,27,Permanent,Terminated,1.0,Female,,false,,,false,,1984,IC1,Entry,initial,2010-10-01,2018-03-27,2018-03-27,,true,Termination
627,174,Luíza Martínez Nunes,BR,54,Retail,Regional Operations,Region South,retail_ops,Store Operations,IC2,Professional,Analyst Store Operations,STORE-BR-007,CC-BR-RET-03,34,Permanent,Active,0.5,Male,Preta,true,2019-06-01,false,true,2019-06-01,1983,IC2,Professional,initial,2012-10-01,,2012-10-01,2023-04-14,false,Hire
628,174,Luíza Martínez Nunes,BR,60,Supply Chain,Distribution Centers,Inbound,supply,Warehouse,IC2,Professional,Analyst Warehouse,STORE-BR-007,CC-BR-SUP-02,915,Permanent,Active,0.5,Male,Preta,true,2019-06-01,false,true,2019-06-01,1983,IC2,Professional,initial,2012-10-01,,2023-04-15,2025-01-14,false,Reorganization
629,174,Luíza Martínez Nunes,BR,64,Supply Chain,Procurement,Supplier Management,supply,Procurement,IC2,Professional,Analyst Procurement,STORE-BR-007,CC-BR-SUP-03,474,Permanent,Active,0.5,Male,Preta,true,2019-06-01,false,true,2019-06-01,1983,IC2,Professional,initial,2012-10-01,,2025-01-15,2025-08-14,false,Reorganization
630,174,Luíza Martínez Nunes,BR,64,Supply Chain,Procurement,Supplier Management,supply,Procurement,IC2,Professional,Analyst Procurement,DC-BR-005,CC-BR-SUP-03,3991,Permanent,Active,0.5,Male,Preta,true,2019-06-01,false,true,2019-06-01,1983,IC2,Professional,initial,2012-10-01,,2025-08-15,2026-01-27,false,Transfer
631,174,Luíza Martínez Nunes,BR,64,Supply Chain,Procurement,Supplier Management,supply,Procurement,IC2,Professional,Analyst Procurement,DC-BR-005,CC-BR-SUP-03,1042,Permanent,Active,0.5,Male,Preta,true,2019-06-01,false,true,2019-06-01,1983,IC2,Professional,initial,2012-10-01,,2026-01-28,,true,Manager Change
632,175,André Martins Flores,BR,20,Corporate,Procurement,Indirect Procurement,corporate,Procurement,IC2,Professional,Analyst Procurement,HQ-BR-001,CC-BR-COR-06,286,Apprentice,Active,1.0,Female,Branca,true,2019-06-01,false,true,2019-06-01,1977,IC2,Professional,initial,2012-07-01,2023-07-21,2012-07-01,2023-07-20,false,Hire
633,175,André Martins Flores,BR,20,Corporate,Procurement,Indirect Procurement,corporate,Procurement,IC2,Professional,Analyst Procurement,HQ-BR-001,CC-BR-COR-06,286,Apprentice,Terminated,1.0,Female,Branca,true,2019-06-01,false,true,2019-06-01,1977,IC2,Professional,initial,2012-07-01,2023-07-21,2023-07-21,,true,Termination
634,176,Thiago Martínez Lima,BR,68,Customer,Customer Experience,Voice of Customer,customer,Customer Support,IC1,Entry,Assistant Customer Support,SITE-BR-002,CC-BR-CUS-01,329,Permanent,Active,1.0,Male,,false,,,false,,1984,IC1,Entry,initial,2010-11-01,2017-06-26,2010-11-01,2016-08-26,false,Hire
635,176,Thiago Martínez Lima,BR,68,Customer,Customer Experience,Voice of Customer,customer,Customer Support,IC1,Entry,Assistant Customer Support,SITE-BR-002,CC-BR-CUS-01,90,Permanent,Active,1.0,Male,,false,,,false,,1984,IC1,Entry,initial,2010-11-01,2017-06-26,2016-08-27,2017-06-25,false,Manager Change
636,176,Thiago Martínez Lima,BR,68,Customer,Customer Experience,Voice of Customer,customer,Customer Support,IC1,Entry,Assistant Customer Support,SITE-BR-002,CC-BR-CUS-01,90,Permanent,Terminated,1.0,Male,,false,,,false,,1984,IC1,Entry,initial,2010-11-01,2017-06-26,2017-06-26,,true,Termination
637,177,André Flores Pérez,BR,37,Digital,UX,Product Design,digital,Design,IC5,Senior Professional,Principal Specialist Design,HQ-BR-001,CC-BR-DIG-04,129,Permanent,Active,1.0,Female,Parda,true,2019-06-01,false,true,2019-06-01,1987,IC5,Senior Professional,initial,2015-08-01,,2015-08-01,2017-03-16,false,Hire
638,177,André Flores Pérez,BR,37,Digital,UX,Product Design,digital,Design,IC5,Senior Professional,Principal Specialist Design,HQ-BR-001,CC-BR-DIG-04,528,Permanent,Active,1.0,Female,Parda,true,2019-06-01,false,true,2019-06-01,1987,IC5,Senior Professional,initial,2015-08-01,,2017-03-17,2021-02-27,false,Manager Change
639,177,André Flores Pérez,BR,37,Digital,UX,Product Design,digital,Design,IC5,Senior Professional,Principal Specialist Design,HQ-BR-001,CC-BR-DIG-04,194,Permanent,Active,1.0,Female,Parda,true,2019-06-01,false,true,2019-06-01,1987,IC5,Senior Professional,initial,2015-08-01,,2021-02-28,2025-01-14,false,Manager Change
640,177,André Flores Pérez,BR,73,Customer,Customer Operations,Returns,customer,Customer Support,IC5,Senior Professional,Principal Specialist Customer Support,HQ-BR-001,CC-BR-CUS-03,310,Permanent,Active,1.0,Female,Parda,true,2019-06-01,false,true,2019-06-01,1987,IC5,Senior Professional,initial,2015-08-01,,2025-01-15,2026-03-14,false,Reorganization
641,177,André Flores Pérez,BR,73,Customer,Customer Operations,Returns,customer,Customer Support,M2,Manager,Manager Customer Support,HQ-BR-001,CC-BR-CUS-03,945,Permanent,Active,1.0,Female,Parda,true,2019-06-01,false,true,2019-06-01,1987,IC5,Senior Professional,initial,2015-08-01,,2026-03-15,,true,Promotion
642,178,Mateo Melo Lima,BR,37,Digital,UX,Product Design,digital,Design,IC4,Senior Professional,Specialist Design,HQ-BR-001,CC-BR-DIG-04,177,Permanent,Active,1.0,Male,,false,,,false,,1977,IC4,Senior Professional,initial,2014-08-01,2016-05-25,2014-08-01,2016-05-24,false,Hire
643,178,Mateo Melo Lima,BR,37,Digital,UX,Product Design,digital,Design,IC4,Senior Professional,Specialist Design,HQ-BR-001,CC-BR-DIG-04,177,Permanent,Terminated,1.0,Male,,false,,,false,,1977,IC4,Senior Professional,initial,2014-08-01,2016-05-25,2016-05-25,,true,Termination
644,179,Daniela Flores Martínez,BR,65,Supply Chain,Planning,Demand Planning,supply,Data,IC1,Entry,Assistant Data,DC-BR-003,CC-BR-SUP-04,125,Permanent,Active,1.0,Male,Preta,true,2019-06-01,false,true,2019-06-01,1993,IC1,Entry,initial,2012-10-01,,2012-10-01,2016-08-22,false,Hire
645,179,Daniela Flores Martínez,BR,65,Supply Chain,Planning,Demand Planning,supply,Data,IC1,Entry,Assistant Data,DC-BR-003,CC-BR-SUP-04,9,Permanent,Active,1.0,Male,Preta,true,2019-06-01,false,true,2019-06-01,1993,IC1,Entry,initial,2012-10-01,,2016-08-23,2020-07-14,false,Manager Change
646,179,Daniela Flores Martínez,BR,8,Corporate,Finance,Accounting,corporate,Finance,IC1,Entry,Assistant Finance,HQ-BR-001,CC-BR-COR-02,1016,Permanent,Active,1.0,Male,Preta,true,2019-06-01,false,true,2019-06-01,1993,IC1,Entry,initial,2012-10-01,,2020-07-15,2021-06-19,false,Transfer
647,179,Daniela Flores Martínez,BR,8,Corporate,Finance,Accounting,corporate,Finance,IC1,Entry,Assistant Finance,HQ-BR-001,CC-BR-COR-02,1146,Permanent,Active,1.0,Male,Preta,true,2019-06-01,false,true,2019-06-01,1993,IC1,Entry,initial,2012-10-01,,2021-06-20,2024-11-18,false,Manager Change
648,179,Daniela Flores Martínez,BR,8,Corporate,Finance,Accounting,corporate,Finance,IC1,Entry,Assistant Finance,HQ-BR-001,CC-BR-COR-02,3052,Permanent,Active,1.0,Male,Preta,true,2019-06-01,false,true,2019-06-01,1993,IC1,Entry,initial,2012-10-01,,2024-11-19,2025-01-14,false,Manager Change
649,179,Daniela Flores Martínez,BR,25,Corporate,Data & Analytics,Business Intelligence,corporate,Data,IC1,Entry,Assistant Data,HQ-BR-001,CC-BR-COR-08,1182,Permanent,Active,1.0,Male,Preta,true,2019-06-01,false,true,2019-06-01,1993,IC1,Entry,initial,2012-10-01,,2025-01-15,,true,Reorganization
650,180,Letícia Martins Lima,BR,51,Retail,Sales,Key Accounts,retail_ops,Sales,IC1,Entry,Assistant Sales,STORE-BR-041,CC-BR-RET-02,24,Permanent,Active,1.0,Male,,false,,,false,,1991,IC1,Entry,initial,2011-09-01,2016-01-26,2011-09-01,2016-01-25,false,Hire
651,180,Letícia Martins Lima,BR,51,Retail,Sales,Key Accounts,retail_ops,Sales,IC1,Entry,Assistant Sales,STORE-BR-041,CC-BR-RET-02,24,Permanent,Terminated,1.0,Male,,false,,,false,,1991,IC1,Entry,initial,2011-09-01,2016-01-26,2016-01-26,,true,Termination
652,181,Vinícius Pérez Silva,BR,56,Retail,Visual Merchandising,Merchandising,retail_ops,Store Operations,M1,Manager,Coordinator Store Operations,STORE-BR-022,CC-BR-RET-04,14,Intern,Active,1.0,Male,Branca,true,2019-06-01,,false,,1972,M1,Manager,initial,2016-01-01,2021-03-28,2016-01-01,2018-09-14,false,Hire
653,181,Vinícius Pérez Silva,BR,56,Retail,Visual Merchandising,Merchandising,retail_ops,Store Operations,M2,Manager,Manager Store Operations,STORE-BR-022,CC-BR-RET-04,700,Intern,Active,1.0,Male,Branca,true,2019-06-01,,false,,1972,M1,Manager,initial,2016-01-01,2021-03-28,2018-09-15,2021-03-27,false,Promotion
654,181,Vinícius Pérez Silva,BR,56,Retail,Visual Merchandising,Merchandising,retail_ops,Store Operations,M2,Manager,Manager Store Operations,STORE-BR-022,CC-BR-RET-04,700,Intern,Terminated,1.0,Male,Branca,true,2019-06-01,,false,,1972,M1,Manager,initial,2016-01-01,2021-03-28,2021-03-28,,true,Termination
655,182,Rafael Rodrigues Flores,BR,49,Retail,Store Operations,Security,retail_ops,Store Operations,IC1,Entry,Assistant Store Operations,STORE-BR-031,CC-BR-RET-01,221,Permanent,Active,1.0,Male,Nao informado,false,2019-06-01,false,true,2019-06-01,1993,IC1,Entry,initial,2012-07-01,,2012-07-01,2017-09-20,false,Hire
656,182,Rafael Rodrigues Flores,BR,49,Retail,Store Operations,Security,retail_ops,Store Operations,IC1,Entry,Assistant Store Operations,STORE-BR-031,CC-BR-RET-01,77,Permanent,Active,1.0,Male,Nao informado,false,2019-06-01,false,true,2019-06-01,1993,IC1,Entry,initial,2012-07-01,,2017-09-21,2022-02-23,false,Manager Change
657,182,Rafael Rodrigues Flores,BR,49,Retail,Store Operations,Security,retail_ops,Store Operations,IC1,Entry,Assistant Store Operations,STORE-BR-031,CC-BR-RET-01,850,Permanent,Active,1.0,Male,Nao informado,false,2019-06-01,false,true,2019-06-01,1993,IC1,Entry,initial,2012-07-01,,2022-02-24,2025-01-14,false,Manager Change
658,182,Rafael Rodrigues Flores,BR,51,Retail,Sales,Key Accounts,retail_ops,Sales,IC1,Entry,Assistant Sales,STORE-BR-031,CC-BR-RET-02,2781,Permanent,Active,1.0,Male,Nao informado,false,2019-06-01,false,true,2019-06-01,1993,IC1,Entry,initial,2012-07-01,,2025-01-15,2026-03-14,false,Reorganization
659,182,Rafael Rodrigues Flores,BR,67,Customer,Customer Experience,CX Design,customer,Design,IC1,Entry,Assistant Design,SITE-BR-003,CC-BR-CUS-01,3154,Permanent,Active,1.0,Male,Nao informado,false,2019-06-01,false,true,2019-06-01,1993,IC1,Entry,initial,2012-07-01,,2026-03-15,,true,Transfer
660,183,Camilo Oliveira Costa,BR,1,Corporate,People,Talent Acquisition,corporate,People,IC3,Professional,Senior Analyst People,HQ-BR-001,CC-BR-COR-01,327,Permanent,Active,1.0,Male,Branca,true,2019-06-01,,false,,1971,IC3,Professional,initial,2002-01-01,2025-07-16,2002-01-01,2016-09-14,false,Hire
661,183,Camilo Oliveira Costa,BR,1,Corporate,People,Talent Acquisition,corporate,People,IC4,Senior Professional,Specialist People,HQ-BR-001,CC-BR-COR-01,327,Permanent,Active,1.0,Male,Branca,true,2019-06-01,,false,,1971,IC3,Professional,initial,2002-01-01,2025-07-16,2016-09-15,2023-04-14,false,Promotion
662,183,Camilo Oliveira Costa,BR,53,Retail,Regional Operations,Region Southeast,retail_ops,General Management,IC4,Senior Professional,Specialist General Management,HQ-BR-001,CC-BR-RET-03,406,Permanent,Active,1.0,Male,Branca,true,2019-06-01,,false,,1971,IC3,Professional,initial,2002-01-01,2025-07-16,2023-04-15,2025-01-14,false,Reorganization
663,183,Camilo Oliveira Costa,BR,51,Retail,Sales,Key Accounts,retail_ops,Sales,IC4,Senior Professional,Specialist Sales,HQ-BR-001,CC-BR-RET-02,1651,Permanent,Active,1.0,Male,Branca,true,2019-06-01,,false,,1971,IC3,Professional,initial,2002-01-01,2025-07-16,2025-01-15,2025-05-14,false,Reorganization
664,183,Camilo Oliveira Costa,BR,55,Retail,Visual Merchandising,Store Design,retail_ops,Store Operations,IC4,Senior Professional,Specialist Store Operations,STORE-BR-032,CC-BR-RET-04,2774,Permanent,Active,1.0,Male,Branca,true,2019-06-01,,false,,1971,IC3,Professional,initial,2002-01-01,2025-07-16,2025-05-15,2025-07-15,false,Transfer
665,183,Camilo Oliveira Costa,BR,55,Retail,Visual Merchandising,Store Design,retail_ops,Store Operations,IC4,Senior Professional,Specialist Store Operations,STORE-BR-032,CC-BR-RET-04,2774,Permanent,Terminated,1.0,Male,Branca,true,2019-06-01,,false,,1971,IC3,Professional,initial,2002-01-01,2025-07-16,2025-07-16,,true,Termination
666,184,Valentina Martínez Santos,BR,47,Retail,Store Operations,Cashier,retail_ops,Store Operations,IC2,Professional,Analyst Store Operations,STORE-BR-025,CC-BR-RET-01,136,Permanent,Active,0.75,Female,,false,,,false,,1981,IC2,Professional,initial,2015-03-01,2016-01-18,2015-03-01,2016-01-17,false,Hire
667,184,Valentina Martínez Santos,BR,47,Retail,Store Operations,Cashier,retail_ops,Store Operations,IC2,Professional,Analyst Store Operations,STORE-BR-025,CC-BR-RET-01,136,Permanent,Terminated,0.75,Female,,false,,,false,,1981,IC2,Professional,initial,2015-03-01,2016-01-18,2016-01-18,,true,Termination
668,185,Renata Martins Torres,BR,56,Retail,Visual Merchandising,Merchandising,retail_ops,Design,IC1,Entry,Assistant Design,STORE-BR-004,CC-BR-RET-04,32,Permanent,Active,1.0,Female,,false,,,false,,1990,IC1,Entry,initial,2015-10-01,2016-11-28,2015-10-01,2016-11-27,false,Hire
669,185,Renata Martins Torres,BR,56,Retail,Visual Merchandising,Merchandising,retail_ops,Design,IC1,Entry,Assistant Design,STORE-BR-004,CC-BR-RET-04,32,Permanent,Terminated,1.0,Female,,false,,,false,,1990,IC1,Entry,initial,2015-10-01,2016-11-28,2016-11-28,,true,Termination
670,186,Nicolás Lima Rodríguez,BR,50,Retail,Sales,Floor Sales,retail_ops,Sales,IC1,Entry,Assistant Sales,STORE-BR-013,CC-BR-RET-02,26,Permanent,Active,1.0,Female,,false,,,false,,1996,IC1,Entry,initial,2015-01-01,2019-01-26,2015-01-01,2019-01-25,false,Hire
671,186,Nicolás Lima Rodríguez,BR,50,Retail,Sales,Floor Sales,retail_ops,Sales,IC1,Entry,Assistant Sales,STORE-BR-013,CC-BR-RET-02,26,Permanent,Terminated,1.0,Female,,false,,,false,,1996,IC1,Entry,initial,2015-01-01,2019-01-26,2019-01-26,,true,Termination
672,187,Paula Ferreira Moreira,BR,21,Corporate,Procurement,Contracts,corporate,Procurement,IC5,Senior Professional,Principal Specialist Procurement,HQ-BR-001,CC-BR-COR-06,62,Permanent,Active,1.0,Female,Parda,true,2019-06-01,false,true,2019-06-01,1963,IC5,Senior Professional,initial,2003-10-01,2019-07-17,2003-10-01,2016-03-14,false,Hire
673,187,Paula Ferreira Moreira,BR,21,Corporate,Procurement,Contracts,corporate,Procurement,M2,Manager,Manager Procurement,HQ-BR-001,CC-BR-COR-06,62,Permanent,Active,1.0,Female,Parda,true,2019-06-01,false,true,2019-06-01,1963,IC5,Senior Professional,initial,2003-10-01,2019-07-17,2016-03-15,2018-06-14,false,Promotion
674,187,Paula Ferreira Moreira,BR,51,Retail,Sales,Key Accounts,retail_ops,Sales,M2,Manager,Manager Sales,STORE-BR-008,CC-BR-RET-02,578,Permanent,Active,1.0,Female,Parda,true,2019-06-01,false,true,2019-06-01,1963,IC5,Senior Professional,initial,2003-10-01,2019-07-17,2018-06-15,2018-08-18,false,Transfer
675,187,Paula Ferreira Moreira,BR,51,Retail,Sales,Key Accounts,retail_ops,Sales,M2,Manager,Manager Sales,STORE-BR-008,CC-BR-RET-02,121,Permanent,Active,1.0,Female,Parda,true,2019-06-01,false,true,2019-06-01,1963,IC5,Senior Professional,initial,2003-10-01,2019-07-17,2018-08-19,2019-07-16,false,Manager Change
676,187,Paula Ferreira Moreira,BR,51,Retail,Sales,Key Accounts,retail_ops,Sales,M2,Manager,Manager Sales,STORE-BR-008,CC-BR-RET-02,121,Permanent,Terminated,1.0,Female,Parda,true,2019-06-01,false,true,2019-06-01,1963,IC5,Senior Professional,initial,2003-10-01,2019-07-17,2019-07-17,,true,Termination
677,188,Thiago Martínez Torres,BR,59,Supply Chain,Logistics,Reverse Logistics,supply,Logistics,IC1,Entry,Assistant Logistics,DC-BR-002,CC-BR-SUP-01,276,Permanent,Active,1.0,Male,Parda,true,2019-06-01,false,true,2019-06-01,1995,IC1,Entry,initial,2015-02-01,2019-09-18,2015-02-01,2019-09-17,false,Hire
678,188,Thiago Martínez Torres,BR,59,Supply Chain,Logistics,Reverse Logistics,supply,Logistics,IC1,Entry,Assistant Logistics,DC-BR-002,CC-BR-SUP-01,276,Permanent,Terminated,1.0,Male,Parda,true,2019-06-01,false,true,2019-06-01,1995,IC1,Entry,initial,2015-02-01,2019-09-18,2019-09-18,,true,Termination
679,189,Vanessa Alves Nunes,BR,47,Retail,Store Operations,Cashier,retail_ops,Store Operations,IC2,Professional,Analyst Store Operations,STORE-BR-011,CC-BR-RET-01,136,Apprentice,Active,1.0,Female,Nao informado,false,2019-06-01,false,true,2019-06-01,1980,IC2,Professional,initial,2009-05-01,2021-06-28,2009-05-01,2016-03-14,false,Hire
680,189,Vanessa Alves Nunes,BR,69,Customer,Customer Service,Contact Center,customer,Customer Support,IC2,Professional,Analyst Customer Support,SITE-BR-003,CC-BR-CUS-02,171,Apprentice,Active,1.0,Female,Nao informado,false,2019-06-01,false,true,2019-06-01,1980,IC2,Professional,initial,2009-05-01,2021-06-28,2016-03-15,2019-03-14,false,Transfer
681,189,Vanessa Alves Nunes,BR,56,Retail,Visual Merchandising,Merchandising,retail_ops,Store Operations,IC2,Professional,Analyst Store Operations,STORE-BR-006,CC-BR-RET-04,901,Apprentice,Active,1.0,Female,Nao informado,false,2019-06-01,false,true,2019-06-01,1980,IC2,Professional,initial,2009-05-01,2021-06-28,2019-03-15,2019-04-17,false,Transfer
682,189,Vanessa Alves Nunes,BR,56,Retail,Visual Merchandising,Merchandising,retail_ops,Store Operations,IC2,Professional,Analyst Store Operations,STORE-BR-006,CC-BR-RET-04,960,Apprentice,Active,1.0,Female,Nao informado,false,2019-06-01,false,true,2019-06-01,1980,IC2,Professional,initial,2009-05-01,2021-06-28,2019-04-18,2021-06-27,false,Manager Change
683,189,Vanessa Alves Nunes,BR,56,Retail,Visual Merchandising,Merchandising,retail_ops,Store Operations,IC2,Professional,Analyst Store Operations,STORE-BR-006,CC-BR-RET-04,960,Apprentice,Terminated,1.0,Female,Nao informado,false,2019-06-01,false,true,2019-06-01,1980,IC2,Professional,initial,2009-05-01,2021-06-28,2021-06-28,,true,Termination
684,190,Valentina Melo Sánchez,BR,47,Retail,Store Operations,Cashier,retail_ops,Store Operations,IC2,Professional,Analyst Store Operations,STORE-BR-025,CC-BR-RET-01,136,Permanent,Active,0.5,Female,,false,,,false,,1989,IC2,Professional,initial,2015-12-01,2016-03-21,2015-12-01,2016-03-20,false,Hire
685,190,Valentina Melo Sánchez,BR,47,Retail,Store Operations,Cashier,retail_ops,Store Operations,IC2,Professional,Analyst Store Operations,STORE-BR-025,CC-BR-RET-01,136,Permanent,Terminated,0.5,Female,,false,,,false,,1989,IC2,Professional,initial,2015-12-01,2016-03-21,2016-03-21,,true,Termination
686,191,Lucas Carvalho Barbosa,BR,50,Retail,Sales,Floor Sales,retail_ops,Sales,IC1,Entry,Assistant Sales,STORE-BR-042,CC-BR-RET-02,42,Temporary,Active,0.75,Male,Nao informado,false,2019-06-01,false,true,2019-06-01,1988,IC1,Entry,initial,2012-07-01,,2012-07-01,2018-05-27,false,Hire
687,191,Lucas Carvalho Barbosa,BR,50,Retail,Sales,Floor Sales,retail_ops,Sales,IC1,Entry,Assistant Sales,STORE-BR-042,CC-BR-RET-02,326,Temporary,Active,0.75,Male,Nao informado,false,2019-06-01,false,true,2019-06-01,1988,IC1,Entry,initial,2012-07-01,,2018-05-28,2022-09-14,false,Manager Change
688,191,Lucas Carvalho Barbosa,BR,50,Retail,Sales,Floor Sales,retail_ops,Sales,IC2,Professional,Analyst Sales,STORE-BR-042,CC-BR-RET-02,1866,Temporary,Active,0.75,Male,Nao informado,false,2019-06-01,false,true,2019-06-01,1988,IC1,Entry,initial,2012-07-01,,2022-09-15,2024-03-27,false,Promotion
689,191,Lucas Carvalho Barbosa,BR,50,Retail,Sales,Floor Sales,retail_ops,Sales,IC2,Professional,Analyst Sales,STORE-BR-042,CC-BR-RET-02,138,Temporary,Active,0.75,Male,Nao informado,false,2019-06-01,false,true,2019-06-01,1988,IC1,Entry,initial,2012-07-01,,2024-03-28,2024-09-14,false,Manager Change
690,191,Lucas Carvalho Barbosa,BR,50,Retail,Sales,Floor Sales,retail_ops,Sales,IC3,Professional,Senior Analyst Sales,STORE-BR-042,CC-BR-RET-02,1379,Temporary,Active,0.75,Male,Nao informado,false,2019-06-01,false,true,2019-06-01,1988,IC1,Entry,initial,2012-07-01,,2024-09-15,2025-01-14,false,Promotion
691,191,Lucas Carvalho Barbosa,BR,75,Marketplace,Marketplace Operations,Quality,digital,Marketplace Operations,IC3,Professional,Senior Analyst Marketplace Operations,STORE-BR-042,CC-BR-MKT-01,3759,Temporary,Active,0.75,Male,Nao informado,false,2019-06-01,false,true,2019-06-01,1988,IC1,Entry,initial,2012-07-01,,2025-01-15,,true,Reorganization
692,192,Camila Moreira Ramírez,BR,32,Digital,Product,Product Management,digital,Product Management,IC5,Senior Professional,Principal Specialist Product Management,HQ-BR-001,CC-BR-DIG-02,310,Permanent,Active,1.0,Male,,false,,,false,,1982,IC5,Senior Professional,initial,2010-05-01,2018-07-19,2010-05-01,2018-07-18,false,Hire
693,192,Camila Moreira Ramírez,BR,32,Digital,Product,Product Management,digital,Product Management,IC5,Senior Professional,Principal Specialist Product Management,HQ-BR-001,CC-BR-DIG-02,310,Permanent,Terminated,1.0,Male,,false,,,false,,1982,IC5,Senior Professional,initial,2010-05-01,2018-07-19,2018-07-19,,true,Termination
694,193,Camila García Martínez,BR,18,Corporate,Strategy,M&A,corporate,Strategy,M1,Manager,Coordinator Strategy,HQ-BR-001,CC-BR-COR-05,261,Permanent,Active,1.0,Male,Nao informado,false,2019-06-01,false,true,2019-06-01,1982,M1,Manager,initial,2012-07-01,2025-06-27,2012-07-01,2025-01-14,false,Hire
695,193,Camila García Martínez,BR,61,Supply Chain,Distribution Centers,Outbound,supply,Warehouse,M1,Manager,Coordinator Warehouse,HQ-BR-001,CC-BR-SUP-02,160,Permanent,Active,1.0,Male,Nao informado,false,2019-06-01,false,true,2019-06-01,1982,M1,Manager,initial,2012-07-01,2025-06-27,2025-01-15,2025-06-26,false,Reorganization
696,193,Camila García Martínez,BR,61,Supply Chain,Distribution Centers,Outbound,supply,Warehouse,M1,Manager,Coordinator Warehouse,HQ-BR-001,CC-BR-SUP-02,160,Permanent,Terminated,1.0,Male,Nao informado,false,2019-06-01,false,true,2019-06-01,1982,M1,Manager,initial,2012-07-01,2025-06-27,2025-06-27,,true,Termination
697,194,Luíza Flores Almeida,BR,67,Customer,Customer Experience,CX Design,customer,Customer Support,M1,Manager,Coordinator Customer Support,SITE-BR-004,CC-BR-CUS-01,246,Permanent,Active,1.0,Male,Indigena,true,2019-06-01,false,true,2019-06-01,1969,M1,Manager,initial,2011-03-01,,2011-03-01,2018-02-14,false,Hire
698,194,Luíza Flores Almeida,BR,39,Digital,UX,Design System,digital,Design,M1,Manager,Coordinator Design,HQ-BR-001,CC-BR-DIG-04,281,Permanent,Active,1.0,Male,Indigena,true,2019-06-01,false,true,2019-06-01,1969,M1,Manager,initial,2011-03-01,,2018-02-15,2022-03-14,false,Transfer
699,194,Luíza Flores Almeida,BR,39,Digital,UX,Design System,digital,Design,M2,Manager,Manager Design,HQ-BR-001,CC-BR-DIG-04,876,Permanent,Active,1.0,Male,Indigena,true,2019-06-01,false,true,2019-06-01,1969,M1,Manager,initial,2011-03-01,,2022-03-15,2024-09-14,false,Promotion
700,194,Luíza Flores Almeida,BR,39,Digital,UX,Design System,digital,Design,M3,Senior Manager,Senior Manager Design,HQ-BR-001,CC-BR-DIG-04,876,Permanent,Active,1.0,Male,Indigena,true,2019-06-01,false,true,2019-06-01,1969,M1,Manager,initial,2011-03-01,,2024-09-15,2025-01-14,false,Promotion
701,194,Luíza Flores Almeida,BR,26,Corporate,Data & Analytics,Data Governance,corporate,Data,M3,Senior Manager,Senior Manager Data,HQ-BR-001,CC-BR-COR-08,687,Permanent,Active,1.0,Male,Indigena,true,2019-06-01,false,true,2019-06-01,1969,M1,Manager,initial,2011-03-01,,2025-01-15,,true,Reorganization
702,195,Santiago Costa Santos,BR,56,Retail,Visual Merchandising,Merchandising,retail_ops,Design,IC1,Entry,Assistant Design,STORE-BR-037,CC-BR-RET-04,71,Permanent,Active,1.0,Male,Nao informado,false,2019-06-01,,false,,1990,IC1,Entry,initial,2014-12-01,2022-03-24,2014-12-01,2016-10-14,false,Hire
703,195,Santiago Costa Santos,BR,20,Corporate,Procurement,Indirect Procurement,corporate,Procurement,IC1,Entry,Assistant Procurement,HQ-BR-001,CC-BR-COR-06,47,Permanent,Active,1.0,Male,Nao informado,false,2019-06-01,,false,,1990,IC1,Entry,initial,2014-12-01,2022-03-24,2016-10-15,2019-09-14,false,Transfer
704,195,Santiago Costa Santos,BR,20,Corporate,Procurement,Indirect Procurement,corporate,Procurement,IC2,Professional,Analyst Procurement,HQ-BR-001,CC-BR-COR-06,953,Permanent,Active,1.0,Male,Nao informado,false,2019-06-01,,false,,1990,IC1,Entry,initial,2014-12-01,2022-03-24,2019-09-15,2022-03-23,false,Promotion
705,195,Santiago Costa Santos,BR,20,Corporate,Procurement,Indirect Procurement,corporate,Procurement,IC2,Professional,Analyst Procurement,HQ-BR-001,CC-BR-COR-06,953,Permanent,Terminated,1.0,Male,Nao informado,false,2019-06-01,,false,,1990,IC1,Entry,initial,2014-12-01,2022-03-24,2022-03-24,,true,Termination
706,196,Juliana Barbosa Araújo,BR,11,Corporate,Legal,Compliance,corporate,Legal,IC5,Senior Professional,Principal Specialist Legal,HQ-BR-001,CC-BR-COR-03,307,Permanent,Active,1.0,Female,Amarela,true,2019-06-01,false,true,2019-06-01,1971,IC5,Senior Professional,initial,2015-03-01,,2015-03-01,2017-09-14,false,Hire
707,196,Juliana Barbosa Araújo,BR,11,Corporate,Legal,Compliance,corporate,Legal,M3,Senior Manager,Senior Manager Legal,HQ-BR-001,CC-BR-COR-03,321,Permanent,Active,1.0,Female,Amarela,true,2019-06-01,false,true,2019-06-01,1971,IC5,Senior Professional,initial,2015-03-01,,2017-09-15,2019-04-14,false,Promotion
708,196,Juliana Barbosa Araújo,BR,72,Customer,Customer Operations,Order Support,customer,Customer Support,M3,Senior Manager,Senior Manager Customer Support,SITE-BR-001,CC-BR-CUS-03,933,Permanent,Active,1.0,Female,Amarela,true,2019-06-01,false,true,2019-06-01,1971,IC5,Senior Professional,initial,2015-03-01,,2019-04-15,2021-02-20,false,Transfer
709,196,Juliana Barbosa Araújo,BR,72,Customer,Customer Operations,Order Support,customer,Customer Support,M3,Senior Manager,Senior Manager Customer Support,SITE-BR-001,CC-BR-CUS-03,692,Permanent,Active,1.0,Female,Amarela,true,2019-06-01,false,true,2019-06-01,1971,IC5,Senior Professional,initial,2015-03-01,,2021-02-21,2022-04-14,false,Manager Change
710,196,Juliana Barbosa Araújo,BR,42,Digital,E-commerce,Catalog,digital,Software Engineering,M3,Senior Manager,Senior Manager Software Engineering,HQ-BR-001,CC-BR-DIG-05,873,Permanent,Active,1.0,Female,Amarela,true,2019-06-01,false,true,2019-06-01,1971,IC5,Senior Professional,initial,2015-03-01,,2022-04-15,2023-04-14,false,Transfer
711,196,Juliana Barbosa Araújo,BR,46,Retail,Store Operations,Store Management,retail_ops,Store Operations,M3,Senior Manager,Senior Manager Store Operations,HQ-BR-001,CC-BR-RET-01,700,Permanent,Active,1.0,Female,Amarela,true,2019-06-01,false,true,2019-06-01,1971,IC5,Senior Professional,initial,2015-03-01,,2023-04-15,2025-01-14,false,Reorganization
712,196,Juliana Barbosa Araújo,BR,4,Corporate,People,People Analytics,corporate,People,M3,Senior Manager,Senior Manager People,HQ-BR-001,CC-BR-COR-01,10,Permanent,Active,1.0,Female,Amarela,true,2019-06-01,false,true,2019-06-01,1971,IC5,Senior Professional,initial,2015-03-01,,2025-01-15,,true,Reorganization
713,197,Santiago Martínez Ferreira,BR,36,Digital,Data,Analytics Engineering,digital,Data,IC3,Professional,Senior Analyst Data,HQ-BR-001,CC-BR-DIG-03,153,Permanent,Active,1.0,Female,,false,,,false,,1980,IC3,Professional,initial,2014-12-01,2018-08-16,2014-12-01,2016-03-14,false,Hire
714,197,Santiago Martínez Ferreira,BR,36,Digital,Data,Analytics Engineering,digital,Data,IC4,Senior Professional,Specialist Data,HQ-BR-001,CC-BR-DIG-03,314,Permanent,Active,1.0,Female,,false,,,false,,1980,IC3,Professional,initial,2014-12-01,2018-08-16,2016-03-15,2016-07-26,false,Promotion
715,197,Santiago Martínez Ferreira,BR,36,Digital,Data,Analytics Engineering,digital,Data,IC4,Senior Professional,Specialist Data,HQ-BR-001,CC-BR-DIG-03,70,Permanent,Active,1.0,Female,,false,,,false,,1980,IC3,Professional,initial,2014-12-01,2018-08-16,2016-07-27,2018-08-15,false,Manager Change
716,197,Santiago Martínez Ferreira,BR,36,Digital,Data,Analytics Engineering,digital,Data,IC4,Senior Professional,Specialist Data,HQ-BR-001,CC-BR-DIG-03,70,Permanent,Terminated,1.0,Female,,false,,,false,,1980,IC3,Professional,initial,2014-12-01,2018-08-16,2018-08-16,,true,Termination
717,198,Beatriz Torres Moreira,BR,54,Retail,Regional Operations,Region South,retail_ops,General Management,IC1,Entry,Assistant General Management,STORE-BR-034,CC-BR-RET-03,239,Permanent,Active,1.0,Female,,false,,,false,,1997,IC1,Entry,initial,2016-01-01,2016-10-23,2016-01-01,2016-10-22,false,Hire
718,198,Beatriz Torres Moreira,BR,54,Retail,Regional Operations,Region South,retail_ops,General Management,IC1,Entry,Assistant General Management,STORE-BR-034,CC-BR-RET-03,239,Permanent,Terminated,1.0,Female,,false,,,false,,1997,IC1,Entry,initial,2016-01-01,2016-10-23,2016-10-23,,true,Termination
719,199,Juliana Santos Almeida,BR,41,Digital,E-commerce,Checkout,digital,Software Engineering,IC2,Professional,Analyst Software Engineering,HQ-BR-001,CC-BR-DIG-05,310,Permanent,Active,1.0,Female,,false,,,false,,1974,IC2,Professional,initial,2003-09-01,2018-06-28,2003-09-01,2016-09-14,false,Hire
720,199,Juliana Santos Almeida,BR,41,Digital,E-commerce,Checkout,digital,Software Engineering,IC3,Professional,Senior Analyst Software Engineering,HQ-BR-001,CC-BR-DIG-05,310,Permanent,Active,1.0,Female,,false,,,false,,1974,IC2,Professional,initial,2003-09-01,2018-06-28,2016-09-15,2018-06-27,false,Promotion
721,199,Juliana Santos Almeida,BR,41,Digital,E-commerce,Checkout,digital,Software Engineering,IC3,Professional,Senior Analyst Software Engineering,HQ-BR-001,CC-BR-DIG-05,310,Permanent,Terminated,1.0,Female,,false,,,false,,1974,IC2,Professional,initial,2003-09-01,2018-06-28,2018-06-28,,true,Termination
722,200,Ana Silva Martins,BR,4,Corporate,People,People Analytics,corporate,People,IC2,Professional,Analyst People,HQ-BR-001,CC-BR-COR-01,298,Temporary,Active,1.0,Male,Parda,true,2019-06-01,true,true,2019-06-01,1973,IC2,Professional,initial,2005-04-01,2020-07-23,2005-04-01,2018-05-14,false,Hire
723,200,Ana Silva Martins,BR,56,Retail,Visual Merchandising,Merchandising,retail_ops,Store Operations,IC2,Professional,Analyst Store Operations,STORE-BR-037,CC-BR-RET-04,586,Temporary,Active,1.0,Male,Parda,true,2019-06-01,true,true,2019-06-01,1973,IC2,Professional,initial,2005-04-01,2020-07-23,2018-05-15,2019-07-18,false,Transfer
724,200,Ana Silva Martins,BR,56,Retail,Visual Merchandising,Merchandising,retail_ops,Store Operations,IC2,Professional,Analyst Store Operations,STORE-BR-037,CC-BR-RET-04,273,Temporary,Active,1.0,Male,Parda,true,2019-06-01,true,true,2019-06-01,1973,IC2,Professional,initial,2005-04-01,2020-07-23,2019-07-19,2020-07-22,false,Manager Change
725,200,Ana Silva Martins,BR,56,Retail,Visual Merchandising,Merchandising,retail_ops,Store Operations,IC2,Professional,Analyst Store Operations,STORE-BR-037,CC-BR-RET-04,273,Temporary,Terminated,1.0,Male,Parda,true,2019-06-01,true,true,2019-06-01,1973,IC2,Professional,initial,2005-04-01,2020-07-23,2020-07-23,,true,Termination
726,201,Marcelo Silva Flores,BR,50,Retail,Sales,Floor Sales,retail_ops,Sales,IC2,Professional,Analyst Sales,STORE-BR-005,CC-BR-RET-02,144,Permanent,Active,1.0,Female,,false,,,false,,1976,IC2,Professional,initial,2009-03-01,2018-09-17,2009-03-01,2017-06-16,false,Hire
727,201,Marcelo Silva Flores,BR,50,Retail,Sales,Floor Sales,retail_ops,Sales,IC2,Professional,Analyst Sales,STORE-BR-005,CC-BR-RET-02,585,Permanent,Active,1.0,Female,,false,,,false,,1976,IC2,Professional,initial,2009-03-01,2018-09-17,2017-06-17,2018-03-26,false,Manager Change
728,201,Marcelo Silva Flores,BR,50,Retail,Sales,Floor Sales,retail_ops,Sales,IC2,Professional,Analyst Sales,STORE-BR-005,CC-BR-RET-02,162,Permanent,Active,1.0,Female,,false,,,false,,1976,IC2,Professional,initial,2009-03-01,2018-09-17,2018-03-27,2018-09-16,false,Manager Change
729,201,Marcelo Silva Flores,BR,50,Retail,Sales,Floor Sales,retail_ops,Sales,IC2,Professional,Analyst Sales,STORE-BR-005,CC-BR-RET-02,162,Permanent,Terminated,1.0,Female,,false,,,false,,1976,IC2,Professional,initial,2009-03-01,2018-09-17,2018-09-17,,true,Termination
730,202,Santiago Ramírez Souza,BR,26,Corporate,Data & Analytics,Data Governance,corporate,Data,IC3,Professional,Senior Analyst Data,HQ-BR-001,CC-BR-COR-08,92,Permanent,Active,1.0,Male,,false,,,false,,1986,IC3,Professional,initial,2013-02-01,2017-05-22,2013-02-01,2017-05-21,false,Hire
731,202,Santiago Ramírez Souza,BR,26,Corporate,Data & Analytics,Data Governance,corporate,Data,IC3,Professional,Senior Analyst Data,HQ-BR-001,CC-BR-COR-08,92,Permanent,Terminated,1.0,Male,,false,,,false,,1986,IC3,Professional,initial,2013-02-01,2017-05-22,2017-05-22,,true,Termination
732,203,Luíza Gomes Flores,BR,55,Retail,Visual Merchandising,Store Design,retail_ops,Design,IC1,Entry,Assistant Design,STORE-BR-028,CC-BR-RET-04,108,Permanent,Active,1.0,Female,Nao informado,false,2019-06-01,false,true,2019-06-01,1988,IC1,Entry,initial,2014-12-01,,2014-12-01,2017-02-16,false,Hire
733,203,Luíza Gomes Flores,BR,55,Retail,Visual Merchandising,Store Design,retail_ops,Design,IC1,Entry,Assistant Design,STORE-BR-028,CC-BR-RET-04,32,Permanent,Active,1.0,Female,Nao informado,false,2019-06-01,false,true,2019-06-01,1988,IC1,Entry,initial,2014-12-01,,2017-02-17,2025-01-14,false,Manager Change
734,203,Luíza Gomes Flores,BR,75,Marketplace,Marketplace Operations,Quality,digital,Marketplace Operations,IC1,Entry,Assistant Marketplace Operations,STORE-BR-028,CC-BR-MKT-01,3287,Permanent,Active,1.0,Female,Nao informado,false,2019-06-01,false,true,2019-06-01,1988,IC1,Entry,initial,2014-12-01,,2025-01-15,2025-06-27,false,Reorganization
735,203,Luíza Gomes Flores,BR,75,Marketplace,Marketplace Operations,Quality,digital,Marketplace Operations,IC1,Entry,Assistant Marketplace Operations,STORE-BR-028,CC-BR-MKT-01,3449,Permanent,Active,1.0,Female,Nao informado,false,2019-06-01,false,true,2019-06-01,1988,IC1,Entry,initial,2014-12-01,,2025-06-28,2025-08-16,false,Manager Change
736,203,Luíza Gomes Flores,BR,75,Marketplace,Marketplace Operations,Quality,digital,Marketplace Operations,IC1,Entry,Assistant Marketplace Operations,STORE-BR-028,CC-BR-MKT-01,1545,Permanent,Active,1.0,Female,Nao informado,false,2019-06-01,false,true,2019-06-01,1988,IC1,Entry,initial,2014-12-01,,2025-08-17,,true,Manager Change
737,204,Daniela Pérez Torres,BR,63,Supply Chain,Procurement,Sourcing,supply,Procurement,IC2,Professional,Analyst Procurement,DC-BR-002,CC-BR-SUP-03,319,Permanent,Active,1.0,Male,,false,,,false,,1983,IC2,Professional,initial,2015-02-01,2016-11-28,2015-02-01,2016-11-27,false,Hire
738,204,Daniela Pérez Torres,BR,63,Supply Chain,Procurement,Sourcing,supply,Procurement,IC2,Professional,Analyst Procurement,DC-BR-002,CC-BR-SUP-03,319,Permanent,Terminated,1.0,Male,,false,,,false,,1983,IC2,Professional,initial,2015-02-01,2016-11-28,2016-11-28,,true,Termination
739,205,Beatriz Almeida Pérez,BR,39,Digital,UX,Design System,digital,Design,IC4,Senior Professional,Specialist Design,HQ-BR-001,CC-BR-DIG-04,67,Permanent,Active,1.0,Female,Nao informado,false,2019-06-01,false,true,2019-06-01,1978,IC4,Senior Professional,initial,2009-08-01,2021-01-19,2009-08-01,2016-01-26,false,Hire
740,205,Beatriz Almeida Pérez,BR,39,Digital,UX,Design System,digital,Design,IC4,Senior Professional,Specialist Design,HQ-BR-001,CC-BR-DIG-04,177,Permanent,Active,1.0,Female,Nao informado,false,2019-06-01,false,true,2019-06-01,1978,IC4,Senior Professional,initial,2009-08-01,2021-01-19,2016-01-27,2018-06-14,false,Manager Change
741,205,Beatriz Almeida Pérez,BR,56,Retail,Visual Merchandising,Merchandising,retail_ops,Design,IC4,Senior Professional,Specialist Design,STORE-BR-018,CC-BR-RET-04,493,Permanent,Active,1.0,Female,Nao informado,false,2019-06-01,false,true,2019-06-01,1978,IC4,Senior Professional,initial,2009-08-01,2021-01-19,2018-06-15,2021-01-18,false,Lateral Move
742,205,Beatriz Almeida Pérez,BR,56,Retail,Visual Merchandising,Merchandising,retail_ops,Design,IC4,Senior Professional,Specialist Design,STORE-BR-018,CC-BR-RET-04,493,Permanent,Terminated,1.0,Female,Nao informado,false,2019-06-01,false,true,2019-06-01,1978,IC4,Senior Professional,initial,2009-08-01,2021-01-19,2021-01-19,,true,Termination
743,206,Thiago González Martins,BR,59,Supply Chain,Logistics,Reverse Logistics,supply,Logistics,IC1,Entry,Assistant Logistics,DC-BR-002,CC-BR-SUP-01,277,Permanent,Active,1.0,Female,Branca,true,2019-06-01,,false,,1996,IC1,Entry,initial,2015-11-01,,2015-11-01,2021-03-14,false,Hire
744,206,Thiago González Martins,BR,50,Retail,Sales,Floor Sales,retail_ops,Sales,IC1,Entry,Assistant Sales,STORE-BR-025,CC-BR-RET-02,1151,Permanent,Active,1.0,Female,Branca,true,2019-06-01,,false,,1996,IC1,Entry,initial,2015-11-01,,2021-03-15,2022-04-14,false,Lateral Move
745,206,Thiago González Martins,BR,9,Corporate,Finance,FP&A,corporate,Finance,IC1,Entry,Assistant Finance,HQ-BR-001,CC-BR-COR-02,100,Permanent,Active,1.0,Female,Branca,true,2019-06-01,,false,,1996,IC1,Entry,initial,2015-11-01,,2022-04-15,2022-08-14,false,Transfer
746,206,Thiago González Martins,BR,33,Digital,Product,Product Ops,digital,Product Management,IC1,Entry,Assistant Product Management,HQ-BR-001,CC-BR-DIG-02,1317,Permanent,Active,1.0,Female,Branca,true,2019-06-01,,false,,1996,IC1,Entry,initial,2015-11-01,,2022-08-15,2025-01-14,false,Transfer
747,206,Thiago González Martins,BR,70,Customer,Customer Service,Chat,customer,Customer Support,IC1,Entry,Assistant Customer Support,HQ-BR-001,CC-BR-CUS-02,2592,Permanent,Active,1.0,Female,Branca,true,2019-06-01,,false,,1996,IC1,Entry,initial,2015-11-01,,2025-01-15,,true,Reorganization
748,207,Gabriel Ribeiro Martins,BR,55,Retail,Visual Merchandising,Store Design,retail_ops,Store Operations,IC1,Entry,Assistant Store Operations,STORE-BR-043,CC-BR-RET-04,112,Permanent,Active,0.5,Male,Amarela,true,2019-06-01,false,true,2019-06-01,1987,IC1,Entry,initial,2011-12-01,,2011-12-01,2016-02-22,false,Hire
749,207,Gabriel Ribeiro Martins,BR,55,Retail,Visual Merchandising,Store Design,retail_ops,Store Operations,IC1,Entry,Assistant Store Operations,STORE-BR-043,CC-BR-RET-04,71,Permanent,Active,0.5,Male,Amarela,true,2019-06-01,false,true,2019-06-01,1987,IC1,Entry,initial,2011-12-01,,2016-02-23,2018-03-20,false,Manager Change
750,207,Gabriel Ribeiro Martins,BR,55,Retail,Visual Merchandising,Store Design,retail_ops,Store Operations,IC1,Entry,Assistant Store Operations,STORE-BR-043,CC-BR-RET-04,632,Permanent,Active,0.5,Male,Amarela,true,2019-06-01,false,true,2019-06-01,1987,IC1,Entry,initial,2011-12-01,,2018-03-21,2018-11-27,false,Manager Change
751,207,Gabriel Ribeiro Martins,BR,55,Retail,Visual Merchandising,Store Design,retail_ops,Store Operations,IC1,Entry,Assistant Store Operations,STORE-BR-043,CC-BR-RET-04,436,Permanent,Active,0.5,Male,Amarela,true,2019-06-01,false,true,2019-06-01,1987,IC1,Entry,initial,2011-12-01,,2018-11-28,2022-04-16,false,Manager Change
752,207,Gabriel Ribeiro Martins,BR,55,Retail,Visual Merchandising,Store Design,retail_ops,Store Operations,IC1,Entry,Assistant Store Operations,STORE-BR-043,CC-BR-RET-04,1853,Permanent,Active,0.5,Male,Amarela,true,2019-06-01,false,true,2019-06-01,1987,IC1,Entry,initial,2011-12-01,,2022-04-17,2022-11-24,false,Manager Change
753,207,Gabriel Ribeiro Martins,BR,55,Retail,Visual Merchandising,Store Design,retail_ops,Store Operations,IC1,Entry,Assistant Store Operations,STORE-BR-043,CC-BR-RET-04,1670,Permanent,Active,0.5,Male,Amarela,true,2019-06-01,false,true,2019-06-01,1987,IC1,Entry,initial,2011-12-01,,2022-11-25,2023-03-14,false,Manager Change
754,207,Gabriel Ribeiro Martins,BR,55,Retail,Visual Merchandising,Store Design,retail_ops,Store Operations,IC2,Professional,Analyst Store Operations,STORE-BR-043,CC-BR-RET-04,1389,Permanent,Active,0.5,Male,Amarela,true,2019-06-01,false,true,2019-06-01,1987,IC1,Entry,initial,2011-12-01,,2023-03-15,2025-01-14,false,Promotion
755,207,Gabriel Ribeiro Martins,BR,73,Customer,Customer Operations,Returns,customer,Customer Support,IC2,Professional,Analyst Customer Support,STORE-BR-043,CC-BR-CUS-03,576,Permanent,Active,0.5,Male,Amarela,true,2019-06-01,false,true,2019-06-01,1987,IC1,Entry,initial,2011-12-01,,2025-01-15,,true,Reorganization
756,208,Fernanda Pérez Oliveira,BR,52,Retail,Regional Operations,Region North,retail_ops,Store Operations,M1,Manager,Coordinator Store Operations,STORE-BR-031,CC-BR-RET-03,65,Permanent,Active,1.0,Female,Branca,true,2019-06-01,false,true,2019-06-01,1978,M1,Manager,initial,2014-02-01,,2014-02-01,2017-09-14,false,Hire
757,208,Fernanda Pérez Oliveira,BR,52,Retail,Regional Operations,Region North,retail_ops,Store Operations,M2,Manager,Manager Store Operations,STORE-BR-031,CC-BR-RET-03,212,Permanent,Active,1.0,Female,Branca,true,2019-06-01,false,true,2019-06-01,1978,M1,Manager,initial,2014-02-01,,2017-09-15,2020-06-14,false,Promotion
758,208,Fernanda Pérez Oliveira,BR,24,Corporate,Risk,Fraud,corporate,Risk & Compliance,M2,Manager,Manager Risk & Compliance,HQ-BR-001,CC-BR-COR-07,711,Permanent,Active,1.0,Female,Branca,true,2019-06-01,false,true,2019-06-01,1978,M1,Manager,initial,2014-02-01,,2020-06-15,2023-03-14,false,Transfer
759,208,Fernanda Pérez Oliveira,BR,29,Digital,Engineering,Frontend,digital,Software Engineering,M2,Manager,Manager Software Engineering,HQ-BR-001,CC-BR-DIG-01,210,Permanent,Active,1.0,Female,Branca,true,2019-06-01,false,true,2019-06-01,1978,M1,Manager,initial,2014-02-01,,2023-03-15,2023-04-14,false,Transfer
760,208,Fernanda Pérez Oliveira,BR,64,Supply Chain,Procurement,Supplier Management,supply,Procurement,M2,Manager,Manager Procurement,HQ-BR-001,CC-BR-SUP-03,872,Permanent,Active,1.0,Female,Branca,true,2019-06-01,false,true,2019-06-01,1978,M1,Manager,initial,2014-02-01,,2023-04-15,2025-01-14,false,Reorganization
761,208,Fernanda Pérez Oliveira,BR,25,Corporate,Data & Analytics,Business Intelligence,corporate,Data,M2,Manager,Manager Data,HQ-BR-001,CC-BR-COR-08,194,Permanent,Active,1.0,Female,Branca,true,2019-06-01,false,true,2019-06-01,1978,M1,Manager,initial,2014-02-01,,2025-01-15,,true,Reorganization
762,209,Beatriz Alves Torres,BR,49,Retail,Store Operations,Security,retail_ops,Store Operations,IC1,Entry,Assistant Store Operations,STORE-BR-007,CC-BR-RET-01,280,Permanent,Active,1.0,Male,,false,,,false,,1990,IC1,Entry,initial,2015-09-01,2017-03-22,2015-09-01,2017-03-21,false,Hire
763,209,Beatriz Alves Torres,BR,49,Retail,Store Operations,Security,retail_ops,Store Operations,IC1,Entry,Assistant Store Operations,STORE-BR-007,CC-BR-RET-01,280,Permanent,Terminated,1.0,Male,,false,,,false,,1990,IC1,Entry,initial,2015-09-01,2017-03-22,2017-03-22,,true,Termination
764,210,Maria Melo Almeida,BR,27,Digital,Engineering,Platform,digital,Software Engineering,IC3,Professional,Senior Analyst Software Engineering,HQ-BR-001,CC-BR-DIG-01,86,Permanent,Active,1.0,Male,Nao informado,false,2019-06-01,,false,,1982,IC3,Professional,initial,2015-09-01,,2015-09-01,2017-03-14,false,Hire
765,210,Maria Melo Almeida,BR,27,Digital,Engineering,Platform,digital,Software Engineering,IC4,Senior Professional,Specialist Software Engineering,HQ-BR-001,CC-BR-DIG-01,416,Permanent,Active,1.0,Male,Nao informado,false,2019-06-01,,false,,1982,IC3,Professional,initial,2015-09-01,,2017-03-15,2018-09-14,false,Promotion
766,210,Maria Melo Almeida,BR,27,Digital,Engineering,Platform,digital,Software Engineering,M2,Manager,Manager Software Engineering,HQ-BR-001,CC-BR-DIG-01,8,Permanent,Active,1.0,Male,Nao informado,false,2019-06-01,,false,,1982,IC3,Professional,initial,2015-09-01,,2018-09-15,2019-09-14,false,Promotion
767,210,Maria Melo Almeida,BR,27,Digital,Engineering,Platform,digital,Software Engineering,M3,Senior Manager,Senior Manager Software Engineering,HQ-BR-001,CC-BR-DIG-01,873,Permanent,Active,1.0,Male,Nao informado,false,2019-06-01,,false,,1982,IC3,Professional,initial,2015-09-01,,2019-09-15,2025-01-14,false,Promotion
768,210,Maria Melo Almeida,BR,3,Corporate,People,Compensation & Benefits,corporate,People,M3,Senior Manager,Senior Manager People,HQ-BR-001,CC-BR-COR-01,692,Permanent,Active,1.0,Male,Nao informado,false,2019-06-01,,false,,1982,IC3,Professional,initial,2015-09-01,,2025-01-15,,true,Reorganization
769,211,Vinícius Torres Ferreira,BR,53,Retail,Regional Operations,Region Southeast,retail_ops,Store Operations,IC1,Entry,Assistant Store Operations,STORE-BR-014,CC-BR-RET-03,251,Permanent,Active,1.0,Female,,false,,,false,,1986,IC1,Entry,initial,2008-09-01,2016-03-26,2008-09-01,2016-03-25,false,Hire
770,211,Vinícius Torres Ferreira,BR,53,Retail,Regional Operations,Region Southeast,retail_ops,Store Operations,IC1,Entry,Assistant Store Operations,STORE-BR-014,CC-BR-RET-03,251,Permanent,Terminated,1.0,Female,,false,,,false,,1986,IC1,Entry,initial,2008-09-01,2016-03-26,2016-03-26,,true,Termination
771,212,Sebastián Santos Nunes,BR,56,Retail,Visual Merchandising,Merchandising,retail_ops,Design,M4,Senior Manager,Head of Design,STORE-BR-001,CC-BR-RET-04,309,Permanent,Active,1.0,Female,Nao informado,false,2019-06-01,false,true,2019-06-01,1975,M4,Senior Manager,initial,2014-12-01,,2014-12-01,2018-09-14,false,Hire
772,212,Sebastián Santos Nunes,BR,56,Retail,Visual Merchandising,Merchandising,retail_ops,Design,M5,Senior Manager,Senior Head of Design,STORE-BR-001,CC-BR-RET-04,62,Permanent,Active,1.0,Female,Nao informado,false,2019-06-01,false,true,2019-06-01,1975,M4,Senior Manager,initial,2014-12-01,,2018-09-15,2018-12-14,false,Promotion
773,212,Sebastián Santos Nunes,BR,18,Corporate,Strategy,M&A,corporate,Strategy,M5,Senior Manager,Senior Head of Strategy,HQ-BR-001,CC-BR-COR-05,62,Permanent,Active,1.0,Female,Nao informado,false,2019-06-01,false,true,2019-06-01,1975,M4,Senior Manager,initial,2014-12-01,,2018-12-15,2024-06-14,false,Lateral Move
774,212,Sebastián Santos Nunes,BR,54,Retail,Regional Operations,Region South,retail_ops,Store Operations,M5,Senior Manager,Senior Head of Store Operations,STORE-BR-004,CC-BR-RET-03,1958,Permanent,Active,1.0,Female,Nao informado,false,2019-06-01,false,true,2019-06-01,1975,M4,Senior Manager,initial,2014-12-01,,2024-06-15,2025-01-14,false,Transfer
775,212,Sebastián Santos Nunes,BR,53,Retail,Regional Operations,Region Southeast,retail_ops,Store Operations,M5,Senior Manager,Senior Head of Store Operations,STORE-BR-004,CC-BR-RET-03,711,Permanent,Active,1.0,Female,Nao informado,false,2019-06-01,false,true,2019-06-01,1975,M4,Senior Manager,initial,2014-12-01,,2025-01-15,,true,Reorganization
776,213,Patrícia Carvalho Santos,BR,52,Retail,Regional Operations,Region North,retail_ops,General Management,IC1,Entry,Assistant General Management,STORE-BR-013,CC-BR-RET-03,270,Permanent,Active,1.0,Male,,false,,,false,,1990,IC1,Entry,initial,2015-06-01,2016-10-23,2015-06-01,2016-10-22,false,Hire
777,213,Patrícia Carvalho Santos,BR,52,Retail,Regional Operations,Region North,retail_ops,General Management,IC1,Entry,Assistant General Management,STORE-BR-013,CC-BR-RET-03,270,Permanent,Terminated,1.0,Male,,false,,,false,,1990,IC1,Entry,initial,2015-06-01,2016-10-23,2016-10-23,,true,Termination
778,214,Maria Rodríguez Martins,BR,31,Digital,Engineering,SRE,digital,Software Engineering,IC2,Professional,Analyst Software Engineering,HQ-BR-001,CC-BR-DIG-01,210,Permanent,Active,1.0,Female,Amarela,true,2019-06-01,,false,,1986,IC2,Professional,initial,2012-11-01,,2012-11-01,2018-01-14,false,Hire
779,214,Maria Rodríguez Martins,BR,31,Digital,Engineering,SRE,digital,Software Engineering,IC1,Entry,Assistant Software Engineering,HQ-BR-001,CC-BR-DIG-01,657,Permanent,Active,1.0,Female,Amarela,true,2019-06-01,,false,,1986,IC2,Professional,initial,2012-11-01,,2018-01-15,2021-08-23,false,Demotion
780,214,Maria Rodríguez Martins,BR,31,Digital,Engineering,SRE,digital,Software Engineering,IC1,Entry,Assistant Software Engineering,HQ-BR-001,CC-BR-DIG-01,1368,Permanent,Active,1.0,Female,Amarela,true,2019-06-01,,false,,1986,IC2,Professional,initial,2012-11-01,,2021-08-24,2023-04-14,false,Manager Change
781,214,Maria Rodríguez Martins,BR,60,Supply Chain,Distribution Centers,Inbound,supply,Warehouse,IC1,Entry,Assistant Warehouse,HQ-BR-001,CC-BR-SUP-02,1743,Permanent,Active,1.0,Female,Amarela,true,2019-06-01,,false,,1986,IC2,Professional,initial,2012-11-01,,2023-04-15,2023-12-14,false,Reorganization
782,214,Maria Rodríguez Martins,BR,56,Retail,Visual Merchandising,Merchandising,retail_ops,Store Operations,IC1,Entry,Assistant Store Operations,STORE-BR-007,CC-BR-RET-04,3120,Permanent,Active,1.0,Female,Amarela,true,2019-06-01,,false,,1986,IC2,Professional,initial,2012-11-01,,2023-12-15,2025-01-14,false,Transfer
783,214,Maria Rodríguez Martins,BR,51,Retail,Sales,Key Accounts,retail_ops,Sales,IC1,Entry,Assistant Sales,STORE-BR-007,CC-BR-RET-02,3023,Permanent,Active,1.0,Female,Amarela,true,2019-06-01,,false,,1986,IC2,Professional,initial,2012-11-01,,2025-01-15,2025-03-14,false,Reorganization
784,214,Maria Rodríguez Martins,BR,51,Retail,Sales,Key Accounts,retail_ops,Sales,IC2,Professional,Analyst Sales,STORE-BR-007,CC-BR-RET-02,953,Permanent,Active,1.0,Female,Amarela,true,2019-06-01,,false,,1986,IC2,Professional,initial,2012-11-01,,2025-03-15,,true,Promotion
785,215,Thiago Almeida Martins,BR,20,Corporate,Procurement,Indirect Procurement,corporate,Procurement,IC2,Professional,Analyst Procurement,HQ-BR-001,CC-BR-COR-06,138,Permanent,Active,1.0,Female,Nao informado,false,2019-06-01,false,true,2019-06-01,1982,IC2,Professional,initial,2014-11-01,,2014-11-01,2025-01-14,false,Hire
786,215,Thiago Almeida Martins,BR,70,Customer,Customer Service,Chat,customer,Customer Support,IC2,Professional,Analyst Customer Support,HQ-BR-001,CC-BR-CUS-02,229,Permanent,Active,1.0,Female,Nao informado,false,2019-06-01,false,true,2019-06-01,1982,IC2,Professional,initial,2014-11-01,,2025-01-15,,true,Reorganization
787,216,Juliana Almeida Ramírez,BR,68,Customer,Customer Experience,Voice of Customer,customer,Design,IC1,Entry,Assistant Design,SITE-BR-001,CC-BR-CUS-01,90,Permanent,Active,1.0,Female,,false,,,false,,1990,IC1,Entry,initial,2013-01-01,2018-01-21,2013-01-01,2017-03-14,false,Hire
788,216,Juliana Almeida Ramírez,BR,68,Customer,Customer Experience,Voice of Customer,customer,Design,IC2,Professional,Analyst Design,SITE-BR-001,CC-BR-CUS-01,433,Permanent,Active,1.0,Female,,false,,,false,,1990,IC1,Entry,initial,2013-01-01,2018-01-21,2017-03-15,2018-01-20,false,Promotion
789,216,Juliana Almeida Ramírez,BR,68,Customer,Customer Experience,Voice of Customer,customer,Design,IC2,Professional,Analyst Design,SITE-BR-001,CC-BR-CUS-01,433,Permanent,Terminated,1.0,Female,,false,,,false,,1990,IC1,Entry,initial,2013-01-01,2018-01-21,2018-01-21,,true,Termination
790,217,Camila Alves Oliveira,BR,56,Retail,Visual Merchandising,Merchandising,retail_ops,Store Operations,IC1,Entry,Assistant Store Operations,STORE-BR-030,CC-BR-RET-04,142,Permanent,Active,1.0,Female,Parda,true,2019-06-01,,false,,1991,IC1,Entry,initial,2009-09-01,2021-03-16,2009-09-01,2019-08-18,false,Hire
791,217,Camila Alves Oliveira,BR,56,Retail,Visual Merchandising,Merchandising,retail_ops,Store Operations,IC1,Entry,Assistant Store Operations,STORE-BR-030,CC-BR-RET-04,223,Permanent,Active,1.0,Female,Parda,true,2019-06-01,,false,,1991,IC1,Entry,initial,2009-09-01,2021-03-16,2019-08-19,2021-03-15,false,Manager Change
792,217,Camila Alves Oliveira,BR,56,Retail,Visual Merchandising,Merchandising,retail_ops,Store Operations,IC1,Entry,Assistant Store Operations,STORE-BR-030,CC-BR-RET-04,223,Permanent,Terminated,1.0,Female,Parda,true,2019-06-01,,false,,1991,IC1,Entry,initial,2009-09-01,2021-03-16,2021-03-16,,true,Termination
793,218,Paula García Rodríguez,BR,19,Corporate,Strategy,PMO,corporate,Strategy,IC4,Senior Professional,Specialist Strategy,HQ-BR-001,CC-BR-COR-05,193,Permanent,Active,1.0,Male,Indigena,true,2019-06-01,,false,,1978,IC4,Senior Professional,initial,2010-01-01,,2010-01-01,2019-08-14,false,Hire
794,218,Paula García Rodríguez,BR,42,Digital,E-commerce,Catalog,digital,Product Management,IC4,Senior Professional,Specialist Product Management,HQ-BR-001,CC-BR-DIG-05,851,Permanent,Active,1.0,Male,Indigena,true,2019-06-01,,false,,1978,IC4,Senior Professional,initial,2010-01-01,,2019-08-15,2019-09-14,false,Transfer
795,218,Paula García Rodríguez,BR,42,Digital,E-commerce,Catalog,digital,Product Management,IC5,Senior Professional,Principal Specialist Product Management,HQ-BR-001,CC-BR-DIG-05,873,Permanent,Active,1.0,Male,Indigena,true,2019-06-01,,false,,1978,IC4,Senior Professional,initial,2010-01-01,,2019-09-15,2022-09-14,false,Promotion
796,218,Paula García Rodríguez,BR,42,Digital,E-commerce,Catalog,digital,Product Management,M2,Manager,Manager Product Management,HQ-BR-001,CC-BR-DIG-05,1489,Permanent,Active,1.0,Male,Indigena,true,2019-06-01,,false,,1978,IC4,Senior Professional,initial,2010-01-01,,2022-09-15,2025-01-14,false,Promotion
797,218,Paula García Rodríguez,BR,61,Supply Chain,Distribution Centers,Outbound,supply,Warehouse,M2,Manager,Manager Warehouse,HQ-BR-001,CC-BR-SUP-02,868,Permanent,Active,1.0,Male,Indigena,true,2019-06-01,,false,,1978,IC4,Senior Professional,initial,2010-01-01,,2025-01-15,,true,Reorganization
798,219,Bruno Nunes Barbosa,BR,46,Retail,Store Operations,Store Management,retail_ops,Store Operations,M1,Manager,Coordinator Store Operations,STORE-BR-010,CC-BR-RET-01,65,Permanent,Active,1.0,Male,,false,,,false,,1982,M1,Manager,initial,2014-12-01,2016-02-24,2014-12-01,2016-02-23,false,Hire
799,219,Bruno Nunes Barbosa,BR,46,Retail,Store Operations,Store Management,retail_ops,Store Operations,M1,Manager,Coordinator Store Operations,STORE-BR-010,CC-BR-RET-01,65,Permanent,Terminated,1.0,Male,,false,,,false,,1982,M1,Manager,initial,2014-12-01,2016-02-24,2016-02-24,,true,Termination
800,220,Carla Alves Santos,BR,54,Retail,Regional Operations,Region South,retail_ops,Store Operations,IC1,Entry,Assistant Store Operations,STORE-BR-025,CC-BR-RET-03,282,Permanent,Active,1.0,Female,Nao informado,false,2019-06-01,false,true,2019-06-01,1988,IC1,Entry,initial,2010-08-01,2023-03-20,2010-08-01,2023-03-19,false,Hire
801,220,Carla Alves Santos,BR,54,Retail,Regional Operations,Region South,retail_ops,Store Operations,IC1,Entry,Assistant Store Operations,STORE-BR-025,CC-BR-RET-03,282,Permanent,Terminated,1.0,Female,Nao informado,false,2019-06-01,false,true,2019-06-01,1988,IC1,Entry,initial,2010-08-01,2023-03-20,2023-03-20,,true,Termination
802,221,Nicolás Silva Flores,BR,48,Retail,Store Operations,Stockroom,retail_ops,Store Operations,IC2,Professional,Analyst Store Operations,STORE-BR-034,CC-BR-RET-01,136,Intern,Active,0.5,Female,,false,,,false,,1980,IC2,Professional,initial,2015-05-01,2017-09-21,2015-05-01,2016-08-20,false,Hire
803,221,Nicolás Silva Flores,BR,48,Retail,Store Operations,Stockroom,retail_ops,Store Operations,IC2,Professional,Analyst Store Operations,STORE-BR-034,CC-BR-RET-01,129,Intern,Active,0.5,Female,,false,,,false,,1980,IC2,Professional,initial,2015-05-01,2017-09-21,2016-08-21,2017-03-16,false,Manager Change
804,221,Nicolás Silva Flores,BR,48,Retail,Store Operations,Stockroom,retail_ops,Store Operations,IC2,Professional,Analyst Store Operations,STORE-BR-034,CC-BR-RET-01,519,Intern,Active,0.5,Female,,false,,,false,,1980,IC2,Professional,initial,2015-05-01,2017-09-21,2017-03-17,2017-03-21,false,Manager Change
805,221,Nicolás Silva Flores,BR,48,Retail,Store Operations,Stockroom,retail_ops,Store Operations,IC2,Professional,Analyst Store Operations,STORE-BR-034,CC-BR-RET-01,467,Intern,Active,0.5,Female,,false,,,false,,1980,IC2,Professional,initial,2015-05-01,2017-09-21,2017-03-22,2017-09-20,false,Manager Change
806,221,Nicolás Silva Flores,BR,48,Retail,Store Operations,Stockroom,retail_ops,Store Operations,IC2,Professional,Analyst Store Operations,STORE-BR-034,CC-BR-RET-01,467,Intern,Terminated,0.5,Female,,false,,,false,,1980,IC2,Professional,initial,2015-05-01,2017-09-21,2017-09-21,,true,Termination
807,222,Ana Moreira Alves,BR,59,Supply Chain,Logistics,Reverse Logistics,supply,Logistics,IC1,Entry,Assistant Logistics,DC-BR-002,CC-BR-SUP-01,19,Permanent,Active,1.0,Female,,false,,,false,,1989,IC1,Entry,initial,2015-09-01,2016-02-18,2015-09-01,2016-02-17,false,Hire
808,222,Ana Moreira Alves,BR,59,Supply Chain,Logistics,Reverse Logistics,supply,Logistics,IC1,Entry,Assistant Logistics,DC-BR-002,CC-BR-SUP-01,19,Permanent,Terminated,1.0,Female,,false,,,false,,1989,IC1,Entry,initial,2015-09-01,2016-02-18,2016-02-18,,true,Termination
809,223,Lucas Flores Nunes,BR,55,Retail,Visual Merchandising,Store Design,retail_ops,Store Operations,IC2,Professional,Analyst Store Operations,STORE-BR-026,CC-BR-RET-04,294,Permanent,Active,1.0,Female,Branca,true,2019-06-01,false,true,2019-06-01,1990,IC2,Professional,initial,2014-11-01,,2014-11-01,2020-09-14,false,Hire
810,223,Lucas Flores Nunes,BR,55,Retail,Visual Merchandising,Store Design,retail_ops,Store Operations,IC3,Professional,Senior Analyst Store Operations,STORE-BR-026,CC-BR-RET-04,205,Permanent,Active,1.0,Female,Branca,true,2019-06-01,false,true,2019-06-01,1990,IC2,Professional,initial,2014-11-01,,2020-09-15,2021-01-18,false,Promotion
811,223,Lucas Flores Nunes,BR,55,Retail,Visual Merchandising,Store Design,retail_ops,Store Operations,IC3,Professional,Senior Analyst Store Operations,STORE-BR-026,CC-BR-RET-04,1072,Permanent,Active,1.0,Female,Branca,true,2019-06-01,false,true,2019-06-01,1990,IC2,Professional,initial,2014-11-01,,2021-01-19,2021-10-23,false,Manager Change
812,223,Lucas Flores Nunes,BR,55,Retail,Visual Merchandising,Store Design,retail_ops,Store Operations,IC3,Professional,Senior Analyst Store Operations,STORE-BR-026,CC-BR-RET-04,1018,Permanent,Active,1.0,Female,Branca,true,2019-06-01,false,true,2019-06-01,1990,IC2,Professional,initial,2014-11-01,,2021-10-24,2022-09-14,false,Manager Change
813,223,Lucas Flores Nunes,BR,55,Retail,Visual Merchandising,Store Design,retail_ops,Store Operations,M1,Manager,Coordinator Store Operations,STORE-BR-026,CC-BR-RET-04,1924,Permanent,Active,1.0,Female,Branca,true,2019-06-01,false,true,2019-06-01,1990,IC2,Professional,initial,2014-11-01,,2022-09-15,2025-01-14,false,Promotion
814,223,Lucas Flores Nunes,BR,23,Corporate,Risk,Risk Management,corporate,Risk & Compliance,M1,Manager,Coordinator Risk & Compliance,STORE-BR-026,CC-BR-COR-07,14,Permanent,Active,1.0,Female,Branca,true,2019-06-01,false,true,2019-06-01,1990,IC2,Professional,initial,2014-11-01,,2025-01-15,2025-09-14,false,Reorganization
815,223,Lucas Flores Nunes,BR,23,Corporate,Risk,Risk Management,corporate,Risk & Compliance,M2,Manager,Manager Risk & Compliance,STORE-BR-026,CC-BR-COR-07,14,Permanent,Active,1.0,Female,Branca,true,2019-06-01,false,true,2019-06-01,1990,IC2,Professional,initial,2014-11-01,,2025-09-15,,true,Promotion
816,224,Daniela Gomes Barbosa,BR,56,Retail,Visual Merchandising,Merchandising,retail_ops,Store Operations,IC1,Entry,Assistant Store Operations,STORE-BR-031,CC-BR-RET-04,170,Permanent,Active,0.5,Female,,false,,,false,,1985,IC1,Entry,initial,2010-12-01,2019-03-17,2010-12-01,2017-03-14,false,Hire
817,224,Daniela Gomes Barbosa,BR,56,Retail,Visual Merchandising,Merchandising,retail_ops,Store Operations,IC2,Professional,Analyst Store Operations,STORE-BR-031,CC-BR-RET-04,294,Permanent,Active,0.5,Female,,false,,,false,,1985,IC1,Entry,initial,2010-12-01,2019-03-17,2017-03-15,2019-03-16,false,Promotion
818,224,Daniela Gomes Barbosa,BR,56,Retail,Visual Merchandising,Merchandising,retail_ops,Store Operations,IC2,Professional,Analyst Store Operations,STORE-BR-031,CC-BR-RET-04,294,Permanent,Terminated,0.5,Female,,false,,,false,,1985,IC1,Entry,initial,2010-12-01,2019-03-17,2019-03-17,,true,Termination
819,225,Mariana López Gomes,BR,67,Customer,Customer Experience,CX Design,customer,Design,IC1,Entry,Assistant Design,SITE-BR-004,CC-BR-CUS-01,329,Permanent,Active,1.0,Male,,false,,,false,,1989,IC1,Entry,initial,2014-04-01,2017-02-16,2014-04-01,2016-08-26,false,Hire
820,225,Mariana López Gomes,BR,67,Customer,Customer Experience,CX Design,customer,Design,IC1,Entry,Assistant Design,SITE-BR-004,CC-BR-CUS-01,90,Permanent,Active,1.0,Male,,false,,,false,,1989,IC1,Entry,initial,2014-04-01,2017-02-16,2016-08-27,2017-02-15,false,Manager Change
821,225,Mariana López Gomes,BR,67,Customer,Customer Experience,CX Design,customer,Design,IC1,Entry,Assistant Design,SITE-BR-004,CC-BR-CUS-01,90,Permanent,Terminated,1.0,Male,,false,,,false,,1989,IC1,Entry,initial,2014-04-01,2017-02-16,2017-02-16,,true,Termination
822,226,Vinícius Lima García,BR,53,Retail,Regional Operations,Region Southeast,retail_ops,Store Operations,IC1,Entry,Assistant Store Operations,STORE-BR-015,CC-BR-RET-03,334,Permanent,Active,1.0,Male,,false,,,false,,1991,IC1,Entry,initial,2013-08-01,2016-09-26,2013-08-01,2016-01-20,false,Hire
823,226,Vinícius Lima García,BR,53,Retail,Regional Operations,Region Southeast,retail_ops,Store Operations,IC1,Entry,Assistant Store Operations,STORE-BR-015,CC-BR-RET-03,35,Permanent,Active,1.0,Male,,false,,,false,,1991,IC1,Entry,initial,2013-08-01,2016-09-26,2016-01-21,2016-03-18,false,Manager Change
824,226,Vinícius Lima García,BR,53,Retail,Regional Operations,Region Southeast,retail_ops,Store Operations,IC1,Entry,Assistant Store Operations,STORE-BR-015,CC-BR-RET-03,395,Permanent,Active,1.0,Male,,false,,,false,,1991,IC1,Entry,initial,2013-08-01,2016-09-26,2016-03-19,2016-09-25,false,Manager Change
825,226,Vinícius Lima García,BR,53,Retail,Regional Operations,Region Southeast,retail_ops,Store Operations,IC1,Entry,Assistant Store Operations,STORE-BR-015,CC-BR-RET-03,395,Permanent,Terminated,1.0,Male,,false,,,false,,1991,IC1,Entry,initial,2013-08-01,2016-09-26,2016-09-26,,true,Termination
826,227,Thiago Sánchez Gomes,BR,26,Corporate,Data & Analytics,Data Governance,corporate,Data,IC3,Professional,Senior Analyst Data,HQ-BR-001,CC-BR-COR-08,92,Permanent,Active,1.0,Female,Nao informado,false,2019-06-01,false,true,2019-06-01,1982,IC3,Professional,initial,2015-02-01,,2015-02-01,2021-09-14,false,Hire
827,227,Thiago Sánchez Gomes,BR,26,Corporate,Data & Analytics,Data Governance,corporate,Data,IC4,Senior Professional,Specialist Data,HQ-BR-001,CC-BR-COR-08,1499,Permanent,Active,1.0,Female,Nao informado,false,2019-06-01,false,true,2019-06-01,1982,IC3,Professional,initial,2015-02-01,,2021-09-15,2022-10-16,false,Promotion
828,227,Thiago Sánchez Gomes,BR,26,Corporate,Data & Analytics,Data Governance,corporate,Data,IC4,Senior Professional,Specialist Data,HQ-BR-001,CC-BR-COR-08,416,Permanent,Active,1.0,Female,Nao informado,false,2019-06-01,false,true,2019-06-01,1982,IC3,Professional,initial,2015-02-01,,2022-10-17,2025-01-14,false,Manager Change
829,227,Thiago Sánchez Gomes,BR,40,Digital,E-commerce,Storefront,digital,Product Management,IC4,Senior Professional,Specialist Product Management,HQ-BR-001,CC-BR-DIG-05,1391,Permanent,Active,1.0,Female,Nao informado,false,2019-06-01,false,true,2019-06-01,1982,IC3,Professional,initial,2015-02-01,,2025-01-15,2025-04-14,false,Reorganization
830,227,Thiago Sánchez Gomes,BR,61,Supply Chain,Distribution Centers,Outbound,supply,Warehouse,IC4,Senior Professional,Specialist Warehouse,DC-BR-004,CC-BR-SUP-02,3400,Permanent,Active,1.0,Female,Nao informado,false,2019-06-01,false,true,2019-06-01,1982,IC3,Professional,initial,2015-02-01,,2025-04-15,,true,Lateral Move
831,228,Gabriel Barbosa Pereira,BR,56,Retail,Visual Merchandising,Merchandising,retail_ops,Design,IC1,Entry,Assistant Design,STORE-BR-004,CC-BR-RET-04,223,Permanent,Active,1.0,Female,,false,,,false,,1996,IC1,Entry,initial,2015-04-01,2017-02-17,2015-04-01,2017-02-16,false,Hire
832,228,Gabriel Barbosa Pereira,BR,56,Retail,Visual Merchandising,Merchandising,retail_ops,Design,IC1,Entry,Assistant Design,STORE-BR-004,CC-BR-RET-04,223,Permanent,Terminated,1.0,Female,,false,,,false,,1996,IC1,Entry,initial,2015-04-01,2017-02-17,2017-02-17,,true,Termination
833,229,Carla Santos Gomes,BR,56,Retail,Visual Merchandising,Merchandising,retail_ops,Store Operations,IC1,Entry,Assistant Store Operations,STORE-BR-012,CC-BR-RET-04,238,Permanent,Active,1.0,Male,Parda,true,2019-06-01,false,true,2019-06-01,1990,IC1,Entry,initial,2011-11-01,,2011-11-01,2016-08-14,false,Hire
834,229,Carla Santos Gomes,BR,53,Retail,Regional Operations,Region Southeast,retail_ops,Store Operations,IC1,Entry,Assistant Store Operations,STORE-BR-038,CC-BR-RET-03,174,Permanent,Active,1.0,Male,Parda,true,2019-06-01,false,true,2019-06-01,1990,IC1,Entry,initial,2011-11-01,,2016-08-15,2019-03-14,false,Lateral Move
835,229,Carla Santos Gomes,BR,53,Retail,Regional Operations,Region Southeast,retail_ops,Store Operations,IC2,Professional,Analyst Store Operations,STORE-BR-038,CC-BR-RET-03,18,Permanent,Active,1.0,Male,Parda,true,2019-06-01,false,true,2019-06-01,1990,IC1,Entry,initial,2011-11-01,,2019-03-15,2021-04-20,false,Promotion
836,229,Carla Santos Gomes,BR,53,Retail,Regional Operations,Region Southeast,retail_ops,Store Operations,IC2,Professional,Analyst Store Operations,STORE-BR-038,CC-BR-RET-03,773,Permanent,Active,1.0,Male,Parda,true,2019-06-01,false,true,2019-06-01,1990,IC1,Entry,initial,2011-11-01,,2021-04-21,2022-09-14,false,Manager Change
837,229,Carla Santos Gomes,BR,53,Retail,Regional Operations,Region Southeast,retail_ops,Store Operations,IC3,Professional,Senior Analyst Store Operations,STORE-BR-038,CC-BR-RET-03,27,Permanent,Active,1.0,Male,Parda,true,2019-06-01,false,true,2019-06-01,1990,IC1,Entry,initial,2011-11-01,,2022-09-15,2025-01-14,false,Promotion
838,229,Carla Santos Gomes,BR,70,Customer,Customer Service,Chat,customer,Customer Support,IC3,Professional,Senior Analyst Customer Support,STORE-BR-038,CC-BR-CUS-02,45,Permanent,Active,1.0,Male,Parda,true,2019-06-01,false,true,2019-06-01,1990,IC1,Entry,initial,2011-11-01,,2025-01-15,2026-03-14,false,Reorganization
839,229,Carla Santos Gomes,BR,55,Retail,Visual Merchandising,Store Design,retail_ops,Store Operations,IC3,Professional,Senior Analyst Store Operations,STORE-BR-039,CC-BR-RET-04,3062,Permanent,Active,1.0,Male,Parda,true,2019-06-01,false,true,2019-06-01,1990,IC1,Entry,initial,2011-11-01,,2026-03-15,,true,Lateral Move
840,230,Vanessa Ribeiro Nunes,BR,50,Retail,Sales,Floor Sales,retail_ops,Sales,IC1,Entry,Assistant Sales,STORE-BR-013,CC-BR-RET-02,61,Permanent,Active,0.75,Female,,false,,,false,,1993,IC1,Entry,initial,2014-05-01,2017-11-20,2014-05-01,2017-11-19,false,Hire
841,230,Vanessa Ribeiro Nunes,BR,50,Retail,Sales,Floor Sales,retail_ops,Sales,IC1,Entry,Assistant Sales,STORE-BR-013,CC-BR-RET-02,61,Permanent,Terminated,0.75,Female,,false,,,false,,1993,IC1,Entry,initial,2014-05-01,2017-11-20,2017-11-20,,true,Termination
842,231,Felipe López Oliveira,BR,73,Customer,Customer Operations,Returns,customer,Customer Support,IC1,Entry,Assistant Customer Support,SITE-BR-004,CC-BR-CUS-03,288,Permanent,Active,1.0,Female,,false,,,false,,1992,IC1,Entry,initial,2015-09-01,2017-02-18,2015-09-01,2017-02-17,false,Hire
843,231,Felipe López Oliveira,BR,73,Customer,Customer Operations,Returns,customer,Customer Support,IC1,Entry,Assistant Customer Support,SITE-BR-004,CC-BR-CUS-03,288,Permanent,Terminated,1.0,Female,,false,,,false,,1992,IC1,Entry,initial,2015-09-01,2017-02-18,2017-02-18,,true,Termination
844,232,André González Moreira,BR,25,Corporate,Data & Analytics,Business Intelligence,corporate,Data,IC1,Entry,Assistant Data,HQ-BR-001,CC-BR-COR-08,227,Permanent,Active,1.0,Female,Preta,true,2019-06-01,,false,,1981,IC1,Entry,initial,2009-04-01,2019-09-20,2009-04-01,2016-03-14,false,Hire
845,232,André González Moreira,BR,25,Corporate,Data & Analytics,Business Intelligence,corporate,Data,IC2,Professional,Analyst Data,HQ-BR-001,CC-BR-COR-08,202,Permanent,Active,1.0,Female,Preta,true,2019-06-01,,false,,1981,IC1,Entry,initial,2009-04-01,2019-09-20,2016-03-15,2017-03-14,false,Promotion
846,232,André González Moreira,BR,25,Corporate,Data & Analytics,Business Intelligence,corporate,Data,IC3,Professional,Senior Analyst Data,HQ-BR-001,CC-BR-COR-08,92,Permanent,Active,1.0,Female,Preta,true,2019-06-01,,false,,1981,IC1,Entry,initial,2009-04-01,2019-09-20,2017-03-15,2019-09-19,false,Promotion
847,232,André González Moreira,BR,25,Corporate,Data & Analytics,Business Intelligence,corporate,Data,IC3,Professional,Senior Analyst Data,HQ-BR-001,CC-BR-COR-08,92,Permanent,Terminated,1.0,Female,Preta,true,2019-06-01,,false,,1981,IC1,Entry,initial,2009-04-01,2019-09-20,2019-09-20,,true,Termination
848,233,André Almeida García,BR,55,Retail,Visual Merchandising,Store Design,retail_ops,Design,M1,Manager,Coordinator Design,STORE-BR-033,CC-BR-RET-04,14,Permanent,Active,1.0,Female,,false,,,false,,1981,M1,Manager,initial,2015-04-01,2018-02-17,2015-04-01,2018-02-16,false,Hire
849,233,André Almeida García,BR,55,Retail,Visual Merchandising,Store Design,retail_ops,Design,M1,Manager,Coordinator Design,STORE-BR-033,CC-BR-RET-04,14,Permanent,Terminated,1.0,Female,,false,,,false,,1981,M1,Manager,initial,2015-04-01,2018-02-17,2018-02-17,,true,Termination
850,234,André González Pérez,BR,28,Digital,Engineering,Backend,digital,Software Engineering,IC3,Professional,Senior Analyst Software Engineering,HQ-BR-001,CC-BR-DIG-01,86,Permanent,Active,1.0,Female,,false,,,false,,1987,IC3,Professional,initial,2015-11-01,2016-03-19,2015-11-01,2016-03-18,false,Hire
851,234,André González Pérez,BR,28,Digital,Engineering,Backend,digital,Software Engineering,IC3,Professional,Senior Analyst Software Engineering,HQ-BR-001,CC-BR-DIG-01,86,Permanent,Terminated,1.0,Female,,false,,,false,,1987,IC3,Professional,initial,2015-11-01,2016-03-19,2016-03-19,,true,Termination
852,235,Camilo Rodrigues Pereira,BR,56,Retail,Visual Merchandising,Merchandising,retail_ops,Design,IC1,Entry,Assistant Design,STORE-BR-015,CC-BR-RET-04,11,Permanent,Active,1.0,Female,,false,,,false,,1989,IC1,Entry,initial,2015-09-01,2016-06-18,2015-09-01,2016-06-17,false,Hire
853,235,Camilo Rodrigues Pereira,BR,56,Retail,Visual Merchandising,Merchandising,retail_ops,Design,IC1,Entry,Assistant Design,STORE-BR-015,CC-BR-RET-04,11,Permanent,Terminated,1.0,Female,,false,,,false,,1989,IC1,Entry,initial,2015-09-01,2016-06-18,2016-06-18,,true,Termination
854,236,Diego Flores Sánchez,BR,23,Corporate,Risk,Risk Management,corporate,Risk & Compliance,IC1,Entry,Assistant Risk & Compliance,HQ-BR-001,CC-BR-COR-07,248,Temporary,Active,1.0,Male,,false,,,false,,1988,IC1,Entry,initial,2014-10-01,2016-04-16,2014-10-01,2016-04-15,false,Hire
855,236,Diego Flores Sánchez,BR,23,Corporate,Risk,Risk Management,corporate,Risk & Compliance,IC1,Entry,Assistant Risk & Compliance,HQ-BR-001,CC-BR-COR-07,248,Temporary,Terminated,1.0,Male,,false,,,false,,1988,IC1,Entry,initial,2014-10-01,2016-04-16,2016-04-16,,true,Termination
856,237,Rodrigo Ferreira Silva,BR,50,Retail,Sales,Floor Sales,retail_ops,Sales,IC1,Entry,Assistant Sales,STORE-BR-021,CC-BR-RET-02,139,Permanent,Active,1.0,Male,,false,,,false,,1994,IC1,Entry,initial,2013-09-01,2016-04-24,2013-09-01,2016-04-23,false,Hire
857,237,Rodrigo Ferreira Silva,BR,50,Retail,Sales,Floor Sales,retail_ops,Sales,IC1,Entry,Assistant Sales,STORE-BR-021,CC-BR-RET-02,139,Permanent,Terminated,1.0,Male,,false,,,false,,1994,IC1,Entry,initial,2013-09-01,2016-04-24,2016-04-24,,true,Termination
858,238,Daniela Martins Oliveira,BR,55,Retail,Visual Merchandising,Store Design,retail_ops,Design,IC2,Professional,Analyst Design,STORE-BR-008,CC-BR-RET-04,273,Permanent,Active,1.0,Female,Nao informado,false,2019-06-01,false,true,2019-06-01,1990,IC2,Professional,initial,2015-12-01,2021-09-26,2015-12-01,2021-03-14,false,Hire
859,238,Daniela Martins Oliveira,BR,53,Retail,Regional Operations,Region Southeast,retail_ops,General Management,IC2,Professional,Analyst General Management,STORE-BR-024,CC-BR-RET-03,518,Permanent,Active,1.0,Female,Nao informado,false,2019-06-01,false,true,2019-06-01,1990,IC2,Professional,initial,2015-12-01,2021-09-26,2021-03-15,2021-09-25,false,Transfer
860,238,Daniela Martins Oliveira,BR,53,Retail,Regional Operations,Region Southeast,retail_ops,General Management,IC2,Professional,Analyst General Management,STORE-BR-024,CC-BR-RET-03,518,Permanent,Terminated,1.0,Female,Nao informado,false,2019-06-01,false,true,2019-06-01,1990,IC2,Professional,initial,2015-12-01,2021-09-26,2021-09-26,,true,Termination
861,239,Vanessa Barbosa Carvalho,BR,53,Retail,Regional Operations,Region Southeast,retail_ops,Store Operations,IC2,Professional,Analyst Store Operations,STORE-BR-033,CC-BR-RET-03,34,Permanent,Active,1.0,Female,,false,,,false,,1980,IC2,Professional,initial,2015-11-01,2016-10-28,2015-11-01,2016-10-27,false,Hire
862,239,Vanessa Barbosa Carvalho,BR,53,Retail,Regional Operations,Region Southeast,retail_ops,Store Operations,IC2,Professional,Analyst Store Operations,STORE-BR-033,CC-BR-RET-03,34,Permanent,Terminated,1.0,Female,,false,,,false,,1980,IC2,Professional,initial,2015-11-01,2016-10-28,2016-10-28,,true,Termination
863,240,Thiago Rodrigues Alves,BR,55,Retail,Visual Merchandising,Store Design,retail_ops,Design,IC1,Entry,Assistant Design,STORE-BR-006,CC-BR-RET-04,32,Permanent,Active,1.0,Male,,false,,,false,,1982,IC1,Entry,initial,2009-10-01,2016-07-16,2009-10-01,2016-07-15,false,Hire
864,240,Thiago Rodrigues Alves,BR,55,Retail,Visual Merchandising,Store Design,retail_ops,Design,IC1,Entry,Assistant Design,STORE-BR-006,CC-BR-RET-04,32,Permanent,Terminated,1.0,Male,,false,,,false,,1982,IC1,Entry,initial,2009-10-01,2016-07-16,2016-07-16,,true,Termination
865,241,Santiago González Barbosa,BR,73,Customer,Customer Operations,Returns,customer,Customer Support,IC1,Entry,Assistant Customer Support,SITE-BR-003,CC-BR-CUS-03,165,Permanent,Active,0.75,Male,Branca,true,2019-06-01,false,true,2019-06-01,1989,IC1,Entry,initial,2015-11-01,2020-11-28,2015-11-01,2019-12-20,false,Hire
866,241,Santiago González Barbosa,BR,73,Customer,Customer Operations,Returns,customer,Customer Support,IC1,Entry,Assistant Customer Support,SITE-BR-003,CC-BR-CUS-03,765,Permanent,Active,0.75,Male,Branca,true,2019-06-01,false,true,2019-06-01,1989,IC1,Entry,initial,2015-11-01,2020-11-28,2019-12-21,2020-11-27,false,Manager Change
867,241,Santiago González Barbosa,BR,73,Customer,Customer Operations,Returns,customer,Customer Support,IC1,Entry,Assistant Customer Support,SITE-BR-003,CC-BR-CUS-03,765,Permanent,Terminated,0.75,Male,Branca,true,2019-06-01,false,true,2019-06-01,1989,IC1,Entry,initial,2015-11-01,2020-11-28,2020-11-28,,true,Termination
868,242,Sofía Oliveira Pérez,BR,71,Customer,Customer Service,Escalations,customer,Customer Support,IC2,Professional,Analyst Customer Support,SITE-BR-001,CC-BR-CUS-02,171,Permanent,Active,1.0,Female,Amarela,true,2019-06-01,false,true,2019-06-01,1985,IC2,Professional,initial,2014-12-01,2025-06-23,2014-12-01,2019-03-14,false,Hire
869,242,Sofía Oliveira Pérez,BR,71,Customer,Customer Service,Escalations,customer,Customer Support,IC3,Professional,Senior Analyst Customer Support,SITE-BR-001,CC-BR-CUS-02,702,Permanent,Active,1.0,Female,Amarela,true,2019-06-01,false,true,2019-06-01,1985,IC2,Professional,initial,2014-12-01,2025-06-23,2019-03-15,2025-01-14,false,Promotion
870,242,Sofía Oliveira Pérez,BR,20,Corporate,Procurement,Indirect Procurement,corporate,Procurement,IC3,Professional,Senior Analyst Procurement,SITE-BR-001,CC-BR-COR-06,286,Permanent,Active,1.0,Female,Amarela,true,2019-06-01,false,true,2019-06-01,1985,IC2,Professional,initial,2014-12-01,2025-06-23,2025-01-15,2025-06-22,false,Reorganization
871,242,Sofía Oliveira Pérez,BR,20,Corporate,Procurement,Indirect Procurement,corporate,Procurement,IC3,Professional,Senior Analyst Procurement,SITE-BR-001,CC-BR-COR-06,286,Permanent,Terminated,1.0,Female,Amarela,true,2019-06-01,false,true,2019-06-01,1985,IC2,Professional,initial,2014-12-01,2025-06-23,2025-06-23,,true,Termination
872,243,Fernanda López Lima,BR,21,Corporate,Procurement,Contracts,corporate,Procurement,IC3,Professional,Senior Analyst Procurement,HQ-BR-001,CC-BR-COR-06,82,Permanent,Active,1.0,Female,Branca,true,2019-06-01,false,true,2019-06-01,1975,IC3,Professional,initial,2010-09-01,,2010-09-01,2016-06-14,false,Hire
873,243,Fernanda López Lima,BR,69,Customer,Customer Service,Contact Center,customer,Customer Support,IC3,Professional,Senior Analyst Customer Support,SITE-BR-002,CC-BR-CUS-02,171,Permanent,Active,1.0,Female,Branca,true,2019-06-01,false,true,2019-06-01,1975,IC3,Professional,initial,2010-09-01,,2016-06-15,2019-05-15,false,Transfer
874,243,Fernanda López Lima,BR,69,Customer,Customer Service,Contact Center,customer,Customer Support,IC3,Professional,Senior Analyst Customer Support,SITE-BR-002,CC-BR-CUS-02,702,Permanent,Active,1.0,Female,Branca,true,2019-06-01,false,true,2019-06-01,1975,IC3,Professional,initial,2010-09-01,,2019-05-16,2023-04-14,false,Manager Change
875,243,Fernanda López Lima,BR,79,Marketplace,Marketplace Technology,Seller Platform,digital,Software Engineering,IC3,Professional,Senior Analyst Software Engineering,SITE-BR-002,CC-BR-MKT-03,2590,Permanent,Active,1.0,Female,Branca,true,2019-06-01,false,true,2019-06-01,1975,IC3,Professional,initial,2010-09-01,,2023-04-15,2024-03-14,false,Reorganization
876,243,Fernanda López Lima,BR,79,Marketplace,Marketplace Technology,Seller Platform,digital,Software Engineering,IC4,Senior Professional,Specialist Software Engineering,SITE-BR-002,CC-BR-MKT-03,2247,Permanent,Active,1.0,Female,Branca,true,2019-06-01,false,true,2019-06-01,1975,IC3,Professional,initial,2010-09-01,,2024-03-15,2025-01-14,false,Promotion
877,243,Fernanda López Lima,BR,31,Digital,Engineering,SRE,digital,Software Engineering,IC4,Senior Professional,Specialist Software Engineering,SITE-BR-002,CC-BR-DIG-01,1809,Permanent,Active,1.0,Female,Branca,true,2019-06-01,false,true,2019-06-01,1975,IC3,Professional,initial,2010-09-01,,2025-01-15,,true,Reorganization
878,244,Marcelo Silva Carvalho,BR,45,Digital,Digital Marketing,Lifecycle,digital,Marketing,IC1,Entry,Assistant Marketing,HQ-BR-001,CC-BR-DIG-06,58,Intern,Active,1.0,Female,Branca,true,2019-06-01,true,true,2019-06-01,1991,IC1,Entry,initial,2015-05-01,2021-02-17,2015-05-01,2016-01-16,false,Hire
879,244,Marcelo Silva Carvalho,BR,45,Digital,Digital Marketing,Lifecycle,digital,Marketing,IC1,Entry,Assistant Marketing,HQ-BR-001,CC-BR-DIG-06,172,Intern,Active,1.0,Female,Branca,true,2019-06-01,true,true,2019-06-01,1991,IC1,Entry,initial,2015-05-01,2021-02-17,2016-01-17,2021-02-16,false,Manager Change
880,244,Marcelo Silva Carvalho,BR,45,Digital,Digital Marketing,Lifecycle,digital,Marketing,IC1,Entry,Assistant Marketing,HQ-BR-001,CC-BR-DIG-06,172,Intern,Terminated,1.0,Female,Branca,true,2019-06-01,true,true,2019-06-01,1991,IC1,Entry,initial,2015-05-01,2021-02-17,2021-02-17,,true,Termination
881,245,Felipe Lima Alves,BR,69,Customer,Customer Service,Contact Center,customer,Customer Support,IC1,Entry,Assistant Customer Support,SITE-BR-004,CC-BR-CUS-02,4,Intern,Active,1.0,Female,Nao informado,false,2019-06-01,false,true,2019-06-01,1992,IC1,Entry,initial,2011-01-01,2025-01-28,2011-01-01,2017-01-14,false,Hire
882,245,Felipe Lima Alves,BR,42,Digital,E-commerce,Catalog,digital,Product Management,IC1,Entry,Assistant Product Management,HQ-BR-001,CC-BR-DIG-05,106,Intern,Active,1.0,Female,Nao informado,false,2019-06-01,false,true,2019-06-01,1992,IC1,Entry,initial,2011-01-01,2025-01-28,2017-01-15,2017-09-14,false,Transfer
883,245,Felipe Lima Alves,BR,42,Digital,E-commerce,Catalog,digital,Product Management,IC2,Professional,Analyst Product Management,HQ-BR-001,CC-BR-DIG-05,199,Intern,Active,1.0,Female,Nao informado,false,2019-06-01,false,true,2019-06-01,1992,IC1,Entry,initial,2011-01-01,2025-01-28,2017-09-15,2018-06-27,false,Promotion
884,245,Felipe Lima Alves,BR,42,Digital,E-commerce,Catalog,digital,Product Management,IC2,Professional,Analyst Product Management,HQ-BR-001,CC-BR-DIG-05,787,Intern,Active,1.0,Female,Nao informado,false,2019-06-01,false,true,2019-06-01,1992,IC1,Entry,initial,2011-01-01,2025-01-28,2018-06-28,2021-05-14,false,Manager Change
885,245,Felipe Lima Alves,AR,134,Retail,Visual Merchandising,Store Design,retail_ops,Design,IC2,Professional,Analyst Design,STORE-AR-006,CC-AR-RET-04,365,Intern,Active,1.0,Female,Nao informado,false,2019-06-01,false,true,2019-06-01,1992,IC1,Entry,initial,2011-01-01,2025-01-28,2021-05-15,2023-11-14,false,Transfer
886,245,Felipe Lima Alves,AR,130,Retail,Sales,Key Accounts,retail_ops,Sales,IC2,Professional,Analyst Sales,STORE-AR-005,CC-AR-RET-02,375,Intern,Active,1.0,Female,Nao informado,false,2019-06-01,false,true,2019-06-01,1992,IC1,Entry,initial,2011-01-01,2025-01-28,2023-11-15,2025-01-14,false,Transfer
887,245,Felipe Lima Alves,AR,134,Retail,Visual Merchandising,Store Design,retail_ops,Design,IC2,Professional,Analyst Design,STORE-AR-005,CC-AR-RET-04,101,Intern,Active,1.0,Female,Nao informado,false,2019-06-01,false,true,2019-06-01,1992,IC1,Entry,initial,2011-01-01,2025-01-28,2025-01-15,2025-01-27,false,Reorganization
888,245,Felipe Lima Alves,AR,134,Retail,Visual Merchandising,Store Design,retail_ops,Design,IC2,Professional,Analyst Design,STORE-AR-005,CC-AR-RET-04,101,Intern,Terminated,1.0,Female,Nao informado,false,2019-06-01,false,true,2019-06-01,1992,IC1,Entry,initial,2011-01-01,2025-01-28,2025-01-28,,true,Termination
889,246,Camilo Santos Almeida,BR,65,Supply Chain,Planning,Demand Planning,supply,Data,M2,Manager,Manager Data,DC-BR-005,CC-BR-SUP-04,10,Permanent,Active,1.0,Male,Branca,true,2019-06-01,false,true,2019-06-01,1966,M2,Manager,initial,1998-08-01,,1998-08-01,2023-04-14,false,Hire
890,246,Camilo Santos Almeida,BR,54,Retail,Regional Operations,Region South,retail_ops,General Management,M2,Manager,Manager General Management,DC-BR-005,CC-BR-RET-03,1528,Permanent,Active,1.0,Male,Branca,true,2019-06-01,false,true,2019-06-01,1966,M2,Manager,initial,1998-08-01,,2023-04-15,2025-01-14,false,Reorganization
891,246,Camilo Santos Almeida,BR,48,Retail,Store Operations,Stockroom,retail_ops,Store Operations,M2,Manager,Manager Store Operations,DC-BR-005,CC-BR-RET-01,196,Permanent,Active,1.0,Male,Branca,true,2019-06-01,false,true,2019-06-01,1966,M2,Manager,initial,1998-08-01,,2025-01-15,,true,Reorganization
892,247,Sebastián González Moreira,BR,55,Retail,Visual Merchandising,Store Design,retail_ops,Store Operations,IC1,Entry,Assistant Store Operations,STORE-BR-019,CC-BR-RET-04,71,Permanent,Active,1.0,Female,,false,,,false,,1985,IC1,Entry,initial,2012-06-01,2016-04-19,2012-06-01,2016-04-18,false,Hire
893,247,Sebastián González Moreira,BR,55,Retail,Visual Merchandising,Store Design,retail_ops,Store Operations,IC1,Entry,Assistant Store Operations,STORE-BR-019,CC-BR-RET-04,71,Permanent,Terminated,1.0,Female,,false,,,false,,1985,IC1,Entry,initial,2012-06-01,2016-04-19,2016-04-19,,true,Termination
894,248,Diego Santos Silva,BR,24,Corporate,Risk,Fraud,corporate,Risk & Compliance,IC2,Professional,Analyst Risk & Compliance,HQ-BR-001,CC-BR-COR-07,261,Permanent,Active,1.0,Male,Branca,true,2019-06-01,false,true,2019-06-01,1990,IC2,Professional,initial,2015-05-01,,2015-05-01,2022-09-14,false,Hire
895,248,Diego Santos Silva,BR,24,Corporate,Risk,Fraud,corporate,Risk & Compliance,IC3,Professional,Senior Analyst Risk & Compliance,HQ-BR-001,CC-BR-COR-07,1968,Permanent,Active,1.0,Male,Branca,true,2019-06-01,false,true,2019-06-01,1990,IC2,Professional,initial,2015-05-01,,2022-09-15,2022-12-18,false,Promotion
896,248,Diego Santos Silva,BR,24,Corporate,Risk,Fraud,corporate,Risk & Compliance,IC3,Professional,Senior Analyst Risk & Compliance,HQ-BR-001,CC-BR-COR-07,2211,Permanent,Active,1.0,Male,Branca,true,2019-06-01,false,true,2019-06-01,1990,IC2,Professional,initial,2015-05-01,,2022-12-19,2025-01-14,false,Manager Change
897,248,Diego Santos Silva,BR,25,Corporate,Data & Analytics,Business Intelligence,corporate,Data,IC3,Professional,Senior Analyst Data,HQ-BR-001,CC-BR-COR-08,1460,Permanent,Active,1.0,Male,Branca,true,2019-06-01,false,true,2019-06-01,1990,IC2,Professional,initial,2015-05-01,,2025-01-15,,true,Reorganization
898,249,André González Araújo,BR,51,Retail,Sales,Key Accounts,retail_ops,Sales,IC1,Entry,Assistant Sales,STORE-BR-023,CC-BR-RET-02,160,Permanent,Active,1.0,Female,,false,,,false,,1994,IC1,Entry,initial,2013-09-01,2017-10-21,2013-09-01,2017-10-20,false,Hire
899,249,André González Araújo,BR,51,Retail,Sales,Key Accounts,retail_ops,Sales,IC1,Entry,Assistant Sales,STORE-BR-023,CC-BR-RET-02,160,Permanent,Terminated,1.0,Female,,false,,,false,,1994,IC1,Entry,initial,2013-09-01,2017-10-21,2017-10-21,,true,Termination
900,250,José Alves Nunes,BR,51,Retail,Sales,Key Accounts,retail_ops,Sales,IC1,Entry,Assistant Sales,STORE-BR-040,CC-BR-RET-02,161,Permanent,Active,1.0,Male,,false,,,false,,1998,IC1,Entry,initial,2016-01-01,2018-04-25,2016-01-01,2016-06-26,false,Hire
901,250,José Alves Nunes,BR,51,Retail,Sales,Key Accounts,retail_ops,Sales,IC1,Entry,Assistant Sales,STORE-BR-040,CC-BR-RET-02,399,Permanent,Active,1.0,Male,,false,,,false,,1998,IC1,Entry,initial,2016-01-01,2018-04-25,2016-06-27,2018-04-24,false,Manager Change
902,250,José Alves Nunes,BR,51,Retail,Sales,Key Accounts,retail_ops,Sales,IC1,Entry,Assistant Sales,STORE-BR-040,CC-BR-RET-02,399,Permanent,Terminated,1.0,Male,,false,,,false,,1998,IC1,Entry,initial,2016-01-01,2018-04-25,2018-04-25,,true,Termination
903,251,Juliana Torres Melo,BR,52,Retail,Regional Operations,Region North,retail_ops,Store Operations,IC2,Professional,Analyst Store Operations,STORE-BR-025,CC-BR-RET-03,34,Permanent,Active,0.5,Female,Parda,true,2019-06-01,false,true,2019-06-01,1980,IC2,Professional,initial,2014-04-01,,2014-04-01,2021-09-14,false,Hire
904,251,Juliana Torres Melo,BR,52,Retail,Regional Operations,Region North,retail_ops,Store Operations,IC3,Professional,Senior Analyst Store Operations,STORE-BR-025,CC-BR-RET-03,27,Permanent,Active,0.5,Female,Parda,true,2019-06-01,false,true,2019-06-01,1980,IC2,Professional,initial,2014-04-01,,2021-09-15,2025-01-14,false,Promotion
905,251,Juliana Torres Melo,BR,73,Customer,Customer Operations,Returns,customer,Logistics,IC3,Professional,Senior Analyst Logistics,STORE-BR-025,CC-BR-CUS-03,1943,Permanent,Active,0.5,Female,Parda,true,2019-06-01,false,true,2019-06-01,1980,IC2,Professional,initial,2014-04-01,,2025-01-15,2025-09-14,false,Reorganization
906,251,Juliana Torres Melo,BR,73,Customer,Customer Operations,Returns,customer,Logistics,M1,Manager,Coordinator Logistics,STORE-BR-025,CC-BR-CUS-03,2881,Permanent,Active,0.5,Female,Parda,true,2019-06-01,false,true,2019-06-01,1980,IC2,Professional,initial,2014-04-01,,2025-09-15,,true,Promotion
907,252,Vanessa Costa Barbosa,BR,72,Customer,Customer Operations,Order Support,customer,Logistics,M1,Manager,Coordinator Logistics,SITE-BR-001,CC-BR-CUS-03,303,Permanent,Active,0.5,Female,Preta,true,2019-06-01,false,true,2019-06-01,1982,M1,Manager,initial,2015-07-01,2023-03-22,2015-07-01,2018-07-14,false,Hire
908,252,Vanessa Costa Barbosa,BR,56,Retail,Visual Merchandising,Merchandising,retail_ops,Store Operations,M1,Manager,Coordinator Store Operations,STORE-BR-039,CC-BR-RET-04,732,Permanent,Active,0.5,Female,Preta,true,2019-06-01,false,true,2019-06-01,1982,M1,Manager,initial,2015-07-01,2023-03-22,2018-07-15,2018-09-17,false,Lateral Move
909,252,Vanessa Costa Barbosa,BR,56,Retail,Visual Merchandising,Merchandising,retail_ops,Store Operations,M1,Manager,Coordinator Store Operations,STORE-BR-039,CC-BR-RET-04,264,Permanent,Active,0.5,Female,Preta,true,2019-06-01,false,true,2019-06-01,1982,M1,Manager,initial,2015-07-01,2023-03-22,2018-09-18,2023-03-21,false,Manager Change
910,252,Vanessa Costa Barbosa,BR,56,Retail,Visual Merchandising,Merchandising,retail_ops,Store Operations,M1,Manager,Coordinator Store Operations,STORE-BR-039,CC-BR-RET-04,264,Permanent,Terminated,0.5,Female,Preta,true,2019-06-01,false,true,2019-06-01,1982,M1,Manager,initial,2015-07-01,2023-03-22,2023-03-22,,true,Termination
911,253,Fernanda Silva Lima,BR,70,Customer,Customer Service,Chat,customer,Customer Support,IC1,Entry,Assistant Customer Support,SITE-BR-002,CC-BR-CUS-02,53,Permanent,Active,1.0,Female,,false,,,false,,1993,IC1,Entry,initial,2015-07-01,2017-07-23,2015-07-01,2016-11-18,false,Hire
912,253,Fernanda Silva Lima,BR,70,Customer,Customer Service,Chat,customer,Customer Support,IC1,Entry,Assistant Customer Support,SITE-BR-002,CC-BR-CUS-02,189,Permanent,Active,1.0,Female,,false,,,false,,1993,IC1,Entry,initial,2015-07-01,2017-07-23,2016-11-19,2017-07-22,false,Manager Change
913,253,Fernanda Silva Lima,BR,70,Customer,Customer Service,Chat,customer,Customer Support,IC1,Entry,Assistant Customer Support,SITE-BR-002,CC-BR-CUS-02,189,Permanent,Terminated,1.0,Female,,false,,,false,,1993,IC1,Entry,initial,2015-07-01,2017-07-23,2017-07-23,,true,Termination
914,254,Vanessa Lima Moreira,BR,6,Corporate,Finance,Controlling,corporate,Finance,IC3,Professional,Senior Analyst Finance,HQ-BR-001,CC-BR-COR-02,60,Permanent,Active,1.0,Female,Parda,true,2019-06-01,,false,,1983,IC3,Professional,initial,2011-02-01,,2011-02-01,2020-09-14,false,Hire
915,254,Vanessa Lima Moreira,BR,6,Corporate,Finance,Controlling,corporate,Finance,IC4,Senior Professional,Specialist Finance,HQ-BR-001,CC-BR-COR-02,1122,Permanent,Active,1.0,Female,Parda,true,2019-06-01,,false,,1983,IC3,Professional,initial,2011-02-01,,2020-09-15,2024-03-18,false,Promotion
916,254,Vanessa Lima Moreira,BR,6,Corporate,Finance,Controlling,corporate,Finance,IC4,Senior Professional,Specialist Finance,HQ-BR-001,CC-BR-COR-02,2367,Permanent,Active,1.0,Female,Parda,true,2019-06-01,,false,,1983,IC3,Professional,initial,2011-02-01,,2024-03-19,2024-09-14,false,Manager Change
917,254,Vanessa Lima Moreira,BR,6,Corporate,Finance,Controlling,corporate,Finance,M1,Manager,Coordinator Finance,HQ-BR-001,CC-BR-COR-02,2908,Permanent,Active,1.0,Female,Parda,true,2019-06-01,,false,,1983,IC3,Professional,initial,2011-02-01,,2024-09-15,2025-01-14,false,Promotion
918,254,Vanessa Lima Moreira,BR,35,Digital,Data,Data Science,digital,Data,M1,Manager,Coordinator Data,HQ-BR-001,CC-BR-DIG-03,1735,Permanent,Active,1.0,Female,Parda,true,2019-06-01,,false,,1983,IC3,Professional,initial,2011-02-01,,2025-01-15,,true,Reorganization
919,255,Pedro Martínez Ferreira,BR,46,Retail,Store Operations,Store Management,retail_ops,Store Operations,IC1,Entry,Assistant Store Operations,STORE-BR-025,CC-BR-RET-01,313,Permanent,Active,1.0,Male,,false,,,false,,1997,IC1,Entry,initial,2015-05-01,2017-09-27,2015-05-01,2017-09-26,false,Hire
920,255,Pedro Martínez Ferreira,BR,46,Retail,Store Operations,Store Management,retail_ops,Store Operations,IC1,Entry,Assistant Store Operations,STORE-BR-025,CC-BR-RET-01,313,Permanent,Terminated,1.0,Male,,false,,,false,,1997,IC1,Entry,initial,2015-05-01,2017-09-27,2017-09-27,,true,Termination
921,256,Eduardo Sánchez Martínez,BR,50,Retail,Sales,Floor Sales,retail_ops,Sales,IC1,Entry,Assistant Sales,STORE-BR-027,CC-BR-RET-02,201,Intern,Active,1.0,Male,,false,,,false,,1993,IC1,Entry,initial,2015-10-01,2018-09-22,2015-10-01,2018-09-16,false,Hire
922,256,Eduardo Sánchez Martínez,BR,50,Retail,Sales,Floor Sales,retail_ops,Sales,IC1,Entry,Assistant Sales,STORE-BR-027,CC-BR-RET-02,399,Intern,Active,1.0,Male,,false,,,false,,1993,IC1,Entry,initial,2015-10-01,2018-09-22,2018-09-17,2018-09-21,false,Manager Change
923,256,Eduardo Sánchez Martínez,BR,50,Retail,Sales,Floor Sales,retail_ops,Sales,IC1,Entry,Assistant Sales,STORE-BR-027,CC-BR-RET-02,399,Intern,Terminated,1.0,Male,,false,,,false,,1993,IC1,Entry,initial,2015-10-01,2018-09-22,2018-09-22,,true,Termination
924,257,Beatriz Costa Rodrigues,BR,65,Supply Chain,Planning,Demand Planning,supply,Logistics,M1,Manager,Coordinator Logistics,DC-BR-005,CC-BR-SUP-04,246,Intern,Active,1.0,Male,,false,,,false,,1974,M1,Manager,initial,2011-12-01,2016-10-16,2011-12-01,2016-10-15,false,Hire
925,257,Beatriz Costa Rodrigues,BR,65,Supply Chain,Planning,Demand Planning,supply,Logistics,M1,Manager,Coordinator Logistics,DC-BR-005,CC-BR-SUP-04,246,Intern,Terminated,1.0,Male,,false,,,false,,1974,M1,Manager,initial,2011-12-01,2016-10-16,2016-10-16,,true,Termination
926,258,Bruno Alves Ribeiro,BR,49,Retail,Store Operations,Security,retail_ops,Store Operations,IC1,Entry,Assistant Store Operations,STORE-BR-006,CC-BR-RET-01,316,Permanent,Active,0.75,Female,Preta,true,2019-06-01,false,true,2019-06-01,1990,IC1,Entry,initial,2015-10-01,,2015-10-01,2021-10-22,false,Hire
927,258,Bruno Alves Ribeiro,BR,49,Retail,Store Operations,Security,retail_ops,Store Operations,IC1,Entry,Assistant Store Operations,STORE-BR-006,CC-BR-RET-01,809,Permanent,Active,0.75,Female,Preta,true,2019-06-01,false,true,2019-06-01,1990,IC1,Entry,initial,2015-10-01,,2021-10-23,2025-01-14,false,Manager Change
928,258,Bruno Alves Ribeiro,BR,10,Corporate,Legal,Corporate Legal,corporate,Legal,IC1,Entry,Assistant Legal,STORE-BR-006,CC-BR-COR-03,2266,Permanent,Active,0.75,Female,Preta,true,2019-06-01,false,true,2019-06-01,1990,IC1,Entry,initial,2015-10-01,,2025-01-15,2025-03-14,false,Reorganization
929,258,Bruno Alves Ribeiro,BR,10,Corporate,Legal,Corporate Legal,corporate,Legal,IC2,Professional,Analyst Legal,STORE-BR-006,CC-BR-COR-03,441,Permanent,Active,0.75,Female,Preta,true,2019-06-01,false,true,2019-06-01,1990,IC1,Entry,initial,2015-10-01,,2025-03-15,,true,Promotion
930,259,Sofía Ramírez Costa,BR,57,Supply Chain,Logistics,Transportation,supply,Logistics,IC1,Entry,Assistant Logistics,DC-BR-005,CC-BR-SUP-01,38,Permanent,Active,1.0,Male,,false,,,false,,1996,IC1,Entry,initial,2015-02-01,2016-07-23,2015-02-01,2016-07-22,false,Hire
931,259,Sofía Ramírez Costa,BR,57,Supply Chain,Logistics,Transportation,supply,Logistics,IC1,Entry,Assistant Logistics,DC-BR-005,CC-BR-SUP-01,38,Permanent,Terminated,1.0,Male,,false,,,false,,1996,IC1,Entry,initial,2015-02-01,2016-07-23,2016-07-23,,true,Termination
932,260,André López Sánchez,BR,59,Supply Chain,Logistics,Reverse Logistics,supply,Logistics,IC3,Professional,Senior Analyst Logistics,DC-BR-002,CC-BR-SUP-01,303,Permanent,Active,1.0,Female,,false,,,false,,1979,IC3,Professional,initial,2014-02-01,2017-03-17,2014-02-01,2016-08-14,false,Hire
933,260,André López Sánchez,BR,47,Retail,Store Operations,Cashier,retail_ops,Store Operations,IC3,Professional,Senior Analyst Store Operations,STORE-BR-026,CC-BR-RET-01,129,Permanent,Active,1.0,Female,,false,,,false,,1979,IC3,Professional,initial,2014-02-01,2017-03-17,2016-08-15,2017-03-16,false,Lateral Move
934,260,André López Sánchez,BR,47,Retail,Store Operations,Cashier,retail_ops,Store Operations,IC3,Professional,Senior Analyst Store Operations,STORE-BR-026,CC-BR-RET-01,467,Permanent,Terminated,1.0,Female,,false,,,false,,1979,IC3,Professional,initial,2014-02-01,2017-03-17,2017-03-17,,true,Termination
935,261,Mateo Rodríguez Souza,BR,23,Corporate,Risk,Risk Management,corporate,Risk & Compliance,M2,Manager,Manager Risk & Compliance,HQ-BR-001,CC-BR-COR-07,321,Permanent,Active,1.0,Female,Branca,true,2019-06-01,false,true,2019-06-01,1978,M2,Manager,initial,2013-05-01,,2013-05-01,2019-06-23,false,Hire
936,261,Mateo Rodríguez Souza,BR,23,Corporate,Risk,Risk Management,corporate,Risk & Compliance,M2,Manager,Manager Risk & Compliance,HQ-BR-001,CC-BR-COR-07,711,Permanent,Active,1.0,Female,Branca,true,2019-06-01,false,true,2019-06-01,1978,M2,Manager,initial,2013-05-01,,2019-06-24,2024-07-14,false,Manager Change
937,261,Mateo Rodríguez Souza,BR,68,Customer,Customer Experience,Voice of Customer,customer,Design,M2,Manager,Manager Design,SITE-BR-003,CC-BR-CUS-01,1350,Permanent,Active,1.0,Female,Branca,true,2019-06-01,false,true,2019-06-01,1978,M2,Manager,initial,2013-05-01,,2024-07-15,2024-08-14,false,Lateral Move
938,261,Mateo Rodríguez Souza,BR,60,Supply Chain,Distribution Centers,Inbound,supply,Warehouse,M2,Manager,Manager Warehouse,DC-BR-006,CC-BR-SUP-02,335,Permanent,Active,1.0,Female,Branca,true,2019-06-01,false,true,2019-06-01,1978,M2,Manager,initial,2013-05-01,,2024-08-15,2025-01-14,false,Transfer
939,261,Mateo Rodríguez Souza,BR,71,Customer,Customer Service,Escalations,customer,Customer Support,M2,Manager,Manager Customer Support,DC-BR-006,CC-BR-CUS-02,2596,Permanent,Active,1.0,Female,Branca,true,2019-06-01,false,true,2019-06-01,1978,M2,Manager,initial,2013-05-01,,2025-01-15,,true,Reorganization
940,262,Letícia Martins Oliveira,BR,46,Retail,Store Operations,Store Management,retail_ops,Store Operations,IC1,Entry,Assistant Store Operations,STORE-BR-027,CC-BR-RET-01,21,Permanent,Active,1.0,Female,Branca,true,2019-06-01,false,true,2019-06-01,1993,IC1,Entry,initial,2013-05-01,2023-01-28,2013-05-01,2023-01-27,false,Hire
941,262,Letícia Martins Oliveira,BR,46,Retail,Store Operations,Store Management,retail_ops,Store Operations,IC1,Entry,Assistant Store Operations,STORE-BR-027,CC-BR-RET-01,21,Permanent,Terminated,1.0,Female,Branca,true,2019-06-01,false,true,2019-06-01,1993,IC1,Entry,initial,2013-05-01,2023-01-28,2023-01-28,,true,Termination
942,263,André Silva Santos,BR,72,Customer,Customer Operations,Order Support,customer,Customer Support,IC1,Entry,Assistant Customer Support,SITE-BR-001,CC-BR-CUS-03,288,Permanent,Active,1.0,Female,Branca,true,2019-06-01,true,true,2019-06-01,1987,IC1,Entry,initial,2014-12-01,,2014-12-01,2021-08-22,false,Hire
943,263,André Silva Santos,BR,72,Customer,Customer Operations,Order Support,customer,Customer Support,IC1,Entry,Assistant Customer Support,SITE-BR-001,CC-BR-CUS-03,1586,Permanent,Active,1.0,Female,Branca,true,2019-06-01,true,true,2019-06-01,1987,IC1,Entry,initial,2014-12-01,,2021-08-23,2022-05-23,false,Manager Change
944,263,André Silva Santos,BR,72,Customer,Customer Operations,Order Support,customer,Customer Support,IC1,Entry,Assistant Customer Support,SITE-BR-001,CC-BR-CUS-03,1623,Permanent,Active,1.0,Female,Branca,true,2019-06-01,true,true,2019-06-01,1987,IC1,Entry,initial,2014-12-01,,2022-05-24,2022-07-17,false,Manager Change
945,263,André Silva Santos,BR,72,Customer,Customer Operations,Order Support,customer,Customer Support,IC1,Entry,Assistant Customer Support,SITE-BR-001,CC-BR-CUS-03,1257,Permanent,Active,1.0,Female,Branca,true,2019-06-01,true,true,2019-06-01,1987,IC1,Entry,initial,2014-12-01,,2022-07-18,2025-01-14,false,Manager Change
946,263,André Silva Santos,BR,16,Corporate,Marketing,Content,corporate,Marketing,IC1,Entry,Assistant Marketing,SITE-BR-001,CC-BR-COR-04,20,Permanent,Active,1.0,Female,Branca,true,2019-06-01,true,true,2019-06-01,1987,IC1,Entry,initial,2014-12-01,,2025-01-15,,true,Reorganization
947,264,Ana Rodríguez Torres,BR,56,Retail,Visual Merchandising,Merchandising,retail_ops,Design,M1,Manager,Coordinator Design,STORE-BR-030,CC-BR-RET-04,14,Permanent,Active,1.0,Male,Branca,true,2019-06-01,,false,,1966,M1,Manager,initial,2011-05-01,,2011-05-01,2018-03-14,false,Hire
948,264,Ana Rodríguez Torres,BR,56,Retail,Visual Merchandising,Merchandising,retail_ops,Design,M2,Manager,Manager Design,STORE-BR-030,CC-BR-RET-04,700,Permanent,Active,1.0,Male,Branca,true,2019-06-01,,false,,1966,M1,Manager,initial,2011-05-01,,2018-03-15,2020-08-14,false,Promotion
949,264,Ana Rodríguez Torres,BR,67,Customer,Customer Experience,CX Design,customer,Design,M2,Manager,Manager Design,SITE-BR-004,CC-BR-CUS-01,196,Permanent,Active,1.0,Male,Branca,true,2019-06-01,,false,,1966,M1,Manager,initial,2011-05-01,,2020-08-15,2021-09-14,false,Lateral Move
950,264,Ana Rodríguez Torres,BR,54,Retail,Regional Operations,Region South,retail_ops,Store Operations,M2,Manager,Manager Store Operations,STORE-BR-003,CC-BR-RET-03,1528,Permanent,Active,1.0,Male,Branca,true,2019-06-01,,false,,1966,M1,Manager,initial,2011-05-01,,2021-09-15,2023-02-14,false,Lateral Move
951,264,Ana Rodríguez Torres,BR,66,Supply Chain,Planning,Supply Planning,supply,Data,M2,Manager,Manager Data,DC-BR-003,CC-BR-SUP-04,833,Permanent,Active,1.0,Male,Branca,true,2019-06-01,,false,,1966,M1,Manager,initial,2011-05-01,,2023-02-15,2024-03-14,false,Lateral Move
952,264,Ana Rodríguez Torres,BR,66,Supply Chain,Planning,Supply Planning,supply,Data,M3,Senior Manager,Senior Manager Data,DC-BR-003,CC-BR-SUP-04,833,Permanent,Active,1.0,Male,Branca,true,2019-06-01,,false,,1966,M1,Manager,initial,2011-05-01,,2024-03-15,2025-01-14,false,Promotion
953,264,Ana Rodríguez Torres,BR,60,Supply Chain,Distribution Centers,Inbound,supply,Warehouse,M3,Senior Manager,Senior Manager Warehouse,DC-BR-003,CC-BR-SUP-02,2157,Permanent,Active,1.0,Male,Branca,true,2019-06-01,,false,,1966,M1,Manager,initial,2011-05-01,,2025-01-15,,true,Reorganization
954,265,Letícia Alves Nunes,BR,56,Retail,Visual Merchandising,Merchandising,retail_ops,Store Operations,IC1,Entry,Assistant Store Operations,STORE-BR-031,CC-BR-RET-04,108,Permanent,Active,0.75,Male,,false,,,false,,1992,IC1,Entry,initial,2015-04-01,2016-11-20,2015-04-01,2016-11-19,false,Hire
955,265,Letícia Alves Nunes,BR,56,Retail,Visual Merchandising,Merchandising,retail_ops,Store Operations,IC1,Entry,Assistant Store Operations,STORE-BR-031,CC-BR-RET-04,108,Permanent,Terminated,0.75,Male,,false,,,false,,1992,IC1,Entry,initial,2015-04-01,2016-11-20,2016-11-20,,true,Termination
956,266,Gabriel Almeida González,BR,73,Customer,Customer Operations,Returns,customer,Logistics,IC1,Entry,Assistant Logistics,SITE-BR-003,CC-BR-CUS-03,165,Permanent,Active,1.0,Male,,false,,,false,,1990,IC1,Entry,initial,2015-11-01,2016-03-19,2015-11-01,2016-03-18,false,Hire
957,266,Gabriel Almeida González,BR,73,Customer,Customer Operations,Returns,customer,Logistics,IC1,Entry,Assistant Logistics,SITE-BR-003,CC-BR-CUS-03,165,Permanent,Terminated,1.0,Male,,false,,,false,,1990,IC1,Entry,initial,2015-11-01,2016-03-19,2016-03-19,,true,Termination
958,267,Sebastián González García,BR,62,Supply Chain,Distribution Centers,Inventory,supply,Warehouse,M1,Manager,Coordinator Warehouse,DC-BR-004,CC-BR-SUP-02,303,Permanent,Active,1.0,Male,,false,,,false,,1971,M1,Manager,initial,2016-01-01,2016-04-20,2016-01-01,2016-04-19,false,Hire
959,267,Sebastián González García,BR,62,Supply Chain,Distribution Centers,Inventory,supply,Warehouse,M1,Manager,Coordinator Warehouse,DC-BR-004,CC-BR-SUP-02,303,Permanent,Terminated,1.0,Male,,false,,,false,,1971,M1,Manager,initial,2016-01-01,2016-04-20,2016-04-20,,true,Termination
960,268,Diego Martínez Costa,BR,71,Customer,Customer Service,Escalations,customer,Customer Support,IC1,Entry,Assistant Customer Support,SITE-BR-003,CC-BR-CUS-02,242,Permanent,Active,1.0,Male,,false,,,false,,1987,IC1,Entry,initial,2011-09-01,2017-11-28,2011-09-01,2017-11-27,false,Hire
961,268,Diego Martínez Costa,BR,71,Customer,Customer Service,Escalations,customer,Customer Support,IC1,Entry,Assistant Customer Support,SITE-BR-003,CC-BR-CUS-02,242,Permanent,Terminated,1.0,Male,,false,,,false,,1987,IC1,Entry,initial,2011-09-01,2017-11-28,2017-11-28,,true,Termination
962,269,Aline Moreira Almeida,BR,47,Retail,Store Operations,Cashier,retail_ops,Store Operations,IC1,Entry,Assistant Store Operations,STORE-BR-027,CC-BR-RET-01,77,Permanent,Active,1.0,Male,,false,,,false,,1988,IC1,Entry,initial,2015-03-01,2018-07-19,2015-03-01,2018-07-18,false,Hire
963,269,Aline Moreira Almeida,BR,47,Retail,Store Operations,Cashier,retail_ops,Store Operations,IC1,Entry,Assistant Store Operations,STORE-BR-027,CC-BR-RET-01,77,Permanent,Terminated,1.0,Male,,false,,,false,,1988,IC1,Entry,initial,2015-03-01,2018-07-19,2018-07-19,,true,Termination
964,270,Gabriel Oliveira Lima,BR,54,Retail,Regional Operations,Region South,retail_ops,General Management,IC2,Professional,Analyst General Management,STORE-BR-006,CC-BR-RET-03,34,Permanent,Active,1.0,Female,Branca,true,2019-06-01,false,true,2019-06-01,1977,IC2,Professional,initial,2013-02-01,2025-04-17,2013-02-01,2016-04-14,false,Hire
965,270,Gabriel Oliveira Lima,BR,55,Retail,Visual Merchandising,Store Design,retail_ops,Store Operations,IC2,Professional,Analyst Store Operations,STORE-BR-037,CC-BR-RET-04,273,Permanent,Active,1.0,Female,Branca,true,2019-06-01,false,true,2019-06-01,1977,IC2,Professional,initial,2013-02-01,2025-04-17,2016-04-15,2025-01-14,false,Lateral Move
966,270,Gabriel Oliveira Lima,BR,56,Retail,Visual Merchandising,Merchandising,retail_ops,Store Operations,IC2,Professional,Analyst Store Operations,STORE-BR-037,CC-BR-RET-04,573,Permanent,Active,1.0,Female,Branca,true,2019-06-01,false,true,2019-06-01,1977,IC2,Professional,initial,2013-02-01,2025-04-17,2025-01-15,2025-04-16,false,Reorganization
967,270,Gabriel Oliveira Lima,BR,56,Retail,Visual Merchandising,Merchandising,retail_ops,Store Operations,IC2,Professional,Analyst Store Operations,STORE-BR-037,CC-BR-RET-04,573,Permanent,Terminated,1.0,Female,Branca,true,2019-06-01,false,true,2019-06-01,1977,IC2,Professional,initial,2013-02-01,2025-04-17,2025-04-17,,true,Termination
968,271,Patrícia Lima,BR,65,Supply Chain,Planning,Demand Planning,supply,Logistics,IC1,Entry,Assistant Logistics,DC-BR-004,CC-BR-SUP-04,125,Permanent,Active,1.0,Male,,false,,,false,,1996,IC1,Entry,initial,2015-07-01,2017-01-27,2015-07-01,2016-08-22,false,Hire
969,271,Patrícia Lima,BR,65,Supply Chain,Planning,Demand Planning,supply,Logistics,IC1,Entry,Assistant Logistics,DC-BR-004,CC-BR-SUP-04,305,Permanent,Active,1.0,Male,,false,,,false,,1996,IC1,Entry,initial,2015-07-01,2017-01-27,2016-08-23,2017-01-26,false,Manager Change
970,271,Patrícia Lima,BR,65,Supply Chain,Planning,Demand Planning,supply,Logistics,IC1,Entry,Assistant Logistics,DC-BR-004,CC-BR-SUP-04,305,Permanent,Terminated,1.0,Male,,false,,,false,,1996,IC1,Entry,initial,2015-07-01,2017-01-27,2017-01-27,,true,Termination
971,272,André Martínez Flores,BR,56,Retail,Visual Merchandising,Merchandising,retail_ops,Design,IC1,Entry,Assistant Design,STORE-BR-003,CC-BR-RET-04,112,Temporary,Active,1.0,Female,Parda,true,2019-06-01,false,true,2019-06-01,1994,IC1,Entry,initial,2015-07-01,,2015-07-01,2016-02-22,false,Hire
972,272,André Martínez Flores,BR,56,Retail,Visual Merchandising,Merchandising,retail_ops,Design,IC1,Entry,Assistant Design,STORE-BR-003,CC-BR-RET-04,108,Temporary,Active,1.0,Female,Parda,true,2019-06-01,false,true,2019-06-01,1994,IC1,Entry,initial,2015-07-01,,2016-02-23,2017-02-16,false,Manager Change
973,272,André Martínez Flores,BR,56,Retail,Visual Merchandising,Merchandising,retail_ops,Design,IC1,Entry,Assistant Design,STORE-BR-003,CC-BR-RET-04,479,Temporary,Active,1.0,Female,Parda,true,2019-06-01,false,true,2019-06-01,1994,IC1,Entry,initial,2015-07-01,,2017-02-17,2019-01-27,false,Manager Change
974,272,André Martínez Flores,BR,56,Retail,Visual Merchandising,Merchandising,retail_ops,Design,IC1,Entry,Assistant Design,STORE-BR-003,CC-BR-RET-04,502,Temporary,Active,1.0,Female,Parda,true,2019-06-01,false,true,2019-06-01,1994,IC1,Entry,initial,2015-07-01,,2019-01-28,2021-04-23,false,Manager Change
975,272,André Martínez Flores,BR,56,Retail,Visual Merchandising,Merchandising,retail_ops,Design,IC1,Entry,Assistant Design,STORE-BR-003,CC-BR-RET-04,274,Temporary,Active,1.0,Female,Parda,true,2019-06-01,false,true,2019-06-01,1994,IC1,Entry,initial,2015-07-01,,2021-04-24,2022-11-23,false,Manager Change
976,272,André Martínez Flores,BR,56,Retail,Visual Merchandising,Merchandising,retail_ops,Design,IC1,Entry,Assistant Design,STORE-BR-003,CC-BR-RET-04,1926,Temporary,Active,1.0,Female,Parda,true,2019-06-01,false,true,2019-06-01,1994,IC1,Entry,initial,2015-07-01,,2022-11-24,2023-03-14,false,Manager Change
977,272,André Martínez Flores,BR,56,Retail,Visual Merchandising,Merchandising,retail_ops,Design,IC2,Professional,Analyst Design,STORE-BR-003,CC-BR-RET-04,2594,Temporary,Active,1.0,Female,Parda,true,2019-06-01,false,true,2019-06-01,1994,IC1,Entry,initial,2015-07-01,,2023-03-15,2023-04-14,false,Promotion
978,272,André Martínez Flores,BR,33,Digital,Product,Product Ops,digital,Product Management,IC2,Professional,Analyst Product Management,STORE-BR-003,CC-BR-DIG-02,1042,Temporary,Active,1.0,Female,Parda,true,2019-06-01,false,true,2019-06-01,1994,IC1,Entry,initial,2015-07-01,,2023-04-15,2025-01-14,false,Reorganization
979,272,André Martínez Flores,BR,79,Marketplace,Marketplace Technology,Seller Platform,digital,Software Engineering,IC2,Professional,Analyst Software Engineering,STORE-BR-003,CC-BR-MKT-03,1999,Temporary,Active,1.0,Female,Parda,true,2019-06-01,false,true,2019-06-01,1994,IC1,Entry,initial,2015-07-01,,2025-01-15,2026-01-20,false,Reorganization
980,272,André Martínez Flores,BR,79,Marketplace,Marketplace Technology,Seller Platform,digital,Software Engineering,IC2,Professional,Analyst Software Engineering,STORE-BR-003,CC-BR-MKT-03,21,Temporary,Active,1.0,Female,Parda,true,2019-06-01,false,true,2019-06-01,1994,IC1,Entry,initial,2015-07-01,,2026-01-21,,true,Manager Change
981,273,Eduardo Martínez Martins,BR,56,Retail,Visual Merchandising,Merchandising,retail_ops,Design,IC3,Professional,Senior Analyst Design,STORE-BR-001,CC-BR-RET-04,140,Permanent,Active,1.0,Female,Branca,true,2019-06-01,true,true,2019-06-01,1976,IC3,Professional,initial,2011-08-01,,2011-08-01,2018-02-17,false,Hire
982,273,Eduardo Martínez Martins,BR,56,Retail,Visual Merchandising,Merchandising,retail_ops,Design,IC3,Professional,Senior Analyst Design,STORE-BR-001,CC-BR-RET-04,493,Permanent,Active,1.0,Female,Branca,true,2019-06-01,true,true,2019-06-01,1976,IC3,Professional,initial,2011-08-01,,2018-02-18,2021-01-14,false,Manager Change
983,273,Eduardo Martínez Martins,BR,52,Retail,Regional Operations,Region North,retail_ops,General Management,IC3,Professional,Senior Analyst General Management,STORE-BR-017,CC-BR-RET-03,1390,Permanent,Active,1.0,Female,Branca,true,2019-06-01,true,true,2019-06-01,1976,IC3,Professional,initial,2011-08-01,,2021-01-15,2022-09-14,false,Transfer
984,273,Eduardo Martínez Martins,BR,52,Retail,Regional Operations,Region North,retail_ops,General Management,M1,Manager,Coordinator General Management,STORE-BR-017,CC-BR-RET-03,264,Permanent,Active,1.0,Female,Branca,true,2019-06-01,true,true,2019-06-01,1976,IC3,Professional,initial,2011-08-01,,2022-09-15,2023-04-14,false,Promotion
985,273,Eduardo Martínez Martins,BR,32,Digital,Product,Product Management,digital,Product Management,M1,Manager,Coordinator Product Management,STORE-BR-017,CC-BR-DIG-02,482,Permanent,Active,1.0,Female,Branca,true,2019-06-01,true,true,2019-06-01,1976,IC3,Professional,initial,2011-08-01,,2023-04-15,2025-01-14,false,Reorganization
986,273,Eduardo Martínez Martins,BR,1,Corporate,People,Talent Acquisition,corporate,People,M1,Manager,Coordinator People,STORE-BR-017,CC-BR-COR-01,2990,Permanent,Active,1.0,Female,Branca,true,2019-06-01,true,true,2019-06-01,1976,IC3,Professional,initial,2011-08-01,,2025-01-15,,true,Reorganization
987,274,Patrícia Moreira Santos,BR,54,Retail,Regional Operations,Region South,retail_ops,Store Operations,IC1,Entry,Assistant Store Operations,STORE-BR-016,CC-BR-RET-03,5,Permanent,Active,0.5,Male,Parda,true,2019-06-01,false,true,2019-06-01,1996,IC1,Entry,initial,2015-06-01,2022-11-24,2015-06-01,2017-01-16,false,Hire
988,274,Patrícia Moreira Santos,BR,54,Retail,Regional Operations,Region South,retail_ops,Store Operations,IC1,Entry,Assistant Store Operations,STORE-BR-016,CC-BR-RET-03,115,Permanent,Active,0.5,Male,Parda,true,2019-06-01,false,true,2019-06-01,1996,IC1,Entry,initial,2015-06-01,2022-11-24,2017-01-17,2019-08-16,false,Manager Change
989,274,Patrícia Moreira Santos,BR,54,Retail,Regional Operations,Region South,retail_ops,Store Operations,IC1,Entry,Assistant Store Operations,STORE-BR-016,CC-BR-RET-03,1009,Permanent,Active,0.5,Male,Parda,true,2019-06-01,false,true,2019-06-01,1996,IC1,Entry,initial,2015-06-01,2022-11-24,2019-08-17,2020-06-14,false,Manager Change
990,274,Patrícia Moreira Santos,BR,9,Corporate,Finance,FP&A,corporate,Finance,IC1,Entry,Assistant Finance,HQ-BR-001,CC-BR-COR-02,900,Permanent,Active,0.5,Male,Parda,true,2019-06-01,false,true,2019-06-01,1996,IC1,Entry,initial,2015-06-01,2022-11-24,2020-06-15,2021-03-14,false,Transfer
991,274,Patrícia Moreira Santos,BR,56,Retail,Visual Merchandising,Merchandising,retail_ops,Store Operations,IC2,Professional,Analyst Store Operations,STORE-BR-036,CC-BR-RET-04,223,Permanent,Active,0.5,Male,Parda,true,2019-06-01,false,true,2019-06-01,1996,IC1,Entry,initial,2015-06-01,2022-11-24,2021-03-15,2022-02-14,false,Lateral Move
992,274,Patrícia Moreira Santos,BR,58,Supply Chain,Logistics,Last Mile,supply,Logistics,IC2,Professional,Analyst Logistics,DC-BR-005,CC-BR-SUP-01,1713,Permanent,Active,0.5,Male,Parda,true,2019-06-01,false,true,2019-06-01,1996,IC1,Entry,initial,2015-06-01,2022-11-24,2022-02-15,2022-11-23,false,Transfer
993,274,Patrícia Moreira Santos,BR,58,Supply Chain,Logistics,Last Mile,supply,Logistics,IC2,Professional,Analyst Logistics,DC-BR-005,CC-BR-SUP-01,1713,Permanent,Terminated,0.5,Male,Parda,true,2019-06-01,false,true,2019-06-01,1996,IC1,Entry,initial,2015-06-01,2022-11-24,2022-11-24,,true,Termination
994,275,Sebastián Oliveira Melo,BR,49,Retail,Store Operations,Security,retail_ops,Store Operations,IC1,Entry,Assistant Store Operations,STORE-BR-043,CC-BR-RET-01,127,Permanent,Active,1.0,Female,Preta,true,2019-06-01,false,true,2019-06-01,1988,IC1,Entry,initial,2015-06-01,2022-04-20,2015-06-01,2017-03-16,false,Hire
995,275,Sebastián Oliveira Melo,BR,49,Retail,Store Operations,Security,retail_ops,Store Operations,IC1,Entry,Assistant Store Operations,STORE-BR-043,CC-BR-RET-01,308,Permanent,Active,1.0,Female,Preta,true,2019-06-01,false,true,2019-06-01,1988,IC1,Entry,initial,2015-06-01,2022-04-20,2017-03-17,2018-01-14,false,Manager Change
996,275,Sebastián Oliveira Melo,BR,8,Corporate,Finance,Accounting,corporate,Finance,IC1,Entry,Assistant Finance,HQ-BR-001,CC-BR-COR-02,100,Permanent,Active,1.0,Female,Preta,true,2019-06-01,false,true,2019-06-01,1988,IC1,Entry,initial,2015-06-01,2022-04-20,2018-01-15,2022-04-19,false,Transfer
997,275,Sebastián Oliveira Melo,BR,8,Corporate,Finance,Accounting,corporate,Finance,IC1,Entry,Assistant Finance,HQ-BR-001,CC-BR-COR-02,100,Permanent,Terminated,1.0,Female,Preta,true,2019-06-01,false,true,2019-06-01,1988,IC1,Entry,initial,2015-06-01,2022-04-20,2022-04-20,,true,Termination
998,276,Maria Carvalho García,BR,57,Supply Chain,Logistics,Transportation,supply,Logistics,IC2,Professional,Analyst Logistics,DC-BR-001,CC-BR-SUP-01,260,Permanent,Active,1.0,Female,Preta,true,2019-06-01,,false,,1991,IC2,Professional,initial,2015-01-01,2024-06-26,2015-01-01,2017-03-16,false,Hire
999,276,Maria Carvalho García,BR,57,Supply Chain,Logistics,Transportation,supply,Logistics,IC2,Professional,Analyst Logistics,DC-BR-001,CC-BR-SUP-01,162,Permanent,Active,1.0,Female,Preta,true,2019-06-01,,false,,1991,IC2,Professional,initial,2015-01-01,2024-06-26,2017-03-17,2022-04-14,false,Manager Change
1000,276,Maria Carvalho García,BR,69,Customer,Customer Service,Contact Center,customer,Customer Support,IC2,Professional,Analyst Customer Support,SITE-BR-002,CC-BR-CUS-02,1885,Permanent,Active,1.0,Female,Preta,true,2019-06-01,,false,,1991,IC2,Professional,initial,2015-01-01,2024-06-26,2022-04-15,2023-07-27,false,Transfer
