requisition_id,position_id,country,business_unit,department,sub_department,job_family,job_level,location,opening_date,approval_date,posting_date,requisition_status,recruiter_id,hire_date
REQ0000001,POS0000002,BR,Retail,Visual Merchandising,Merchandising,Design,IC1,STORE-BR-019,2015-11-05,2015-11-07,2015-11-10,Filled,REC0002,2016-01-03
REQ0000002,POS0000003,AR,Retail,Visual Merchandising,Merchandising,Store Operations,IC1,STORE-AR-010,2015-11-26,2015-11-27,2015-12-03,Filled,REC0005,2016-01-11
REQ0000003,POS0000004,BR,Retail,Sales,Floor Sales,Sales,IC1,STORE-BR-019,2015-11-01,2015-11-13,2015-11-19,Filled,REC0003,2016-01-12
REQ0000004,POS0000005,BR,Corporate,Data & Analytics,Data Governance,Data,IC2,HQ-BR-001,2015-10-29,2015-10-31,2015-10-31,Filled,REC0003,2016-01-08
REQ0000005,POS0000006,BR,Retail,Store Operations,Store Management,Store Operations,IC2,STORE-BR-001,2015-09-06,2015-09-26,2015-10-02,Filled,REC0001,2016-01-04
REQ0000006,POS0000007,BR,Retail,Visual Merchandising,Store Design,Store Operations,IC1,STORE-BR-013,2015-10-19,2015-10-26,2015-11-01,Filled,REC0001,2016-01-02
REQ0000007,POS0000008,BR,Retail,Regional Operations,Region Southeast,General Management,IC1,STORE-BR-027,2015-10-29,2015-11-01,2015-11-08,Filled,REC0004,2016-01-01
REQ0000008,POS0000009,BR,Retail,Store Operations,Cashier,Store Operations,IC1,STORE-BR-016,2015-11-17,2015-11-21,2015-11-26,Filled,REC0001,2016-01-14
REQ0000009,POS0000010,AR,Retail,Regional Operations,Region North,General Management,IC2,STORE-AR-007,2015-10-12,2015-10-17,2015-10-27,Filled,REC0005,2016-01-04
REQ0000010,POS0000011,BR,Digital,Product,Product Ops,Product Management,IC1,HQ-BR-001,2015-10-25,2015-11-06,2015-11-11,Filled,REC0005,2016-01-06
REQ0000011,POS0000012,BR,Customer,Customer Experience,CX Design,Design,IC1,SITE-BR-004,2015-12-15,2015-12-24,2015-12-24,Cancelled,REC0002,
REQ0000012,POS0000013,BR,Customer,Customer Service,Escalations,Customer Support,IC2,SITE-BR-001,2015-10-24,2015-11-12,2015-11-19,Filled,REC0005,2016-02-13
REQ0000013,POS0000014,BR,Retail,Store Operations,Cashier,Store Operations,IC1,STORE-BR-021,2015-12-19,2015-12-21,2015-12-24,Filled,REC0002,2016-02-05
REQ0000014,POS0000015,BR,Retail,Regional Operations,Region Southeast,Store Operations,IC1,STORE-BR-032,2015-12-02,2015-12-12,2015-12-18,Filled,REC0002,2016-02-04
REQ0000015,POS0000016,BR,Retail,Regional Operations,Region Southeast,Store Operations,IC1,STORE-BR-024,2015-12-18,2015-12-22,2015-12-22,Filled,REC0001,2016-02-05
REQ0000016,POS0000017,BR,Retail,Regional Operations,Region South,General Management,IC2,STORE-BR-035,2015-10-09,2015-10-22,2015-10-31,Filled,REC0003,2016-02-07
REQ0000017,POS0000018,AR,Retail,Sales,Key Accounts,Sales,IC2,STORE-AR-003,2015-09-23,2015-10-14,2015-10-22,Filled,REC0001,2016-02-06
REQ0000018,POS0000019,BR,Retail,Sales,Floor Sales,Sales,IC1,STORE-BR-036,2015-11-30,2015-12-12,2015-12-16,Filled,REC0004,2016-02-07
REQ0000019,POS0000020,BR,Corporate,Data & Analytics,Data Governance,Data,IC2,HQ-BR-001,2015-10-12,2015-10-31,2015-11-10,Filled,REC0002,2016-02-04
REQ0000020,POS0000021,BR,Retail,Sales,Floor Sales,Sales,IC2,STORE-BR-044,2015-11-22,2015-11-24,2015-11-30,Filled,REC0005,2016-02-14
REQ0000021,POS0000022,BR,Supply Chain,Distribution Centers,Inbound,Warehouse,IC1,DC-BR-004,2016-01-03,2016-01-12,2016-01-16,Filled,REC0002,2016-02-14
REQ0000022,POS0000023,BR,Retail,Regional Operations,Region Southeast,Store Operations,IC2,STORE-BR-016,2015-12-01,2015-12-22,2015-12-25,Cancelled,REC0004,
REQ0000023,POS0000024,AR,Supply Chain,Planning,Supply Planning,Logistics,IC2,DC-AR-001,2015-11-30,2015-12-11,2015-12-23,Filled,REC0003,2016-03-07
REQ0000024,POS0000025,AR,Retail,Store Operations,Stockroom,Store Operations,IC1,STORE-AR-004,2015-12-26,2016-01-03,2016-01-08,Filled,REC0002,2016-03-05
REQ0000025,POS0000026,BR,Corporate,Legal,Corporate Legal,Legal,IC3,HQ-BR-001,2015-12-28,2015-12-31,2016-01-01,Filled,REC0004,2016-03-11
REQ0000026,POS0000027,BR,Digital,Product,Product Ops,Product Management,IC3,HQ-BR-001,2015-11-25,2015-11-30,2015-12-06,Filled,REC0004,2016-03-02
REQ0000027,POS0000028,BR,Supply Chain,Procurement,Supplier Management,Procurement,IC1,DC-BR-005,2016-01-11,2016-01-21,2016-01-23,Filled,REC0001,2016-03-09
REQ0000028,POS0000029,BR,Corporate,Legal,Compliance,Legal,IC4,HQ-BR-001,2015-11-12,2015-12-05,2015-12-05,Filled,REC0002,2016-03-01
REQ0000029,POS0000030,AR,Retail,Store Operations,Store Management,Store Operations,IC1,STORE-AR-008,2016-01-18,2016-01-30,2016-01-31,Filled,REC0005,2016-03-10
REQ0000030,POS0000031,BR,Retail,Visual Merchandising,Merchandising,Store Operations,IC2,STORE-BR-016,2015-10-27,2015-11-07,2015-11-18,Filled,REC0004,2016-03-05
REQ0000031,POS0000032,AR,Retail,Sales,Floor Sales,Sales,IC1,STORE-AR-003,2016-02-10,2016-02-11,2016-02-14,Filled,REC0005,2016-03-11
REQ0000032,POS0000033,BR,Retail,Regional Operations,Region South,Store Operations,IC1,STORE-BR-031,2016-01-03,2016-01-05,2016-01-13,Filled,REC0002,2016-03-10
REQ0000033,POS0000034,BR,Customer,Customer Experience,Voice of Customer,Design,IC1,SITE-BR-001,2016-01-03,2016-01-09,2016-01-12,Filled,REC0002,2016-03-01
REQ0000034,POS0000035,BR,Retail,Regional Operations,Region Southeast,Store Operations,IC1,STORE-BR-011,2016-02-09,2016-02-12,2016-02-17,Filled,REC0004,2016-03-12
REQ0000035,POS0000036,BR,Customer,Customer Operations,Returns,Customer Support,IC2,SITE-BR-001,2016-01-01,2016-01-02,2016-01-14,Filled,REC0003,2016-03-03
REQ0000036,POS0000037,BR,Customer,Customer Experience,CX Design,Design,IC1,SITE-BR-001,2016-01-22,2016-01-25,2016-01-25,Cancelled,REC0003,
REQ0000037,POS0000038,BR,Retail,Visual Merchandising,Store Design,Design,IC1,STORE-BR-022,2015-12-25,2016-01-04,2016-01-08,Cancelled,REC0004,
REQ0000038,POS0000039,BR,Retail,Visual Merchandising,Store Design,Design,IC1,STORE-BR-004,2016-02-19,2016-02-24,2016-02-26,Filled,REC0005,2016-04-08
REQ0000039,POS0000040,BR,Retail,Regional Operations,Region Southeast,Store Operations,IC1,STORE-BR-018,2016-02-12,2016-02-20,2016-02-20,Filled,REC0001,2016-04-10
REQ0000040,POS0000041,AR,Retail,Store Operations,Security,Store Operations,IC5,STORE-AR-005,2015-10-24,2015-11-21,2015-12-06,Filled,REC0004,2016-04-13
REQ0000041,POS0000042,BR,Retail,Sales,Floor Sales,Sales,IC1,STORE-BR-044,2016-02-25,2016-03-07,2016-03-07,Filled,REC0003,2016-04-09
REQ0000042,POS0000043,BR,Retail,Store Operations,Stockroom,Store Operations,IC1,STORE-BR-010,2016-02-03,2016-02-07,2016-02-09,Filled,REC0001,2016-04-13
REQ0000043,POS0000044,BR,Customer,Customer Operations,Order Support,Customer Support,IC1,SITE-BR-002,2016-03-02,2016-03-10,2016-03-16,Filled,REC0003,2016-04-07
REQ0000044,POS0000045,BR,Digital,Digital Marketing,Paid Media,Marketing,IC3,HQ-BR-001,2015-11-28,2015-11-29,2015-12-03,Filled,REC0005,2016-04-11
REQ0000045,POS0000046,BR,Retail,Store Operations,Store Management,Store Operations,IC1,STORE-BR-024,2016-01-31,2016-02-07,2016-02-11,Filled,REC0002,2016-04-12
REQ0000046,POS0000047,BR,Retail,Visual Merchandising,Merchandising,Store Operations,IC1,STORE-BR-028,2016-01-19,2016-01-28,2016-02-03,Filled,REC0001,2016-04-03
REQ0000047,POS0000048,BR,Customer,Customer Service,Escalations,Customer Support,IC1,SITE-BR-003,2016-01-30,2016-02-06,2016-02-12,Filled,REC0002,2016-04-01
REQ0000048,POS0000049,BR,Retail,Sales,Floor Sales,Sales,IC1,STORE-BR-042,2016-02-19,2016-02-21,2016-02-25,Cancelled,REC0004,
REQ0000049,POS0000050,BR,Corporate,Strategy,Corporate Strategy,Strategy,IC1,HQ-BR-001,2016-02-21,2016-03-01,2016-03-07,Filled,REC0003,2016-05-10
REQ0000050,POS0000051,BR,Supply Chain,Planning,Demand Planning,Logistics,IC1,DC-BR-005,2016-03-22,2016-03-25,2016-04-01,Filled,REC0005,2016-05-08
REQ0000051,POS0000052,BR,Corporate,Data & Analytics,Data Governance,Data,IC3,HQ-BR-001,2015-12-22,2015-12-28,2015-12-29,Filled,REC0003,2016-05-03
REQ0000052,POS0000053,BR,Customer,Customer Operations,Order Support,Logistics,IC1,SITE-BR-002,2016-02-28,2016-03-05,2016-03-12,Filled,REC0001,2016-05-09
REQ0000053,POS0000054,BR,Customer,Customer Operations,Order Support,Logistics,IC2,SITE-BR-004,2016-02-16,2016-02-27,2016-03-09,Filled,REC0003,2016-05-13
REQ0000054,POS0000055,BR,Retail,Store Operations,Cashier,Store Operations,IC1,STORE-BR-029,2016-03-07,2016-03-10,2016-03-16,Filled,REC0002,2016-05-13
REQ0000055,POS0000056,BR,Supply Chain,Procurement,Supplier Management,Procurement,IC2,DC-BR-005,2016-03-08,2016-03-16,2016-03-19,Filled,REC0001,2016-05-09
REQ0000056,POS0000057,BR,Corporate,Marketing,CRM,Marketing,M3,HQ-BR-001,2015-09-12,2015-10-15,2015-10-30,Cancelled,REC0003,
REQ0000057,POS0000058,AR,Retail,Regional Operations,Region North,General Management,IC1,STORE-AR-010,2016-03-23,2016-03-26,2016-04-01,Filled,REC0001,2016-06-11
REQ0000058,POS0000059,AR,Retail,Store Operations,Cashier,Store Operations,IC1,STORE-AR-008,2016-03-20,2016-03-23,2016-03-26,Filled,REC0005,2016-06-01
REQ0000059,POS0000060,BR,Customer,Customer Experience,CX Design,Customer Support,M1,SITE-BR-002,2015-10-26,2015-11-27,2015-12-18,Filled,REC0005,2016-06-02
REQ0000060,POS0000061,BR,Supply Chain,Logistics,Reverse Logistics,Logistics,IC1,DC-BR-001,2016-03-25,2016-04-05,2016-04-07,Filled,REC0003,2016-06-04
REQ0000061,POS0000062,BR,Retail,Sales,Key Accounts,Sales,IC1,STORE-BR-018,2016-05-07,2016-05-08,2016-05-12,Filled,REC0003,2016-06-12
REQ0000062,POS0000063,BR,Corporate,Marketing,Content,Marketing,IC2,HQ-BR-001,2016-03-01,2016-03-20,2016-03-24,Filled,REC0001,2016-06-04
REQ0000063,POS0000064,BR,Corporate,Strategy,PMO,Strategy,IC2,HQ-BR-001,2016-03-08,2016-03-25,2016-04-03,Filled,REC0004,2016-06-07
REQ0000064,POS0000065,AR,Retail,Visual Merchandising,Store Design,Store Operations,M2,STORE-AR-005,2015-11-10,2015-11-22,2015-11-24,Filled,REC0004,2016-06-03
REQ0000065,POS0000066,BR,Retail,Regional Operations,Region North,General Management,IC1,STORE-BR-010,2016-03-02,2016-03-14,2016-03-20,Filled,REC0005,2016-06-01
REQ0000066,POS0000067,BR,Corporate,Marketing,CRM,Marketing,M2,HQ-BR-001,2016-01-28,2016-01-30,2016-02-08,Filled,REC0005,2016-06-05
REQ0000067,POS0000068,BR,Corporate,Procurement,Indirect Procurement,Procurement,IC2,HQ-BR-001,2016-03-31,2016-04-13,2016-04-22,Cancelled,REC0001,
REQ0000068,POS0000069,BR,Corporate,Legal,Corporate Legal,Legal,IC3,HQ-BR-001,2016-02-18,2016-02-29,2016-02-29,Filled,REC0003,2016-07-06
REQ0000069,POS0000070,BR,Retail,Visual Merchandising,Merchandising,Store Operations,IC1,STORE-BR-024,2016-04-07,2016-04-13,2016-04-19,Filled,REC0001,2016-07-01
REQ0000070,POS0000071,BR,Retail,Store Operations,Security,Store Operations,IC1,STORE-BR-043,2016-05-02,2016-05-06,2016-05-12,Filled,REC0005,2016-07-05
REQ0000071,POS0000072,BR,Corporate,Strategy,M&A,Strategy,IC4,HQ-BR-001,2016-05-13,2016-05-25,2016-06-03,Filled,REC0003,2016-07-14
REQ0000072,POS0000073,AR,Retail,Visual Merchandising,Store Design,Design,IC1,STORE-AR-006,2016-05-07,2016-05-14,2016-05-20,Filled,REC0005,2016-07-10
REQ0000073,POS0000074,BR,Retail,Sales,Floor Sales,Sales,IC1,STORE-BR-038,2016-06-02,2016-06-04,2016-06-09,Filled,REC0004,2016-07-12
REQ0000074,POS0000075,BR,Corporate,People,Learning & Development,People,IC2,HQ-BR-001,2016-04-02,2016-04-09,2016-04-12,Filled,REC0001,2016-07-08
REQ0000075,POS0000076,BR,Digital,UX,Design System,Design,IC3,HQ-BR-001,2016-04-15,2016-04-22,2016-05-06,Filled,REC0002,2016-07-12
REQ0000076,POS0000077,BR,Retail,Regional Operations,Region South,Store Operations,IC1,STORE-BR-001,2016-06-06,2016-06-08,2016-06-13,Filled,REC0003,2016-07-05
REQ0000077,POS0000078,AR,Retail,Visual Merchandising,Store Design,Design,IC1,STORE-AR-006,2016-05-07,2016-05-08,2016-05-14,Cancelled,REC0001,
REQ0000078,POS0000079,BR,Retail,Sales,Key Accounts,Sales,IC1,STORE-BR-015,2016-06-11,2016-06-13,2016-06-19,Filled,REC0001,2016-08-09
REQ0000079,POS0000080,BR,Retail,Store Operations,Stockroom,Store Operations,IC1,STORE-BR-022,2016-06-06,2016-06-10,2016-06-18,Filled,REC0002,2016-08-01
REQ0000080,POS0000081,AR,Supply Chain,Planning,Supply Planning,Logistics,IC1,DC-AR-001,2016-07-06,2016-07-18,2016-07-19,Filled,REC0005,2016-08-13
REQ0000081,POS0000082,BR,Supply Chain,Procurement,Supplier Management,Procurement,IC2,DC-BR-006,2016-05-22,2016-05-25,2016-05-30,Filled,REC0002,2016-08-12
REQ0000082,POS0000083,BR,Retail,Sales,Floor Sales,Sales,IC1,STORE-BR-031,2016-06-10,2016-06-14,2016-06-21,Filled,REC0001,2016-08-04
REQ0000083,POS0000084,BR,Retail,Store Operations,Stockroom,Store Operations,IC1,STORE-BR-031,2016-07-07,2016-07-13,2016-07-21,Filled,REC0005,2016-08-13
REQ0000084,POS0000085,BR,Customer,Customer Operations,Order Support,Customer Support,IC1,SITE-BR-001,2016-05-05,2016-05-15,2016-05-16,Filled,REC0001,2016-08-02
REQ0000085,POS0000086,BR,Corporate,Legal,Corporate Legal,Legal,IC3,HQ-BR-001,2016-05-12,2016-05-25,2016-06-05,Filled,REC0005,2016-08-11
REQ0000086,POS0000087,BR,Retail,Store Operations,Store Management,Store Operations,IC1,STORE-BR-043,2016-06-16,2016-06-19,2016-06-20,Filled,REC0005,2016-08-11
REQ0000087,POS0000088,BR,Retail,Sales,Floor Sales,Sales,IC2,STORE-BR-019,2016-04-21,2016-05-09,2016-05-12,Filled,REC0003,2016-08-04
REQ0000088,POS0000089,BR,Retail,Sales,Key Accounts,Sales,IC1,STORE-BR-032,2016-06-16,2016-06-22,2016-06-24,Filled,REC0002,2016-08-14
REQ0000089,POS0000090,BR,Customer,Customer Service,Contact Center,Customer Support,IC2,SITE-BR-002,2016-03-31,2016-04-05,2016-04-09,Filled,REC0001,2016-08-08
REQ0000090,POS0000091,AR,Retail,Store Operations,Security,Store Operations,IC2,STORE-AR-010,2016-04-09,2016-04-22,2016-04-29,Filled,REC0004,2016-08-04
REQ0000091,POS0000092,AR,Supply Chain,Distribution Centers,Outbound,Warehouse,IC1,DC-AR-001,2016-06-03,2016-06-10,2016-06-12,Filled,REC0003,2016-08-01
REQ0000092,POS0000093,BR,Corporate,Legal,Compliance,Legal,IC2,HQ-BR-001,2016-05-09,2016-05-17,2016-05-27,Filled,REC0001,2016-08-08
REQ0000093,POS0000094,BR,Digital,Data,Data Engineering,Data,IC2,HQ-BR-001,2016-04-15,2016-04-20,2016-04-29,Filled,REC0004,2016-08-02
REQ0000094,POS0000095,BR,Retail,Store Operations,Stockroom,Store Operations,IC1,STORE-BR-018,2016-06-23,2016-07-01,2016-07-01,Cancelled,REC0004,
REQ0000095,POS0000096,BR,Retail,Store Operations,Store Management,Store Operations,IC1,STORE-BR-025,2016-05-24,2016-06-05,2016-06-06,Cancelled,REC0005,
REQ0000096,POS0000097,BR,Retail,Regional Operations,Region South,General Management,IC2,STORE-BR-003,2016-06-01,2016-06-06,2016-06-10,Filled,REC0003,2016-09-11
REQ0000097,POS0000098,BR,Retail,Store Operations,Store Management,Store Operations,M1,STORE-BR-032,2016-04-05,2016-04-09,2016-04-15,Filled,REC0003,2016-09-01
REQ0000098,POS0000099,BR,Retail,Store Operations,Stockroom,Store Operations,IC1,STORE-BR-017,2016-07-07,2016-07-09,2016-07-09,Filled,REC0005,2016-09-04
REQ0000099,POS0000100,BR,Retail,Store Operations,Cashier,Store Operations,IC1,STORE-BR-034,2016-06-29,2016-07-01,2016-07-03,Filled,REC0004,2016-09-07
REQ0000100,POS0000101,BR,Supply Chain,Planning,Demand Planning,Logistics,IC1,DC-BR-003,2016-07-19,2016-07-26,2016-08-02,Filled,REC0004,2016-09-03
REQ0000101,POS0000102,BR,Corporate,Risk,Internal Audit,Risk & Compliance,IC2,HQ-BR-001,2016-05-06,2016-05-09,2016-05-11,Filled,REC0001,2016-09-04
REQ0000102,POS0000103,BR,Retail,Regional Operations,Region South,General Management,IC3,STORE-BR-026,2016-06-11,2016-06-15,2016-06-26,Filled,REC0001,2016-09-06
REQ0000103,POS0000104,BR,Retail,Sales,Floor Sales,Sales,IC2,STORE-BR-020,2016-06-16,2016-06-25,2016-06-25,Filled,REC0005,2016-09-13
REQ0000104,POS0000105,BR,Supply Chain,Planning,Supply Planning,Logistics,IC3,DC-BR-006,2016-04-25,2016-04-26,2016-04-26,Filled,REC0001,2016-09-11
REQ0000105,POS0000106,BR,Corporate,Finance,Treasury,Finance,IC1,HQ-BR-001,2016-07-11,2016-07-12,2016-07-19,Filled,REC0001,2016-09-12
REQ0000106,POS0000107,BR,Retail,Sales,Floor Sales,Sales,IC1,STORE-BR-006,2016-07-06,2016-07-15,2016-07-16,Filled,REC0001,2016-09-07
REQ0000107,POS0000108,BR,Supply Chain,Logistics,Last Mile,Logistics,IC2,DC-BR-005,2016-05-01,2016-05-20,2016-05-22,Cancelled,REC0004,
REQ0000108,POS0000109,AR,Retail,Store Operations,Cashier,Store Operations,IC1,STORE-AR-008,2016-06-21,2016-06-28,2016-07-05,Cancelled,REC0003,
REQ0000109,POS0000110,BR,Retail,Regional Operations,Region South,Store Operations,IC2,STORE-BR-041,2016-07-16,2016-07-30,2016-07-30,Filled,REC0005,2016-10-07
REQ0000110,POS0000111,BR,Corporate,Marketing,Performance,Marketing,IC2,HQ-BR-001,2016-06-05,2016-06-26,2016-07-05,Filled,REC0003,2016-10-10
REQ0000111,POS0000112,BR,Retail,Visual Merchandising,Merchandising,Store Operations,IC2,STORE-BR-028,2016-07-18,2016-08-08,2016-08-16,Filled,REC0001,2016-10-05
REQ0000112,POS0000113,BR,Retail,Regional Operations,Region Southeast,Store Operations,IC1,STORE-BR-001,2016-08-14,2016-08-15,2016-08-22,Filled,REC0003,2016-10-02
REQ0000113,POS0000114,BR,Customer,Customer Operations,Order Support,Customer Support,IC1,SITE-BR-003,2016-09-10,2016-09-12,2016-09-18,Filled,REC0003,2016-10-11
REQ0000114,POS0000115,BR,Digital,Product,Product Ops,Product Management,IC5,HQ-BR-001,2016-03-10,2016-04-02,2016-04-21,Filled,REC0003,2016-10-07
REQ0000115,POS0000116,BR,Corporate,People,Talent Acquisition,People,IC1,HQ-BR-001,2016-07-21,2016-07-31,2016-07-31,Filled,REC0003,2016-10-05
REQ0000116,POS0000117,BR,Retail,Visual Merchandising,Merchandising,Design,IC1,STORE-BR-029,2016-08-14,2016-08-15,2016-08-22,Filled,REC0004,2016-10-06
REQ0000117,POS0000118,BR,Retail,Visual Merchandising,Merchandising,Store Operations,IC1,STORE-BR-019,2016-07-18,2016-07-28,2016-08-03,Filled,REC0003,2016-10-13
REQ0000118,POS0000119,BR,Customer,Customer Service,Contact Center,Customer Support,IC1,SITE-BR-003,2016-08-04,2016-08-12,2016-08-13,Filled,REC0005,2016-10-09
REQ0000119,POS0000120,BR,Retail,Sales,Key Accounts,Sales,IC1,STORE-BR-041,2016-07-22,2016-08-03,2016-08-11,Filled,REC0003,2016-10-01
REQ0000120,POS0000121,BR,Retail,Sales,Key Accounts,Sales,IC1,STORE-BR-010,2016-08-22,2016-09-01,2016-09-05,Filled,REC0002,2016-10-13
REQ0000121,POS0000122,BR,Retail,Regional Operations,Region South,Store Operations,IC1,STORE-BR-021,2016-07-08,2016-07-18,2016-07-24,Filled,REC0001,2016-10-07
REQ0000122,POS0000123,BR,Supply Chain,Planning,Demand Planning,Data,M2,DC-BR-005,2016-05-26,2016-06-15,2016-06-21,Cancelled,REC0003,
REQ0000123,POS0000124,BR,Retail,Store Operations,Store Management,Store Operations,IC2,STORE-BR-026,2016-07-03,2016-07-06,2016-07-11,Cancelled,REC0005,
REQ0000124,POS0000125,BR,Retail,Sales,Key Accounts,Sales,IC1,STORE-BR-008,2016-09-06,2016-09-07,2016-09-09,Filled,REC0005,2016-11-06
REQ0000125,POS0000126,BR,Retail,Visual Merchandising,Merchandising,Store Operations,IC1,STORE-BR-011,2016-09-09,2016-09-13,2016-09-15,Filled,REC0004,2016-11-09
REQ0000126,POS0000127,AR,Retail,Visual Merchandising,Store Design,Store Operations,IC1,STORE-AR-009,2016-09-15,2016-09-18,2016-09-22,Filled,REC0003,2016-11-02
REQ0000127,POS0000128,BR,Retail,Visual Merchandising,Merchandising,Design,M1,STORE-BR-038,2016-07-11,2016-08-04,2016-08-22,Filled,REC0005,2016-11-06
REQ0000128,POS0000129,BR,Corporate,Strategy,PMO,Strategy,IC3,HQ-BR-001,2016-08-28,2016-09-04,2016-09-14,Filled,REC0003,2016-11-08
REQ0000129,POS0000130,BR,Retail,Regional Operations,Region Southeast,General Management,IC1,STORE-BR-008,2016-09-06,2016-09-09,2016-09-16,Filled,REC0003,2016-11-06
REQ0000130,POS0000131,BR,Digital,Data,Data Science,Data,IC3,HQ-BR-001,2016-09-11,2016-09-12,2016-09-16,Filled,REC0004,2016-11-12
REQ0000131,POS0000132,BR,Retail,Regional Operations,Region North,Store Operations,IC1,STORE-BR-039,2016-08-20,2016-08-29,2016-09-04,Filled,REC0001,2016-11-10
REQ0000132,POS0000133,BR,Retail,Visual Merchandising,Merchandising,Design,IC1,STORE-BR-001,2016-09-10,2016-09-15,2016-09-19,Filled,REC0003,2016-11-09
REQ0000133,POS0000134,AR,Customer,Customer Operations,Order Support,Customer Support,IC2,SITE-AR-001,2016-06-09,2016-06-20,2016-06-20,Filled,REC0002,2016-11-05
REQ0000134,POS0000135,BR,Retail,Visual Merchandising,Store Design,Design,IC1,STORE-BR-016,2016-08-23,2016-08-30,2016-09-03,Filled,REC0005,2016-11-12
REQ0000135,POS0000136,BR,Digital,Data,Analytics Engineering,Data,IC1,HQ-BR-001,2016-09-22,2016-10-02,2016-10-04,Filled,REC0003,2016-11-07
REQ0000136,POS0000137,BR,Retail,Visual Merchandising,Merchandising,Design,IC2,STORE-BR-012,2016-07-31,2016-08-21,2016-08-28,Filled,REC0003,2016-11-09
REQ0000137,POS0000138,BR,Retail,Store Operations,Stockroom,Store Operations,M2,STORE-BR-022,2016-06-21,2016-07-15,2016-07-19,Filled,REC0002,2016-11-01
REQ0000138,POS0000139,BR,Corporate,Data & Analytics,Business Intelligence,Data,IC1,HQ-BR-001,2016-09-26,2016-10-02,2016-10-02,Filled,REC0004,2016-11-13
REQ0000139,POS0000140,BR,Supply Chain,Planning,Demand Planning,Logistics,IC1,DC-BR-004,2016-09-03,2016-09-10,2016-09-13,Filled,REC0004,2016-11-01
REQ0000140,POS0000141,AR,Retail,Regional Operations,Region Southeast,General Management,IC2,STORE-AR-006,2016-08-26,2016-09-04,2016-09-18,Filled,REC0002,2016-11-09
REQ0000141,POS0000142,AR,Retail,Sales,Floor Sales,Sales,IC1,STORE-AR-002,2016-09-17,2016-09-29,2016-10-07,Filled,REC0003,2016-11-10
REQ0000142,POS0000143,BR,Retail,Sales,Key Accounts,Sales,IC1,STORE-BR-036,2016-08-29,2016-09-07,2016-09-15,Filled,REC0005,2016-11-14
REQ0000143,POS0000144,BR,Corporate,Data & Analytics,Business Intelligence,Data,M2,HQ-BR-001,2016-06-28,2016-07-10,2016-07-16,Filled,REC0002,2016-11-14
REQ0000144,POS0000145,AR,Customer,Customer Service,Chat,Customer Support,IC2,SITE-AR-001,2016-07-06,2016-07-23,2016-07-30,Filled,REC0001,2016-11-09
REQ0000145,POS0000146,BR,Supply Chain,Procurement,Supplier Management,Procurement,IC1,DC-BR-002,2016-08-29,2016-09-05,2016-09-13,Filled,REC0003,2016-11-06
REQ0000146,POS0000147,AR,Retail,Store Operations,Store Management,Store Operations,IC2,STORE-AR-007,2016-06-23,2016-07-08,2016-07-14,Filled,REC0001,2016-11-05
REQ0000147,POS0000148,BR,Customer,Customer Operations,Returns,Logistics,IC1,SITE-BR-001,2016-09-18,2016-09-19,2016-09-23,Filled,REC0004,2016-11-08
REQ0000148,POS0000149,BR,Customer,Customer Experience,Voice of Customer,Customer Support,IC1,SITE-BR-001,2016-09-17,2016-09-19,2016-09-20,Filled,REC0003,2016-11-05
REQ0000149,POS0000150,BR,Supply Chain,Procurement,Supplier Management,Procurement,IC2,DC-BR-005,2016-07-22,2016-08-05,2016-08-19,Filled,REC0001,2016-11-12
REQ0000150,POS0000151,BR,Corporate,Finance,FP&A,Finance,IC3,HQ-BR-001,2016-08-27,2016-08-31,2016-09-10,Filled,REC0005,2016-11-05
REQ0000151,POS0000152,BR,Supply Chain,Distribution Centers,Inbound,Warehouse,IC3,DC-BR-004,2016-08-25,2016-08-29,2016-09-02,Filled,REC0002,2016-11-08
REQ0000152,POS0000153,BR,Retail,Regional Operations,Region North,Store Operations,IC3,STORE-BR-029,2016-08-04,2016-08-19,2016-09-01,Filled,REC0001,2016-11-10
REQ0000153,POS0000154,BR,Retail,Store Operations,Store Management,Store Operations,IC3,STORE-BR-027,2016-07-01,2016-07-13,2016-07-27,Filled,REC0003,2016-11-02
REQ0000154,POS0000155,BR,Customer,Customer Experience,CX Design,Design,IC1,SITE-BR-003,2016-08-23,2016-09-01,2016-09-03,Filled,REC0001,2016-11-13
REQ0000155,POS0000156,BR,Customer,Customer Service,Contact Center,Customer Support,IC1,SITE-BR-002,2016-09-18,2016-09-30,2016-10-03,Filled,REC0003,2016-11-03
REQ0000156,POS0000157,BR,Retail,Visual Merchandising,Store Design,Store Operations,IC2,STORE-BR-012,2016-08-06,2016-08-17,2016-08-27,Filled,REC0003,2016-11-08
REQ0000157,POS0000158,BR,Customer,Customer Operations,Order Support,Logistics,IC1,SITE-BR-004,2016-09-24,2016-10-05,2016-10-05,Filled,REC0005,2016-11-05
REQ0000158,POS0000159,BR,Corporate,Risk,Internal Audit,Risk & Compliance,IC1,HQ-BR-001,2016-09-21,2016-10-03,2016-10-07,Filled,REC0001,2016-11-12
REQ0000159,POS0000160,BR,Retail,Visual Merchandising,Store Design,Store Operations,IC1,STORE-BR-043,2016-08-30,2016-09-05,2016-09-08,Filled,REC0004,2016-11-12
REQ0000160,POS0000161,AR,Retail,Regional Operations,Region Southeast,Store Operations,IC1,STORE-AR-008,2016-08-25,2016-09-02,2016-09-09,Filled,REC0001,2016-11-02
REQ0000161,POS0000162,BR,Customer,Customer Service,Escalations,Customer Support,M2,SITE-BR-003,2016-06-04,2016-06-28,2016-07-08,Filled,REC0003,2016-11-12
REQ0000162,POS0000163,BR,Digital,Engineering,Platform,Software Engineering,M1,HQ-BR-001,2016-03-23,2016-03-29,2016-04-07,Filled,REC0004,2016-11-03
REQ0000163,POS0000164,BR,Supply Chain,Logistics,Transportation,Logistics,IC1,DC-BR-004,2016-09-14,2016-09-25,2016-09-29,Filled,REC0005,2016-11-09
REQ0000164,POS0000165,AR,Customer,Customer Service,Escalations,Customer Support,IC2,SITE-AR-001,2016-07-01,2016-07-10,2016-07-18,Filled,REC0002,2016-11-11
REQ0000165,POS0000166,BR,Retail,Visual Merchandising,Store Design,Store Operations,IC1,STORE-BR-015,2016-09-21,2016-09-27,2016-09-28,Filled,REC0004,2016-11-13
REQ0000166,POS0000167,BR,Retail,Visual Merchandising,Merchandising,Design,IC1,STORE-BR-044,2016-09-07,2016-09-09,2016-09-15,Filled,REC0001,2016-11-12
REQ0000167,POS0000168,BR,Customer,Customer Operations,Order Support,Logistics,M1,SITE-BR-001,2016-05-12,2016-06-09,2016-06-19,Cancelled,REC0003,
REQ0000168,POS0000169,AR,Supply Chain,Distribution Centers,Inbound,Warehouse,IC1,DC-AR-001,2016-09-21,2016-09-25,2016-10-02,Cancelled,REC0004,
REQ0000169,POS0000170,BR,Corporate,Legal,Corporate Legal,Legal,M2,HQ-BR-001,2016-02-25,2016-03-18,2016-04-03,Cancelled,REC0005,
REQ0000170,POS0000171,BR,Retail,Sales,Floor Sales,Sales,IC2,STORE-BR-019,2016-06-15,2016-06-19,2016-06-30,Cancelled,REC0001,
REQ0000171,POS0000172,BR,Supply Chain,Distribution Centers,Inventory,Warehouse,IC3,DC-BR-003,2016-08-26,2016-08-30,2016-09-02,Cancelled,REC0001,
REQ0000172,POS0000173,BR,Retail,Regional Operations,Region South,Store Operations,IC1,STORE-BR-010,2016-09-07,2016-09-10,2016-09-15,Cancelled,REC0001,
REQ0000173,POS0000174,BR,Supply Chain,Procurement,Sourcing,Procurement,IC3,DC-BR-002,2016-08-23,2016-09-07,2016-09-11,Filled,REC0002,2016-12-05
REQ0000174,POS0000175,BR,Digital,Engineering,Backend,Software Engineering,IC1,HQ-BR-001,2016-10-13,2016-10-19,2016-10-24,Filled,REC0002,2016-12-01
REQ0000175,POS0000176,BR,Supply Chain,Procurement,Supplier Management,Procurement,IC2,DC-BR-006,2016-09-02,2016-09-20,2016-09-20,Filled,REC0004,2016-12-09
REQ0000176,POS0000177,BR,Corporate,Procurement,Indirect Procurement,Procurement,IC1,HQ-BR-001,2016-09-29,2016-10-09,2016-10-11,Filled,REC0003,2016-12-09
REQ0000177,POS0000178,BR,Corporate,Marketing,Performance,Marketing,IC5,HQ-BR-001,2016-07-16,2016-08-03,2016-08-11,Filled,REC0002,2016-12-09
REQ0000178,POS0000179,BR,Retail,Visual Merchandising,Store Design,Design,IC1,STORE-BR-040,2016-09-29,2016-10-02,2016-10-10,Filled,REC0001,2016-12-01
REQ0000179,POS0000180,BR,Corporate,Strategy,Corporate Strategy,Strategy,M2,HQ-BR-001,2016-06-13,2016-06-23,2016-06-27,Filled,REC0003,2016-12-09
REQ0000180,POS0000181,BR,Retail,Regional Operations,Region South,Store Operations,IC2,STORE-BR-031,2016-10-23,2016-10-28,2016-10-29,Filled,REC0004,2016-12-08
REQ0000181,POS0000182,AR,Supply Chain,Planning,Demand Planning,Data,IC3,DC-AR-001,2016-09-18,2016-09-25,2016-10-06,Filled,REC0003,2016-12-10
REQ0000182,POS0000183,AR,Retail,Regional Operations,Region South,Store Operations,IC1,STORE-AR-001,2016-10-26,2016-10-27,2016-11-02,Filled,REC0003,2016-12-12
REQ0000183,POS0000184,BR,Corporate,Legal,Compliance,Legal,IC3,HQ-BR-001,2016-06-26,2016-07-09,2016-07-21,Filled,REC0004,2016-12-02
REQ0000184,POS0000185,BR,Customer,Customer Experience,CX Design,Design,IC1,SITE-BR-004,2016-10-11,2016-10-14,2016-10-19,Cancelled,REC0004,
REQ0000185,POS0000186,BR,Corporate,Risk,Risk Management,Risk & Compliance,M2,HQ-BR-001,2016-09-12,2016-09-15,2016-10-01,Cancelled,REC0003,
REQ0000186,POS0000187,BR,Retail,Visual Merchandising,Merchandising,Store Operations,IC1,STORE-BR-034,2017-01-23,2017-01-25,2017-01-31,Filled,REC0005,2017-03-08
REQ0000187,POS0000188,BR,Retail,Sales,Key Accounts,Sales,IC1,STORE-BR-032,2017-01-11,2017-01-14,2017-01-22,Filled,REC0002,2017-03-12
REQ0000188,POS0000189,BR,Retail,Store Operations,Cashier,Store Operations,IC1,STORE-BR-042,2017-02-07,2017-02-08,2017-02-09,Filled,REC0005,2017-03-01
REQ0000189,POS0000190,BR,Corporate,Strategy,PMO,Strategy,IC1,HQ-BR-001,2016-12-17,2016-12-28,2017-01-04,Filled,REC0002,2017-03-04
REQ0000190,POS0000191,BR,Retail,Store Operations,Store Management,Store Operations,IC1,STORE-BR-030,2017-01-29,2017-02-04,2017-02-06,Filled,REC0001,2017-03-09
REQ0000191,POS0000192,BR,Retail,Sales,Key Accounts,Sales,IC1,STORE-BR-034,2016-12-23,2016-12-25,2017-01-01,Filled,REC0004,2017-03-03
REQ0000192,POS0000193,BR,Customer,Customer Operations,Returns,Customer Support,IC2,SITE-BR-001,2016-10-22,2016-11-02,2016-11-10,Filled,REC0002,2017-03-04
REQ0000193,POS0000194,BR,Supply Chain,Procurement,Sourcing,Procurement,IC3,DC-BR-006,2016-11-15,2016-11-18,2016-11-18,Filled,REC0005,2017-03-06
REQ0000194,POS0000195,BR,Customer,Customer Experience,Voice of Customer,Customer Support,M1,SITE-BR-002,2016-08-05,2016-08-21,2016-08-24,Filled,REC0005,2017-03-05
REQ0000195,POS0000196,BR,Customer,Customer Operations,Returns,Logistics,IC2,SITE-BR-004,2016-11-24,2016-11-27,2016-11-30,Filled,REC0003,2017-03-05
REQ0000196,POS0000197,BR,Retail,Store Operations,Cashier,Store Operations,IC1,STORE-BR-013,2017-01-19,2017-01-29,2017-01-31,Filled,REC0001,2017-03-11
REQ0000197,POS0000198,BR,Supply Chain,Distribution Centers,Outbound,Warehouse,IC5,DC-BR-006,2016-09-13,2016-09-22,2016-10-06,Filled,REC0002,2017-03-06
REQ0000198,POS0000199,BR,Corporate,Strategy,Corporate Strategy,Strategy,IC2,HQ-BR-001,2016-10-09,2016-10-30,2016-11-10,Filled,REC0001,2017-03-02
REQ0000199,POS0000200,BR,Corporate,Data & Analytics,Data Governance,Data,IC2,HQ-BR-001,2016-11-23,2016-12-13,2016-12-15,Filled,REC0001,2017-03-07
REQ0000200,POS0000201,BR,Retail,Sales,Floor Sales,Sales,IC1,STORE-BR-022,2017-01-16,2017-01-17,2017-01-23,Filled,REC0002,2017-03-10
REQ0000201,POS0000202,BR,Retail,Sales,Key Accounts,Sales,IC1,STORE-BR-012,2017-01-02,2017-01-11,2017-01-15,Filled,REC0005,2017-03-07
REQ0000202,POS0000203,BR,Supply Chain,Planning,Supply Planning,Data,IC2,DC-BR-004,2016-10-29,2016-11-15,2016-11-20,Filled,REC0001,2017-03-11
REQ0000203,POS0000204,BR,Supply Chain,Procurement,Sourcing,Procurement,IC1,DC-BR-006,2017-01-11,2017-01-18,2017-01-20,Filled,REC0001,2017-03-06
REQ0000204,POS0000205,AR,Retail,Regional Operations,Region Southeast,Store Operations,IC1,STORE-AR-009,2017-01-28,2017-02-04,2017-02-07,Cancelled,REC0005,
REQ0000205,POS0000206,BR,Corporate,Procurement,Indirect Procurement,Procurement,IC1,HQ-BR-001,2016-12-26,2017-01-07,2017-01-13,Cancelled,REC0003,
REQ0000206,POS0000207,BR,Digital,UX,Design System,Design,IC4,HQ-BR-001,2016-09-14,2016-10-12,2016-10-15,Cancelled,REC0004,
REQ0000207,POS0000208,BR,Corporate,Data & Analytics,Business Intelligence,Data,IC2,HQ-BR-001,2016-12-21,2017-01-06,2017-01-16,Filled,REC0002,2017-04-08
REQ0000208,POS0000209,AR,Retail,Visual Merchandising,Store Design,Store Operations,IC1,STORE-AR-008,2017-01-03,2017-01-06,2017-01-13,Filled,REC0005,2017-04-02
REQ0000209,POS0000210,BR,Supply Chain,Procurement,Supplier Management,Procurement,M2,DC-BR-001,2016-11-13,2016-11-25,2016-12-01,Filled,REC0003,2017-04-14
REQ0000210,POS0000211,BR,Digital,UX,Product Design,Design,IC1,HQ-BR-001,2017-03-01,2017-03-06,2017-03-06,Filled,REC0004,2017-04-06
REQ0000211,POS0000212,BR,Digital,Digital Marketing,Paid Media,Marketing,IC4,HQ-BR-001,2016-11-25,2016-11-29,2016-12-06,Filled,REC0002,2017-04-04
REQ0000212,POS0000213,BR,Retail,Store Operations,Stockroom,Store Operations,M2,STORE-BR-033,2016-10-01,2016-10-19,2016-11-02,Filled,REC0004,2017-04-14
REQ0000213,POS0000214,BR,Supply Chain,Logistics,Last Mile,Logistics,IC2,DC-BR-006,2016-11-21,2016-12-08,2016-12-17,Filled,REC0002,2017-04-14
REQ0000214,POS0000215,BR,Digital,Digital Marketing,SEO,Marketing,IC2,HQ-BR-001,2016-12-06,2016-12-12,2016-12-25,Filled,REC0005,2017-04-02
REQ0000215,POS0000216,BR,Digital,Product,Product Ops,Product Management,IC4,HQ-BR-001,2016-10-27,2016-11-15,2016-12-04,Filled,REC0005,2017-04-06
REQ0000216,POS0000217,BR,Retail,Sales,Key Accounts,Sales,IC1,STORE-BR-007,2017-02-01,2017-02-06,2017-02-12,Filled,REC0001,2017-04-06
REQ0000217,POS0000218,AR,Retail,Visual Merchandising,Store Design,Design,IC1,STORE-AR-003,2017-03-23,2017-03-25,2017-03-29,Filled,REC0005,2017-04-11
REQ0000218,POS0000219,BR,Retail,Regional Operations,Region Southeast,Store Operations,IC1,STORE-BR-023,2017-02-14,2017-02-23,2017-02-28,Filled,REC0005,2017-04-13
REQ0000219,POS0000220,AR,Retail,Sales,Floor Sales,Sales,IC1,STORE-AR-007,2017-02-13,2017-02-23,2017-02-25,Filled,REC0001,2017-04-10
REQ0000220,POS0000221,AR,Retail,Sales,Key Accounts,Sales,IC1,STORE-AR-007,2017-02-09,2017-02-17,2017-02-21,Filled,REC0005,2017-04-04
REQ0000221,POS0000222,BR,Digital,Digital Marketing,Paid Media,Marketing,IC3,HQ-BR-001,2017-01-11,2017-01-25,2017-02-02,Filled,REC0002,2017-04-14
REQ0000222,POS0000223,BR,Customer,Customer Experience,CX Design,Design,IC1,SITE-BR-004,2017-01-28,2017-01-29,2017-02-06,Cancelled,REC0004,
REQ0000223,POS0000224,AR,Supply Chain,Logistics,Last Mile,Logistics,IC2,DC-AR-001,2016-12-29,2016-12-31,2017-01-03,Cancelled,REC0005,
REQ0000224,POS0000225,BR,Retail,Visual Merchandising,Store Design,Store Operations,IC1,STORE-BR-037,2017-03-07,2017-03-10,2017-03-11,Filled,REC0002,2017-05-06
REQ0000225,POS0000226,BR,Customer,Customer Experience,CX Design,Design,M3,SITE-BR-002,2016-12-18,2017-01-09,2017-01-13,Filled,REC0003,2017-05-10
REQ0000226,POS0000227,BR,Retail,Regional Operations,Region North,General Management,IC1,STORE-BR-031,2017-02-25,2017-03-02,2017-03-03,Filled,REC0003,2017-05-07
REQ0000227,POS0000228,AR,Retail,Store Operations,Store Management,Store Operations,IC1,STORE-AR-006,2017-03-13,2017-03-25,2017-03-26,Filled,REC0002,2017-05-12
REQ0000228,POS0000229,BR,Digital,Digital Marketing,SEO,Marketing,IC1,HQ-BR-001,2017-02-25,2017-02-28,2017-03-04,Filled,REC0004,2017-05-07
REQ0000229,POS0000230,BR,Retail,Sales,Floor Sales,Sales,IC1,STORE-BR-010,2017-03-24,2017-03-26,2017-03-29,Filled,REC0001,2017-05-01
REQ0000230,POS0000231,BR,Retail,Visual Merchandising,Store Design,Design,IC2,STORE-BR-014,2017-01-22,2017-02-01,2017-02-11,Filled,REC0003,2017-05-14
REQ0000231,POS0000232,BR,Retail,Visual Merchandising,Merchandising,Design,IC2,STORE-BR-027,2016-12-16,2016-12-19,2016-12-22,Filled,REC0005,2017-05-04
REQ0000232,POS0000233,BR,Retail,Sales,Floor Sales,Sales,IC3,STORE-BR-017,2017-02-03,2017-02-13,2017-02-18,Filled,REC0004,2017-05-08
REQ0000233,POS0000234,BR,Retail,Visual Merchandising,Store Design,Store Operations,IC3,STORE-BR-026,2017-01-09,2017-01-23,2017-01-28,Filled,REC0003,2017-05-02
REQ0000234,POS0000235,BR,Digital,Digital Marketing,Paid Media,Marketing,M1,HQ-BR-001,2017-01-30,2017-02-02,2017-02-05,Filled,REC0003,2017-05-02
REQ0000235,POS0000236,BR,Digital,Digital Marketing,Lifecycle,Marketing,IC2,HQ-BR-001,2017-01-25,2017-02-11,2017-02-14,Filled,REC0002,2017-05-10
REQ0000236,POS0000237,BR,Retail,Sales,Key Accounts,Sales,IC1,STORE-BR-015,2017-02-27,2017-03-07,2017-03-14,Filled,REC0004,2017-05-07
REQ0000237,POS0000238,BR,Digital,Engineering,Backend,Software Engineering,IC4,HQ-BR-001,2016-11-17,2016-11-21,2016-11-24,Filled,REC0001,2017-05-13
REQ0000238,POS0000239,BR,Corporate,Legal,Labor Legal,Legal,IC1,HQ-BR-001,2017-03-24,2017-04-03,2017-04-05,Filled,REC0003,2017-05-05
REQ0000239,POS0000240,BR,Customer,Customer Service,Chat,Customer Support,IC2,SITE-BR-001,2017-02-13,2017-02-24,2017-02-28,Filled,REC0002,2017-05-07
REQ0000240,POS0000241,BR,Corporate,Legal,Corporate Legal,Legal,IC1,HQ-BR-001,2017-02-23,2017-03-05,2017-03-12,Filled,REC0001,2017-05-04
REQ0000241,POS0000242,BR,Supply Chain,Distribution Centers,Inventory,Warehouse,IC2,DC-BR-005,2017-01-22,2017-02-06,2017-02-18,Cancelled,REC0005,
REQ0000242,POS0000243,BR,Retail,Regional Operations,Region South,Store Operations,IC2,STORE-BR-007,2017-01-31,2017-02-08,2017-02-12,Cancelled,REC0002,
REQ0000243,POS0000244,BR,Customer,Customer Experience,Voice of Customer,Design,IC2,SITE-BR-001,2016-12-14,2016-12-30,2017-01-07,Cancelled,REC0002,
REQ0000244,POS0000245,BR,Corporate,Data & Analytics,Data Governance,Data,IC1,HQ-BR-001,2017-04-16,2017-04-22,2017-04-25,Filled,REC0005,2017-06-05
REQ0000245,POS0000246,BR,Corporate,Strategy,Corporate Strategy,Strategy,IC3,HQ-BR-001,2017-03-11,2017-03-14,2017-03-22,Filled,REC0001,2017-06-11
REQ0000246,POS0000247,BR,Customer,Customer Service,Chat,Customer Support,IC1,SITE-BR-001,2017-04-22,2017-04-28,2017-05-02,Filled,REC0003,2017-06-13
REQ0000247,POS0000248,AR,Retail,Store Operations,Store Management,Store Operations,IC1,STORE-AR-004,2017-03-31,2017-04-04,2017-04-11,Filled,REC0004,2017-06-01
REQ0000248,POS0000249,BR,Corporate,People,HR Business Partner,People,IC4,HQ-BR-001,2017-01-18,2017-01-19,2017-02-07,Filled,REC0005,2017-06-10
REQ0000249,POS0000250,BR,Retail,Visual Merchandising,Store Design,Store Operations,IC1,STORE-BR-029,2017-03-22,2017-03-29,2017-04-03,Filled,REC0003,2017-06-04
REQ0000250,POS0000251,AR,Retail,Store Operations,Stockroom,Store Operations,IC1,STORE-AR-006,2017-04-04,2017-04-16,2017-04-23,Filled,REC0001,2017-06-12
REQ0000251,POS0000252,AR,Customer,Customer Operations,Order Support,Logistics,IC1,SITE-AR-001,2017-04-10,2017-04-11,2017-04-13,Filled,REC0003,2017-06-14
REQ0000252,POS0000253,BR,Retail,Sales,Floor Sales,Sales,IC1,STORE-BR-012,2017-04-09,2017-04-10,2017-04-11,Filled,REC0003,2017-06-12
REQ0000253,POS0000254,AR,Supply Chain,Planning,Demand Planning,Data,IC2,DC-AR-001,2017-03-14,2017-03-31,2017-04-01,Filled,REC0004,2017-06-11
REQ0000254,POS0000255,BR,Retail,Regional Operations,Region North,General Management,IC3,STORE-BR-018,2017-03-14,2017-03-28,2017-04-02,Filled,REC0005,2017-06-14
REQ0000255,POS0000256,BR,Corporate,Finance,Accounting,Finance,IC2,HQ-BR-001,2017-02-19,2017-02-26,2017-03-01,Filled,REC0001,2017-06-04
REQ0000256,POS0000257,BR,Customer,Customer Operations,Order Support,Logistics,IC1,SITE-BR-004,2017-04-15,2017-04-24,2017-04-27,Cancelled,REC0004,
REQ0000257,POS0000258,BR,Customer,Customer Service,Escalations,Customer Support,IC1,SITE-BR-003,2017-03-22,2017-04-01,2017-04-09,Cancelled,REC0003,
REQ0000258,POS0000259,BR,Retail,Regional Operations,Region Southeast,Store Operations,IC1,STORE-BR-017,2017-05-31,2017-06-11,2017-06-17,Filled,REC0003,2017-07-14
REQ0000259,POS0000260,BR,Corporate,Legal,Corporate Legal,Legal,IC3,HQ-BR-001,2017-04-14,2017-04-18,2017-04-19,Filled,REC0002,2017-07-13
REQ0000260,POS0000261,BR,Customer,Customer Experience,CX Design,Customer Support,IC1,SITE-BR-003,2017-05-01,2017-05-09,2017-05-13,Filled,REC0002,2017-07-06
REQ0000261,POS0000262,BR,Retail,Regional Operations,Region North,Store Operations,IC3,STORE-BR-018,2017-04-10,2017-04-25,2017-05-07,Filled,REC0001,2017-07-10
REQ0000262,POS0000263,BR,Corporate,Procurement,Indirect Procurement,Procurement,IC2,HQ-BR-001,2017-03-07,2017-03-26,2017-04-01,Filled,REC0004,2017-07-10
REQ0000263,POS0000264,AR,Supply Chain,Planning,Supply Planning,Data,IC1,DC-AR-001,2017-05-03,2017-05-10,2017-05-17,Filled,REC0004,2017-07-02
REQ0000264,POS0000265,BR,Supply Chain,Planning,Demand Planning,Data,M2,DC-BR-003,2017-02-04,2017-03-02,2017-03-10,Filled,REC0003,2017-07-11
REQ0000265,POS0000266,BR,Customer,Customer Service,Contact Center,Customer Support,IC1,SITE-BR-001,2017-05-04,2017-05-15,2017-05-23,Filled,REC0002,2017-07-11
REQ0000266,POS0000267,BR,Retail,Regional Operations,Region Southeast,General Management,IC2,STORE-BR-011,2017-03-13,2017-04-03,2017-04-17,Filled,REC0003,2017-07-08
REQ0000267,POS0000268,BR,Supply Chain,Logistics,Reverse Logistics,Logistics,IC1,DC-BR-002,2017-05-07,2017-05-11,2017-05-18,Filled,REC0003,2017-07-11
REQ0000268,POS0000269,BR,Retail,Store Operations,Stockroom,Store Operations,IC1,STORE-BR-004,2017-04-25,2017-04-27,2017-04-29,Filled,REC0003,2017-07-01
REQ0000269,POS0000270,BR,Supply Chain,Distribution Centers,Inbound,Warehouse,IC1,DC-BR-003,2017-05-28,2017-05-31,2017-06-06,Filled,REC0003,2017-07-08
REQ0000270,POS0000271,BR,Corporate,Strategy,PMO,Strategy,IC3,HQ-BR-001,2017-05-04,2017-05-13,2017-05-20,Cancelled,REC0003,
REQ0000271,POS0000272,BR,Retail,Visual Merchandising,Store Design,Store Operations,IC2,STORE-BR-040,2017-03-13,2017-03-21,2017-03-23,Cancelled,REC0005,
REQ0000272,POS0000273,BR,Digital,Data,Data Engineering,Data,IC4,HQ-BR-001,2017-03-27,2017-03-28,2017-04-11,Filled,REC0001,2017-08-14
REQ0000273,POS0000274,BR,Retail,Store Operations,Cashier,Store Operations,IC1,STORE-BR-027,2017-06-03,2017-06-04,2017-06-12,Filled,REC0005,2017-08-08
REQ0000274,POS0000275,BR,Customer,Customer Experience,CX Design,Design,IC2,SITE-BR-002,2017-06-08,2017-06-09,2017-06-11,Filled,REC0002,2017-08-02
REQ0000275,POS0000276,BR,Supply Chain,Planning,Demand Planning,Data,IC1,DC-BR-006,2017-06-28,2017-07-07,2017-07-14,Filled,REC0002,2017-08-05
REQ0000276,POS0000277,BR,Retail,Visual Merchandising,Store Design,Design,IC1,STORE-BR-004,2017-06-25,2017-07-01,2017-07-02,Filled,REC0003,2017-08-12
REQ0000277,POS0000278,BR,Supply Chain,Logistics,Reverse Logistics,Logistics,IC4,DC-BR-003,2017-03-31,2017-04-15,2017-04-27,Filled,REC0005,2017-08-02
REQ0000278,POS0000279,BR,Customer,Customer Operations,Returns,Customer Support,IC2,SITE-BR-002,2017-04-26,2017-05-09,2017-05-23,Filled,REC0002,2017-08-08
REQ0000279,POS0000280,AR,Retail,Visual Merchandising,Merchandising,Store Operations,IC1,STORE-AR-001,2017-05-31,2017-06-12,2017-06-17,Filled,REC0005,2017-08-04
REQ0000280,POS0000281,AR,Retail,Visual Merchandising,Store Design,Store Operations,M1,STORE-AR-007,2017-01-22,2017-02-15,2017-02-18,Filled,REC0001,2017-08-07
REQ0000281,POS0000282,BR,Retail,Visual Merchandising,Store Design,Store Operations,IC2,STORE-BR-042,2017-05-07,2017-05-27,2017-05-30,Filled,REC0005,2017-08-01
REQ0000282,POS0000283,BR,Retail,Visual Merchandising,Merchandising,Store Operations,IC1,STORE-BR-029,2017-06-05,2017-06-11,2017-06-16,Filled,REC0002,2017-08-11
REQ0000283,POS0000284,BR,Digital,Product,Product Management,Product Management,IC1,HQ-BR-001,2017-06-12,2017-06-22,2017-06-30,Filled,REC0005,2017-08-08
REQ0000284,POS0000285,BR,Corporate,Finance,Treasury,Finance,IC3,HQ-BR-001,2017-04-30,2017-05-17,2017-05-19,Filled,REC0005,2017-08-10
REQ0000285,POS0000286,BR,Retail,Regional Operations,Region South,Store Operations,IC2,STORE-BR-033,2017-03-29,2017-04-14,2017-04-25,Filled,REC0004,2017-08-07
REQ0000286,POS0000287,BR,Retail,Visual Merchandising,Store Design,Design,IC2,STORE-BR-021,2017-05-05,2017-05-16,2017-05-18,Filled,REC0001,2017-08-14
REQ0000287,POS0000288,BR,Retail,Sales,Key Accounts,Sales,IC1,STORE-BR-008,2017-06-23,2017-06-27,2017-07-03,Cancelled,REC0001,
REQ0000288,POS0000289,BR,Digital,UX,Design System,Design,IC4,HQ-BR-001,2017-04-19,2017-04-28,2017-05-03,Cancelled,REC0004,
REQ0000289,POS0000290,BR,Retail,Store Operations,Security,Store Operations,IC2,STORE-BR-023,2017-07-03,2017-07-19,2017-07-19,Filled,REC0003,2017-09-09
REQ0000290,POS0000291,BR,Retail,Regional Operations,Region Southeast,Store Operations,IC1,STORE-BR-016,2017-07-29,2017-07-30,2017-08-03,Filled,REC0001,2017-09-04
REQ0000291,POS0000292,BR,Customer,Customer Experience,Voice of Customer,Design,IC1,SITE-BR-001,2017-06-30,2017-07-11,2017-07-13,Filled,REC0002,2017-09-04
REQ0000292,POS0000293,BR,Corporate,Marketing,Brand,Marketing,IC4,HQ-BR-001,2017-04-04,2017-04-19,2017-05-08,Filled,REC0003,2017-09-08
REQ0000293,POS0000294,BR,Retail,Store Operations,Cashier,Store Operations,IC1,STORE-BR-038,2017-07-30,2017-08-04,2017-08-04,Filled,REC0003,2017-09-07
REQ0000294,POS0000295,BR,Corporate,People,HR Business Partner,People,IC2,HQ-BR-001,2017-06-27,2017-06-30,2017-07-10,Filled,REC0003,2017-09-07
REQ0000295,POS0000296,AR,Corporate,People,Learning & Development,People,IC3,HQ-AR-001,2017-06-27,2017-07-01,2017-07-08,Filled,REC0005,2017-09-14
REQ0000296,POS0000297,BR,Digital,Data,Analytics Engineering,Data,IC4,HQ-BR-001,2017-03-14,2017-03-26,2017-04-02,Filled,REC0003,2017-09-04
REQ0000297,POS0000298,BR,Supply Chain,Distribution Centers,Inbound,Warehouse,IC1,DC-BR-003,2017-06-23,2017-06-25,2017-06-28,Filled,REC0005,2017-09-06
REQ0000298,POS0000299,BR,Supply Chain,Distribution Centers,Inventory,Warehouse,IC1,DC-BR-001,2017-07-19,2017-07-26,2017-07-28,Filled,REC0005,2017-09-03
REQ0000299,POS0000300,BR,Retail,Regional Operations,Region South,General Management,IC1,STORE-BR-014,2017-07-28,2017-07-30,2017-08-05,Filled,REC0005,2017-09-04
REQ0000300,POS0000301,AR,Supply Chain,Planning,Supply Planning,Data,IC4,DC-AR-001,2017-04-09,2017-05-01,2017-05-16,Filled,REC0003,2017-09-12
REQ0000301,POS0000302,BR,Customer,Customer Experience,CX Design,Customer Support,IC2,SITE-BR-003,2017-07-12,2017-07-15,2017-07-22,Filled,REC0005,2017-09-08
REQ0000302,POS0000303,BR,Retail,Sales,Floor Sales,Sales,IC2,STORE-BR-038,2017-07-08,2017-07-12,2017-07-12,Filled,REC0001,2017-09-13
REQ0000303,POS0000304,BR,Retail,Store Operations,Security,Store Operations,IC1,STORE-BR-006,2017-06-30,2017-07-01,2017-07-02,Filled,REC0001,2017-09-03
REQ0000304,POS0000305,BR,Supply Chain,Distribution Centers,Outbound,Warehouse,M2,DC-BR-006,2017-03-24,2017-04-20,2017-05-10,Filled,REC0004,2017-09-12
REQ0000305,POS0000306,BR,Customer,Customer Operations,Returns,Logistics,IC2,SITE-BR-003,2017-05-17,2017-06-05,2017-06-13,Cancelled,REC0001,
REQ0000306,POS0000307,BR,Retail,Store Operations,Security,Store Operations,IC2,STORE-BR-023,2017-05-02,2017-05-23,2017-05-26,Cancelled,REC0002,
REQ0000307,POS0000308,BR,Retail,Store Operations,Stockroom,Store Operations,IC2,STORE-BR-003,2017-06-09,2017-06-26,2017-07-04,Filled,REC0001,2017-10-11
REQ0000308,POS0000309,BR,Retail,Visual Merchandising,Store Design,Store Operations,IC1,STORE-BR-027,2017-08-02,2017-08-06,2017-08-07,Filled,REC0005,2017-10-07
REQ0000309,POS0000310,BR,Retail,Visual Merchandising,Merchandising,Design,IC1,STORE-BR-009,2017-08-12,2017-08-19,2017-08-24,Filled,REC0001,2017-10-06
REQ0000310,POS0000311,BR,Customer,Customer Experience,Voice of Customer,Customer Support,IC2,SITE-BR-003,2017-07-02,2017-07-15,2017-07-16,Filled,REC0003,2017-10-13
REQ0000311,POS0000312,BR,Corporate,Finance,Accounting,Finance,IC4,HQ-BR-001,2017-05-26,2017-06-13,2017-06-28,Filled,REC0004,2017-10-14
REQ0000312,POS0000313,BR,Retail,Sales,Floor Sales,Sales,IC1,STORE-BR-025,2017-08-30,2017-09-05,2017-09-07,Filled,REC0003,2017-10-09
REQ0000313,POS0000314,AR,Retail,Visual Merchandising,Store Design,Store Operations,IC1,STORE-AR-010,2017-07-27,2017-07-29,2017-08-03,Filled,REC0002,2017-10-05
REQ0000314,POS0000315,BR,Retail,Visual Merchandising,Store Design,Design,IC2,STORE-BR-011,2017-06-18,2017-06-26,2017-06-27,Filled,REC0001,2017-10-14
REQ0000315,POS0000316,BR,Digital,Engineering,Frontend,Software Engineering,IC2,HQ-BR-001,2017-05-21,2017-06-11,2017-06-23,Filled,REC0004,2017-10-03
REQ0000316,POS0000317,BR,Retail,Store Operations,Security,Store Operations,IC2,STORE-BR-043,2017-06-03,2017-06-04,2017-06-10,Filled,REC0003,2017-10-02
REQ0000317,POS0000318,BR,Corporate,Marketing,Performance,Marketing,IC2,HQ-BR-001,2017-07-11,2017-08-01,2017-08-12,Filled,REC0005,2017-10-06
REQ0000318,POS0000319,BR,Retail,Sales,Floor Sales,Sales,IC1,STORE-BR-024,2017-08-06,2017-08-17,2017-08-18,Filled,REC0001,2017-10-04
REQ0000319,POS0000320,BR,Retail,Store Operations,Cashier,Store Operations,IC1,STORE-BR-019,2017-07-23,2017-07-31,2017-08-04,Filled,REC0002,2017-10-12
REQ0000320,POS0000321,BR,Corporate,Marketing,Content,Marketing,IC2,HQ-BR-001,2017-06-07,2017-06-08,2017-06-14,Filled,REC0005,2017-10-08
REQ0000321,POS0000322,BR,Retail,Store Operations,Stockroom,Store Operations,IC1,STORE-BR-022,2017-08-02,2017-08-09,2017-08-14,Filled,REC0005,2017-10-13
REQ0000322,POS0000323,AR,Supply Chain,Planning,Supply Planning,Logistics,IC2,DC-AR-001,2017-05-29,2017-06-06,2017-06-07,Cancelled,REC0001,
REQ0000323,POS0000324,BR,Retail,Sales,Floor Sales,Sales,IC1,STORE-BR-030,2017-07-30,2017-08-08,2017-08-10,Cancelled,REC0005,
REQ0000324,POS0000325,BR,Customer,Customer Service,Escalations,Customer Support,IC1,SITE-BR-002,2017-08-20,2017-08-29,2017-09-03,Filled,REC0003,2017-11-05
REQ0000325,POS0000326,BR,Supply Chain,Distribution Centers,Inbound,Warehouse,IC3,DC-BR-005,2017-06-29,2017-07-04,2017-07-14,Filled,REC0002,2017-11-13
REQ0000326,POS0000327,AR,Retail,Visual Merchandising,Store Design,Store Operations,IC1,STORE-AR-010,2017-09-02,2017-09-04,2017-09-10,Filled,REC0002,2017-11-05
REQ0000327,POS0000328,AR,Supply Chain,Logistics,Reverse Logistics,Logistics,IC1,DC-AR-001,2017-08-11,2017-08-21,2017-08-21,Filled,REC0001,2017-11-11
REQ0000328,POS0000329,BR,Retail,Store Operations,Cashier,Store Operations,IC2,STORE-BR-014,2017-07-13,2017-07-29,2017-08-09,Filled,REC0002,2017-11-08
REQ0000329,POS0000330,BR,Retail,Visual Merchandising,Merchandising,Design,IC1,STORE-BR-018,2017-08-29,2017-09-02,2017-09-09,Filled,REC0005,2017-11-05
REQ0000330,POS0000331,BR,Digital,UX,Design System,Design,IC1,HQ-BR-001,2017-09-24,2017-10-02,2017-10-03,Filled,REC0001,2017-11-13
REQ0000331,POS0000332,BR,Retail,Visual Merchandising,Merchandising,Store Operations,IC1,STORE-BR-012,2017-10-02,2017-10-06,2017-10-08,Filled,REC0003,2017-11-01
REQ0000332,POS0000333,AR,Supply Chain,Distribution Centers,Outbound,Warehouse,IC3,DC-AR-001,2017-07-20,2017-08-06,2017-08-18,Filled,REC0004,2017-11-11
REQ0000333,POS0000334,BR,Customer,Customer Operations,Order Support,Customer Support,M3,SITE-BR-002,2017-06-07,2017-06-18,2017-06-24,Filled,REC0004,2017-11-10
REQ0000334,POS0000335,AR,Supply Chain,Logistics,Reverse Logistics,Logistics,IC3,DC-AR-001,2017-06-23,2017-07-11,2017-07-25,Filled,REC0001,2017-11-07
REQ0000335,POS0000336,BR,Digital,UX,Research,Design,IC3,HQ-BR-001,2017-07-07,2017-07-27,2017-08-08,Filled,REC0001,2017-11-14
REQ0000336,POS0000337,BR,Retail,Store Operations,Security,Store Operations,IC1,STORE-BR-044,2017-10-03,2017-10-10,2017-10-17,Filled,REC0004,2017-11-14
REQ0000337,POS0000338,BR,Retail,Sales,Key Accounts,Sales,IC2,STORE-BR-017,2017-06-29,2017-07-18,2017-07-20,Filled,REC0004,2017-11-03
REQ0000338,POS0000339,BR,Customer,Customer Service,Contact Center,Customer Support,IC1,SITE-BR-002,2017-09-03,2017-09-12,2017-09-13,Filled,REC0002,2017-11-12
REQ0000339,POS0000340,BR,Retail,Store Operations,Cashier,Store Operations,IC1,STORE-BR-025,2017-09-26,2017-10-07,2017-10-07,Filled,REC0003,2017-11-13
REQ0000340,POS0000341,BR,Customer,Customer Service,Chat,Customer Support,IC1,SITE-BR-003,2017-09-11,2017-09-15,2017-09-22,Filled,REC0005,2017-11-14
REQ0000341,POS0000342,BR,Supply Chain,Procurement,Sourcing,Procurement,IC1,DC-BR-005,2017-09-23,2017-09-29,2017-09-30,Filled,REC0005,2017-11-13
REQ0000342,POS0000343,BR,Supply Chain,Procurement,Supplier Management,Procurement,IC3,DC-BR-002,2017-07-10,2017-07-23,2017-08-06,Filled,REC0003,2017-11-01
REQ0000343,POS0000344,BR,Retail,Visual Merchandising,Store Design,Store Operations,IC1,STORE-BR-008,2017-09-18,2017-09-27,2017-09-30,Filled,REC0001,2017-11-13
REQ0000344,POS0000345,BR,Corporate,Legal,Labor Legal,Legal,IC4,HQ-BR-001,2017-04-24,2017-05-18,2017-06-03,Filled,REC0005,2017-11-02
REQ0000345,POS0000346,BR,Retail,Store Operations,Security,Store Operations,IC1,STORE-BR-025,2017-09-01,2017-09-04,2017-09-06,Filled,REC0002,2017-11-07
REQ0000346,POS0000347,BR,Corporate,Strategy,M&A,Strategy,IC3,HQ-BR-001,2017-06-17,2017-07-08,2017-07-17,Filled,REC0004,2017-11-07
REQ0000347,POS0000348,BR,Corporate,Data & Analytics,Business Intelligence,Data,M3,HQ-BR-001,2017-08-13,2017-08-20,2017-08-27,Filled,REC0005,2017-11-02
REQ0000348,POS0000349,BR,Retail,Store Operations,Stockroom,Store Operations,IC1,STORE-BR-008,2017-09-04,2017-09-08,2017-09-09,Filled,REC0002,2017-11-12
REQ0000349,POS0000350,BR,Customer,Customer Experience,CX Design,Design,IC1,SITE-BR-002,2017-09-03,2017-09-07,2017-09-11,Filled,REC0005,2017-11-05
REQ0000350,POS0000351,BR,Retail,Sales,Floor Sales,Sales,IC2,STORE-BR-020,2017-09-06,2017-09-09,2017-09-17,Filled,REC0002,2017-11-02
REQ0000351,POS0000352,BR,Retail,Store Operations,Stockroom,Store Operations,IC3,STORE-BR-023,2017-07-03,2017-07-16,2017-07-16,Filled,REC0003,2017-11-03
REQ0000352,POS0000353,BR,Corporate,Procurement,Contracts,Procurement,M4,HQ-BR-001,2017-04-28,2017-05-11,2017-05-31,Filled,REC0001,2017-11-12
REQ0000353,POS0000354,BR,Retail,Visual Merchandising,Store Design,Design,IC1,STORE-BR-027,2017-09-25,2017-09-27,2017-09-29,Filled,REC0004,2017-11-07
REQ0000354,POS0000355,BR,Supply Chain,Logistics,Reverse Logistics,Logistics,IC1,DC-BR-002,2017-09-22,2017-09-25,2017-09-28,Filled,REC0005,2017-11-03
REQ0000355,POS0000356,BR,Supply Chain,Logistics,Transportation,Logistics,IC1,DC-BR-005,2017-08-22,2017-09-01,2017-09-05,Filled,REC0004,2017-11-07
REQ0000356,POS0000357,BR,Retail,Sales,Floor Sales,Sales,IC2,STORE-BR-007,2017-07-16,2017-07-28,2017-08-10,Filled,REC0001,2017-11-03
REQ0000357,POS0000358,BR,Supply Chain,Procurement,Sourcing,Procurement,IC5,DC-BR-004,2017-06-25,2017-06-28,2017-07-05,Filled,REC0001,2017-11-07
REQ0000358,POS0000359,BR,Supply Chain,Logistics,Last Mile,Logistics,IC1,DC-BR-004,2017-08-27,2017-09-05,2017-09-12,Filled,REC0002,2017-11-01
REQ0000359,POS0000360,BR,Digital,UX,Design System,Design,M1,HQ-BR-001,2017-06-18,2017-07-03,2017-07-07,Filled,REC0005,2017-11-10
REQ0000360,POS0000361,BR,Retail,Visual Merchandising,Store Design,Store Operations,M4,STORE-BR-033,2017-04-08,2017-04-28,2017-05-16,Filled,REC0003,2017-11-06
REQ0000361,POS0000362,BR,Retail,Sales,Key Accounts,Sales,IC1,STORE-BR-023,2017-09-19,2017-09-23,2017-09-26,Filled,REC0003,2017-11-09
REQ0000362,POS0000363,BR,Customer,Customer Service,Chat,Customer Support,M1,SITE-BR-002,2017-05-27,2017-06-10,2017-06-25,Filled,REC0002,2017-11-01
REQ0000363,POS0000364,BR,Retail,Sales,Key Accounts,Sales,IC1,STORE-BR-037,2017-09-12,2017-09-15,2017-09-23,Filled,REC0004,2017-11-03
REQ0000364,POS0000365,BR,Customer,Customer Service,Escalations,Customer Support,IC1,SITE-BR-002,2017-08-18,2017-08-23,2017-08-26,Filled,REC0003,2017-11-01
REQ0000365,POS0000366,AR,Retail,Store Operations,Stockroom,Store Operations,IC1,STORE-AR-002,2017-09-12,2017-09-22,2017-09-25,Filled,REC0003,2017-11-12
REQ0000366,POS0000367,BR,Retail,Store Operations,Store Management,Store Operations,IC1,STORE-BR-040,2017-08-22,2017-08-28,2017-08-31,Filled,REC0005,2017-11-07
REQ0000367,POS0000368,BR,Digital,Digital Marketing,Paid Media,Marketing,IC3,HQ-BR-001,2017-07-01,2017-07-06,2017-07-17,Filled,REC0005,2017-11-01
REQ0000368,POS0000369,BR,Retail,Store Operations,Stockroom,Store Operations,M4,STORE-BR-004,2017-03-26,2017-04-12,2017-05-06,Filled,REC0001,2017-11-03
REQ0000369,POS0000370,BR,Customer,Customer Experience,CX Design,Customer Support,IC1,SITE-BR-003,2017-09-10,2017-09-12,2017-09-16,Filled,REC0001,2017-11-10
REQ0000370,POS0000371,BR,Retail,Visual Merchandising,Merchandising,Design,IC1,STORE-BR-028,2017-10-06,2017-10-13,2017-10-20,Filled,REC0003,2017-11-02
REQ0000371,POS0000372,BR,Corporate,Risk,Fraud,Risk & Compliance,D2,HQ-BR-001,2017-05-26,2017-06-21,2017-06-28,Filled,REC0001,2017-11-10
REQ0000372,POS0000373,BR,Digital,Data,Analytics Engineering,Data,IC3,HQ-BR-001,2017-07-29,2017-08-10,2017-08-15,Filled,REC0003,2017-11-02
REQ0000373,POS0000374,BR,Customer,Customer Experience,CX Design,Design,IC1,SITE-BR-003,2017-09-25,2017-09-28,2017-09-30,Filled,REC0003,2017-11-14
REQ0000374,POS0000375,BR,Retail,Visual Merchandising,Merchandising,Design,IC1,STORE-BR-012,2017-09-16,2017-09-23,2017-09-28,Filled,REC0005,2017-11-10
REQ0000375,POS0000376,BR,Customer,Customer Service,Escalations,Customer Support,IC1,SITE-BR-002,2017-09-28,2017-10-01,2017-10-04,Cancelled,REC0002,
REQ0000376,POS0000377,AR,Retail,Visual Merchandising,Store Design,Design,IC1,STORE-AR-003,2017-08-24,2017-09-02,2017-09-06,Cancelled,REC0004,
REQ0000377,POS0000378,BR,Retail,Visual Merchandising,Store Design,Store Operations,IC2,STORE-BR-031,2017-08-23,2017-08-30,2017-09-08,Cancelled,REC0004,
REQ0000378,POS0000379,BR,Retail,Store Operations,Store Management,Store Operations,IC1,STORE-BR-030,2017-09-15,2017-09-18,2017-09-21,Cancelled,REC0003,
REQ0000379,POS0000380,BR,Corporate,Data & Analytics,Data Governance,Data,IC2,HQ-BR-001,2017-07-05,2017-07-23,2017-08-05,Cancelled,REC0004,
REQ0000380,POS0000381,BR,Retail,Store Operations,Store Management,Store Operations,IC1,STORE-BR-043,2017-09-15,2017-09-24,2017-09-24,Cancelled,REC0005,
REQ0000381,POS0000382,BR,Digital,Data,Data Science,Data,M2,HQ-BR-001,2017-05-26,2017-06-23,2017-07-03,Cancelled,REC0002,
REQ0000382,POS0000383,AR,Customer,Customer Service,Contact Center,Customer Support,IC1,SITE-AR-001,2017-09-15,2017-09-17,2017-09-21,Cancelled,REC0005,
REQ0000383,POS0000384,BR,Retail,Visual Merchandising,Merchandising,Store Operations,IC1,STORE-BR-033,2017-10-11,2017-10-13,2017-10-17,Filled,REC0004,2017-12-02
REQ0000384,POS0000385,AR,Customer,Customer Service,Chat,Customer Support,IC1,SITE-AR-001,2017-10-10,2017-10-14,2017-10-15,Filled,REC0005,2017-12-03
REQ0000385,POS0000386,BR,Retail,Regional Operations,Region North,Store Operations,IC1,STORE-BR-007,2017-10-15,2017-10-22,2017-10-23,Filled,REC0001,2017-12-12
REQ0000386,POS0000387,BR,Customer,Customer Experience,CX Design,Customer Support,IC1,SITE-BR-001,2017-10-06,2017-10-10,2017-10-12,Filled,REC0005,2017-12-06
REQ0000387,POS0000388,BR,Corporate,Procurement,Contracts,Procurement,IC4,HQ-BR-001,2017-05-25,2017-06-18,2017-06-25,Filled,REC0001,2017-12-01
REQ0000388,POS0000389,BR,Retail,Regional Operations,Region South,General Management,IC1,STORE-BR-035,2017-09-26,2017-10-07,2017-10-07,Filled,REC0001,2017-12-01
REQ0000389,POS0000390,BR,Retail,Sales,Key Accounts,Sales,M1,STORE-BR-002,2017-05-31,2017-06-16,2017-06-25,Filled,REC0002,2017-12-10
REQ0000390,POS0000391,BR,Retail,Store Operations,Store Management,Store Operations,IC1,STORE-BR-009,2017-10-11,2017-10-19,2017-10-26,Filled,REC0001,2017-12-09
REQ0000391,POS0000392,BR,Retail,Visual Merchandising,Store Design,Store Operations,M2,STORE-BR-020,2017-06-25,2017-07-03,2017-07-11,Filled,REC0005,2017-12-11
REQ0000392,POS0000393,AR,Customer,Customer Experience,CX Design,Customer Support,IC1,SITE-AR-001,2017-10-10,2017-10-19,2017-10-21,Filled,REC0003,2017-12-12
REQ0000393,POS0000394,BR,Corporate,Strategy,PMO,Strategy,IC3,HQ-BR-001,2017-08-22,2017-09-09,2017-09-20,Filled,REC0003,2017-12-05
REQ0000394,POS0000395,BR,Retail,Store Operations,Cashier,Store Operations,IC1,STORE-BR-034,2017-09-26,2017-10-08,2017-10-09,Filled,REC0005,2017-12-05
REQ0000395,POS0000396,BR,Retail,Visual Merchandising,Store Design,Store Operations,IC3,STORE-BR-020,2017-08-30,2017-09-14,2017-09-14,Filled,REC0002,2017-12-13
REQ0000396,POS0000397,BR,Supply Chain,Procurement,Supplier Management,Procurement,IC1,DC-BR-004,2017-10-18,2017-10-24,2017-10-26,Filled,REC0003,2017-12-09
REQ0000397,POS0000398,BR,Supply Chain,Logistics,Last Mile,Logistics,IC2,DC-BR-006,2017-07-08,2017-07-20,2017-08-03,Filled,REC0003,2017-12-12
REQ0000398,POS0000399,BR,Digital,E-commerce,Catalog,Product Management,IC4,HQ-BR-001,2017-09-17,2017-09-26,2017-10-12,Filled,REC0001,2017-12-14
REQ0000399,POS0000400,BR,Retail,Sales,Key Accounts,Sales,IC1,STORE-BR-044,2017-11-13,2017-11-19,2017-11-22,Filled,REC0003,2017-12-14
REQ0000400,POS0000401,BR,Corporate,Data & Analytics,Data Governance,Data,IC1,HQ-BR-001,2017-09-20,2017-09-26,2017-10-04,Cancelled,REC0003,
REQ0000401,POS0000402,BR,Retail,Sales,Key Accounts,Sales,IC1,STORE-BR-034,2017-10-11,2017-10-15,2017-10-17,Cancelled,REC0001,
REQ0000402,POS0000403,BR,Retail,Visual Merchandising,Store Design,Design,IC2,STORE-BR-029,2017-07-01,2017-07-17,2017-07-26,Cancelled,REC0003,
REQ0000403,POS0000404,BR,Retail,Visual Merchandising,Store Design,Store Operations,M2,STORE-BR-005,2017-07-27,2017-08-18,2017-09-01,Filled,REC0002,2018-02-13
REQ0000404,POS0000405,BR,Retail,Sales,Floor Sales,Sales,IC1,STORE-BR-031,2018-01-08,2018-01-11,2018-01-15,Filled,REC0002,2018-03-12
REQ0000405,POS0000406,BR,Retail,Visual Merchandising,Merchandising,Design,IC1,STORE-BR-043,2018-01-08,2018-01-17,2018-01-22,Filled,REC0002,2018-03-05
REQ0000406,POS0000407,BR,Corporate,Data & Analytics,Business Intelligence,Data,IC2,HQ-BR-001,2017-11-05,2017-11-17,2017-11-20,Filled,REC0001,2018-03-01
REQ0000407,POS0000408,BR,Retail,Visual Merchandising,Store Design,Store Operations,IC2,STORE-BR-043,2017-12-26,2018-01-09,2018-01-12,Filled,REC0004,2018-03-14
REQ0000408,POS0000409,BR,Customer,Customer Operations,Returns,Logistics,IC1,SITE-BR-001,2018-01-14,2018-01-15,2018-01-21,Filled,REC0002,2018-03-02
REQ0000409,POS0000410,BR,Customer,Customer Operations,Order Support,Customer Support,IC1,SITE-BR-004,2018-01-28,2018-02-03,2018-02-11,Filled,REC0003,2018-03-05
REQ0000410,POS0000411,BR,Supply Chain,Distribution Centers,Inventory,Warehouse,IC1,DC-BR-005,2018-01-31,2018-02-09,2018-02-09,Filled,REC0005,2018-03-13
REQ0000411,POS0000412,BR,Digital,Data,Analytics Engineering,Data,IC2,HQ-BR-001,2017-11-13,2017-11-22,2017-11-30,Filled,REC0004,2018-03-02
REQ0000412,POS0000413,BR,Supply Chain,Distribution Centers,Outbound,Warehouse,IC4,DC-BR-002,2017-12-23,2017-12-24,2017-12-31,Filled,REC0003,2018-03-12
REQ0000413,POS0000414,BR,Retail,Visual Merchandising,Merchandising,Store Operations,IC1,STORE-BR-005,2018-01-07,2018-01-18,2018-01-23,Filled,REC0002,2018-03-08
REQ0000414,POS0000415,CL,Customer,Customer Experience,Voice of Customer,Design,IC2,SITE-CL-001,2017-11-14,2017-11-22,2017-11-25,Filled,REC0003,2018-03-09
REQ0000415,POS0000416,BR,Supply Chain,Planning,Demand Planning,Data,IC5,DC-BR-003,2017-10-11,2017-10-30,2017-10-31,Filled,REC0002,2018-03-08
REQ0000416,POS0000417,BR,Supply Chain,Logistics,Last Mile,Logistics,IC1,DC-BR-006,2018-01-22,2018-01-25,2018-01-27,Filled,REC0004,2018-03-11
REQ0000417,POS0000418,BR,Customer,Customer Operations,Order Support,Customer Support,IC1,SITE-BR-004,2018-01-09,2018-01-19,2018-01-23,Filled,REC0005,2018-03-05
REQ0000418,POS0000419,BR,Retail,Visual Merchandising,Merchandising,Store Operations,IC1,STORE-BR-037,2017-12-17,2017-12-24,2017-12-31,Filled,REC0004,2018-03-02
REQ0000419,POS0000420,BR,Corporate,Legal,Corporate Legal,Legal,M3,HQ-BR-001,2017-06-11,2017-07-18,2017-07-29,Filled,REC0005,2018-03-13
REQ0000420,POS0000421,BR,Customer,Customer Experience,CX Design,Customer Support,IC1,SITE-BR-002,2018-01-11,2018-01-18,2018-01-21,Filled,REC0001,2018-03-14
REQ0000421,POS0000422,BR,Digital,Data,Analytics Engineering,Data,M1,HQ-BR-001,2017-10-16,2017-11-01,2017-11-10,Filled,REC0001,2018-03-12
REQ0000422,POS0000423,BR,Supply Chain,Logistics,Transportation,Logistics,IC2,DC-BR-001,2017-11-16,2017-11-21,2017-12-05,Filled,REC0001,2018-03-10
REQ0000423,POS0000424,BR,Customer,Customer Operations,Order Support,Customer Support,IC1,SITE-BR-001,2018-01-08,2018-01-16,2018-01-22,Filled,REC0001,2018-03-08
REQ0000424,POS0000425,BR,Retail,Store Operations,Cashier,Store Operations,IC1,STORE-BR-020,2018-01-23,2018-01-29,2018-01-30,Filled,REC0005,2018-03-12
REQ0000425,POS0000426,BR,Retail,Sales,Key Accounts,Sales,IC1,STORE-BR-038,2018-01-26,2018-01-28,2018-02-03,Filled,REC0005,2018-03-05
REQ0000426,POS0000427,BR,Corporate,Marketing,Brand,Marketing,IC1,HQ-BR-001,2018-01-27,2018-01-31,2018-02-07,Filled,REC0002,2018-03-11
REQ0000427,POS0000428,BR,Retail,Sales,Key Accounts,Sales,IC1,STORE-BR-038,2018-01-03,2018-01-14,2018-01-19,Cancelled,REC0002,
REQ0000428,POS0000429,BR,Retail,Regional Operations,Region South,Store Operations,IC2,STORE-BR-033,2017-11-26,2017-12-15,2017-12-28,Cancelled,REC0004,
REQ0000429,POS0000430,BR,Supply Chain,Distribution Centers,Inventory,Warehouse,IC2,DC-BR-005,2017-10-13,2017-11-03,2017-11-17,Cancelled,REC0002,
REQ0000430,POS0000431,MX,Retail,Regional Operations,Region Southeast,Store Operations,IC2,STORE-MX-004,2018-01-07,2018-01-09,2018-01-15,Filled,REC0004,2018-04-10
REQ0000431,POS0000432,BR,Retail,Sales,Floor Sales,Sales,IC1,STORE-BR-033,2018-02-13,2018-02-21,2018-02-24,Filled,REC0004,2018-04-14
REQ0000432,POS0000433,BR,Supply Chain,Procurement,Sourcing,Procurement,IC1,DC-BR-004,2018-02-08,2018-02-19,2018-02-20,Filled,REC0002,2018-04-07
REQ0000433,POS0000434,AR,Supply Chain,Distribution Centers,Outbound,Warehouse,IC1,DC-AR-001,2018-01-29,2018-02-09,2018-02-13,Filled,REC0001,2018-04-04
REQ0000434,POS0000435,BR,Digital,Digital Marketing,Lifecycle,Marketing,IC2,HQ-BR-001,2018-02-08,2018-02-14,2018-02-25,Filled,REC0002,2018-04-09
REQ0000435,POS0000436,BR,Corporate,Finance,Controlling,Finance,M3,HQ-BR-001,2017-09-20,2017-10-14,2017-10-31,Filled,REC0002,2018-04-13
REQ0000436,POS0000437,BR,Retail,Sales,Floor Sales,Sales,IC1,STORE-BR-021,2018-01-31,2018-02-09,2018-02-16,Filled,REC0001,2018-04-03
REQ0000437,POS0000438,BR,Corporate,Legal,Compliance,Legal,IC4,HQ-BR-001,2017-09-06,2017-09-11,2017-09-19,Filled,REC0002,2018-04-01
REQ0000438,POS0000439,BR,Retail,Regional Operations,Region South,General Management,IC1,STORE-BR-019,2018-02-15,2018-02-16,2018-02-24,Filled,REC0005,2018-04-11
REQ0000439,POS0000440,BR,Corporate,Risk,Fraud,Risk & Compliance,IC2,HQ-BR-001,2018-01-03,2018-01-22,2018-01-24,Filled,REC0002,2018-04-13
REQ0000440,POS0000441,BR,Supply Chain,Distribution Centers,Outbound,Warehouse,IC1,DC-BR-001,2018-01-30,2018-02-03,2018-02-06,Filled,REC0004,2018-04-14
REQ0000441,POS0000442,BR,Retail,Sales,Key Accounts,Sales,IC1,STORE-BR-041,2018-02-01,2018-02-10,2018-02-15,Filled,REC0005,2018-04-06
REQ0000442,POS0000443,BR,Supply Chain,Logistics,Reverse Logistics,Logistics,M1,DC-BR-001,2017-12-06,2017-12-10,2017-12-13,Filled,REC0004,2018-04-01
REQ0000443,POS0000444,BR,Retail,Sales,Key Accounts,Sales,IC1,STORE-BR-005,2018-02-03,2018-02-15,2018-02-21,Filled,REC0001,2018-04-07
REQ0000444,POS0000445,BR,Supply Chain,Distribution Centers,Inventory,Warehouse,IC2,DC-BR-003,2017-11-25,2017-12-03,2017-12-09,Filled,REC0004,2018-04-05
REQ0000445,POS0000446,BR,Supply Chain,Distribution Centers,Inbound,Warehouse,M1,DC-BR-006,2017-11-17,2017-12-02,2017-12-02,Filled,REC0004,2018-04-03
REQ0000446,POS0000447,BR,Supply Chain,Planning,Demand Planning,Logistics,IC1,DC-BR-003,2018-02-09,2018-02-19,2018-02-21,Filled,REC0001,2018-04-12
REQ0000447,POS0000448,BR,Supply Chain,Planning,Demand Planning,Data,IC3,DC-BR-006,2017-12-04,2017-12-24,2018-01-07,Filled,REC0003,2018-04-04
REQ0000448,POS0000449,AR,Retail,Sales,Key Accounts,Sales,IC1,STORE-AR-003,2018-02-23,2018-02-24,2018-02-26,Filled,REC0005,2018-04-01
REQ0000449,POS0000450,BR,Retail,Sales,Floor Sales,Sales,IC1,STORE-BR-013,2018-01-23,2018-02-02,2018-02-09,Cancelled,REC0005,
REQ0000450,POS0000451,BR,Supply Chain,Procurement,Sourcing,Procurement,IC1,DC-BR-005,2018-01-17,2018-01-19,2018-01-20,Cancelled,REC0005,
REQ0000451,POS0000452,BR,Customer,Customer Experience,Voice of Customer,Customer Support,IC1,SITE-BR-001,2018-01-18,2018-01-26,2018-01-29,Cancelled,REC0005,
REQ0000452,POS0000453,BR,Retail,Sales,Floor Sales,Sales,IC1,STORE-BR-033,2018-03-06,2018-03-07,2018-03-10,Filled,REC0005,2018-05-11
REQ0000453,POS0000454,BR,Retail,Sales,Key Accounts,Sales,IC1,STORE-BR-044,2018-03-28,2018-04-04,2018-04-08,Filled,REC0001,2018-05-12
REQ0000454,POS0000455,BR,Corporate,Procurement,Contracts,Procurement,IC3,HQ-BR-001,2018-01-21,2018-02-07,2018-02-21,Filled,REC0001,2018-05-08
REQ0000455,POS0000456,BR,Retail,Regional Operations,Region South,General Management,IC2,STORE-BR-007,2017-12-26,2018-01-12,2018-01-20,Filled,REC0002,2018-05-04
REQ0000456,POS0000457,BR,Supply Chain,Distribution Centers,Outbound,Warehouse,IC1,DC-BR-004,2018-02-20,2018-02-26,2018-03-01,Filled,REC0005,2018-05-08
REQ0000457,POS0000458,BR,Supply Chain,Procurement,Sourcing,Procurement,IC2,DC-BR-002,2018-01-19,2018-02-09,2018-02-10,Filled,REC0002,2018-05-11
REQ0000458,POS0000459,BR,Retail,Visual Merchandising,Store Design,Store Operations,IC1,STORE-BR-002,2018-03-20,2018-03-22,2018-03-25,Filled,REC0001,2018-05-07
REQ0000459,POS0000460,BR,Retail,Regional Operations,Region South,General Management,M2,STORE-BR-023,2017-11-24,2017-12-24,2018-01-13,Filled,REC0001,2018-05-02
REQ0000460,POS0000461,BR,Corporate,Data & Analytics,Data Governance,Data,IC3,HQ-BR-001,2018-01-19,2018-01-28,2018-02-05,Filled,REC0002,2018-05-11
REQ0000461,POS0000462,MX,Corporate,People,HR Business Partner,People,IC1,HQ-MX-001,2018-04-06,2018-04-08,2018-04-12,Filled,REC0003,2018-05-10
REQ0000462,POS0000463,BR,Corporate,People,People Analytics,People,IC3,HQ-BR-001,2018-03-15,2018-03-16,2018-03-30,Filled,REC0003,2018-05-08
REQ0000463,POS0000464,BR,Supply Chain,Procurement,Sourcing,Procurement,IC2,DC-BR-006,2017-12-16,2017-12-19,2018-01-02,Filled,REC0003,2018-05-08
REQ0000464,POS0000465,BR,Digital,E-commerce,Catalog,Software Engineering,IC3,HQ-BR-001,2017-12-22,2018-01-07,2018-01-11,Filled,REC0001,2018-05-04
REQ0000465,POS0000466,MX,Corporate,Risk,Risk Management,Risk & Compliance,IC2,HQ-MX-001,2018-02-06,2018-02-07,2018-02-09,Filled,REC0003,2018-05-07
REQ0000466,POS0000467,BR,Supply Chain,Planning,Supply Planning,Data,IC2,DC-BR-003,2017-12-05,2017-12-13,2017-12-23,Filled,REC0004,2018-05-05
REQ0000467,POS0000468,BR,Retail,Store Operations,Security,Store Operations,IC1,STORE-BR-006,2018-03-03,2018-03-07,2018-03-11,Filled,REC0002,2018-05-03
REQ0000468,POS0000469,BR,Supply Chain,Logistics,Transportation,Logistics,IC1,DC-BR-001,2018-03-12,2018-03-14,2018-03-21,Filled,REC0003,2018-05-14
REQ0000469,POS0000470,BR,Corporate,Data & Analytics,Data Governance,Data,M5,HQ-BR-001,2017-07-22,2017-08-30,2017-09-23,Filled,REC0004,2018-05-06
REQ0000470,POS0000471,BR,Retail,Sales,Floor Sales,Sales,IC2,STORE-BR-025,2018-03-21,2018-03-22,2018-03-29,Filled,REC0004,2018-05-13
REQ0000471,POS0000472,BR,Corporate,Risk,Internal Audit,Risk & Compliance,IC2,HQ-BR-001,2017-12-20,2018-01-10,2018-01-13,Filled,REC0001,2018-05-06
REQ0000472,POS0000473,BR,Retail,Regional Operations,Region Southeast,General Management,IC1,STORE-BR-001,2018-03-13,2018-03-25,2018-03-28,Filled,REC0003,2018-05-06
REQ0000473,POS0000474,BR,Retail,Visual Merchandising,Store Design,Design,IC1,STORE-BR-017,2018-03-02,2018-03-12,2018-03-15,Filled,REC0003,2018-05-07
REQ0000474,POS0000475,BR,Supply Chain,Planning,Demand Planning,Logistics,IC4,DC-BR-002,2017-12-10,2018-01-01,2018-01-08,Cancelled,REC0002,
REQ0000475,POS0000476,BR,Retail,Store Operations,Stockroom,Store Operations,M2,STORE-BR-022,2017-11-26,2017-12-12,2018-01-02,Cancelled,REC0004,
REQ0000476,POS0000477,BR,Corporate,Finance,Accounting,Finance,IC2,HQ-BR-001,2018-02-17,2018-02-25,2018-02-25,Cancelled,REC0002,
REQ0000477,POS0000478,AR,Customer,Customer Experience,Voice of Customer,Customer Support,IC1,SITE-AR-001,2018-03-22,2018-03-30,2018-04-05,Filled,REC0005,2018-06-14
REQ0000478,POS0000479,BR,Supply Chain,Procurement,Supplier Management,Procurement,IC2,DC-BR-004,2018-03-08,2018-03-27,2018-04-07,Filled,REC0005,2018-06-04
REQ0000479,POS0000480,AR,Retail,Sales,Floor Sales,Sales,IC1,STORE-AR-004,2018-04-24,2018-04-28,2018-04-30,Filled,REC0003,2018-06-06
REQ0000480,POS0000481,BR,Retail,Sales,Key Accounts,Sales,M1,STORE-BR-022,2017-12-12,2017-12-20,2017-12-30,Filled,REC0004,2018-06-13
REQ0000481,POS0000482,BR,Retail,Sales,Key Accounts,Sales,IC1,STORE-BR-020,2018-04-10,2018-04-11,2018-04-15,Filled,REC0005,2018-06-04
REQ0000482,POS0000483,BR,Digital,Product,Product Management,Product Management,IC3,HQ-BR-001,2018-02-25,2018-03-07,2018-03-14,Filled,REC0002,2018-06-08
REQ0000483,POS0000484,MX,Retail,Visual Merchandising,Merchandising,Store Operations,IC1,STORE-MX-001,2018-04-25,2018-05-03,2018-05-03,Filled,REC0003,2018-06-04
REQ0000484,POS0000485,BR,Supply Chain,Procurement,Supplier Management,Procurement,IC2,DC-BR-003,2018-03-16,2018-03-25,2018-03-28,Filled,REC0003,2018-06-04
REQ0000485,POS0000486,BR,Retail,Store Operations,Store Management,Store Operations,IC1,STORE-BR-009,2018-04-13,2018-04-19,2018-04-22,Filled,REC0004,2018-06-11
REQ0000486,POS0000487,MX,Retail,Regional Operations,Region North,General Management,IC2,STORE-MX-007,2018-03-22,2018-04-09,2018-04-17,Filled,REC0005,2018-06-09
REQ0000487,POS0000488,AR,Retail,Visual Merchandising,Merchandising,Design,IC1,STORE-AR-008,2018-03-23,2018-03-28,2018-04-05,Filled,REC0002,2018-06-11
REQ0000488,POS0000489,BR,Supply Chain,Planning,Demand Planning,Data,IC2,DC-BR-001,2018-02-21,2018-02-23,2018-03-05,Filled,REC0001,2018-06-08
REQ0000489,POS0000490,BR,Retail,Regional Operations,Region Southeast,Store Operations,IC1,STORE-BR-040,2018-04-08,2018-04-18,2018-04-20,Filled,REC0004,2018-06-10
REQ0000490,POS0000491,AR,Retail,Sales,Key Accounts,Sales,IC1,STORE-AR-007,2018-04-17,2018-04-25,2018-04-28,Cancelled,REC0004,
REQ0000491,POS0000492,BR,Retail,Sales,Floor Sales,Sales,IC1,STORE-BR-006,2018-04-10,2018-04-18,2018-04-19,Cancelled,REC0003,
REQ0000492,POS0000493,BR,Retail,Regional Operations,Region Southeast,Store Operations,IC1,STORE-BR-026,2018-06-03,2018-06-09,2018-06-15,Filled,REC0002,2018-07-12
REQ0000493,POS0000494,BR,Customer,Customer Operations,Order Support,Customer Support,IC1,SITE-BR-002,2018-05-03,2018-05-13,2018-05-15,Filled,REC0005,2018-07-09
REQ0000494,POS0000495,BR,Retail,Visual Merchandising,Store Design,Design,IC2,STORE-BR-041,2018-03-26,2018-03-30,2018-04-12,Filled,REC0001,2018-07-09
REQ0000495,POS0000496,AR,Retail,Store Operations,Store Management,Store Operations,IC1,STORE-AR-006,2018-05-29,2018-05-30,2018-06-01,Filled,REC0001,2018-07-02
REQ0000496,POS0000497,BR,Supply Chain,Distribution Centers,Inventory,Warehouse,IC3,DC-BR-002,2018-04-05,2018-04-16,2018-04-30,Filled,REC0005,2018-07-10
REQ0000497,POS0000498,BR,Supply Chain,Planning,Demand Planning,Logistics,IC5,DC-BR-005,2018-01-22,2018-02-05,2018-02-08,Filled,REC0001,2018-07-05
REQ0000498,POS0000499,BR,Digital,UX,Design System,Design,IC2,HQ-BR-001,2018-02-28,2018-03-11,2018-03-21,Filled,REC0005,2018-07-09
REQ0000499,POS0000500,CO,Supply Chain,Logistics,Last Mile,Logistics,IC1,DC-CO-001,2018-06-09,2018-06-10,2018-06-17,Filled,REC0001,2018-07-06
REQ0000500,POS0000501,BR,Corporate,Data & Analytics,Business Intelligence,Data,IC1,HQ-BR-001,2018-05-23,2018-05-31,2018-06-06,Filled,REC0003,2018-07-06
REQ0000501,POS0000502,BR,Retail,Sales,Floor Sales,Sales,IC1,STORE-BR-016,2018-05-10,2018-05-18,2018-05-20,Filled,REC0005,2018-07-05
REQ0000502,POS0000503,AR,Retail,Sales,Floor Sales,Sales,IC2,STORE-AR-009,2018-02-25,2018-03-06,2018-03-14,Filled,REC0001,2018-07-11
REQ0000503,POS0000504,AR,Customer,Customer Service,Contact Center,Customer Support,IC1,SITE-AR-001,2018-05-11,2018-05-22,2018-05-26,Filled,REC0003,2018-07-11
REQ0000504,POS0000505,BR,Retail,Visual Merchandising,Merchandising,Design,IC1,STORE-BR-015,2018-05-01,2018-05-11,2018-05-13,Filled,REC0002,2018-07-06
REQ0000505,POS0000506,BR,Retail,Visual Merchandising,Store Design,Store Operations,M1,STORE-BR-025,2018-03-30,2018-04-23,2018-04-27,Filled,REC0001,2018-07-06
REQ0000506,POS0000507,BR,Retail,Visual Merchandising,Merchandising,Store Operations,IC2,STORE-BR-024,2018-02-22,2018-02-23,2018-03-05,Filled,REC0001,2018-07-02
REQ0000507,POS0000508,BR,Retail,Sales,Floor Sales,Sales,IC1,STORE-BR-009,2018-05-13,2018-05-17,2018-05-18,Filled,REC0004,2018-07-05
REQ0000508,POS0000509,BR,Customer,Customer Operations,Returns,Logistics,IC1,SITE-BR-003,2018-05-06,2018-05-15,2018-05-21,Filled,REC0004,2018-07-07
REQ0000509,POS0000510,MX,Retail,Visual Merchandising,Merchandising,Store Operations,IC1,STORE-MX-003,2018-05-03,2018-05-10,2018-05-15,Filled,REC0001,2018-07-04
REQ0000510,POS0000511,AR,Customer,Customer Experience,Voice of Customer,Customer Support,IC1,SITE-AR-001,2018-05-17,2018-05-21,2018-05-23,Filled,REC0004,2018-07-01
REQ0000511,POS0000512,BR,Customer,Customer Service,Escalations,Customer Support,M1,SITE-BR-003,2017-12-04,2018-01-01,2018-01-13,Filled,REC0003,2018-07-14
REQ0000512,POS0000513,BR,Retail,Visual Merchandising,Store Design,Design,IC2,STORE-BR-001,2018-03-07,2018-03-28,2018-04-04,Filled,REC0001,2018-07-05
REQ0000513,POS0000514,BR,Customer,Customer Operations,Returns,Logistics,IC1,SITE-BR-004,2018-05-30,2018-06-05,2018-06-11,Filled,REC0004,2018-07-12
REQ0000514,POS0000515,AR,Customer,Customer Service,Contact Center,Customer Support,IC1,SITE-AR-001,2018-05-02,2018-05-10,2018-05-16,Cancelled,REC0003,
REQ0000515,POS0000516,BR,Retail,Store Operations,Store Management,Store Operations,IC2,STORE-BR-041,2018-04-02,2018-04-20,2018-04-22,Cancelled,REC0005,
REQ0000516,POS0000517,BR,Retail,Store Operations,Security,Store Operations,IC2,STORE-BR-043,2018-04-25,2018-05-08,2018-05-13,Cancelled,REC0002,
REQ0000517,POS0000518,MX,Retail,Sales,Floor Sales,Sales,IC1,STORE-MX-001,2018-06-06,2018-06-09,2018-06-15,Filled,REC0002,2018-08-10
REQ0000518,POS0000519,BR,Corporate,Data & Analytics,Business Intelligence,Data,M4,HQ-BR-001,2018-02-14,2018-03-23,2018-04-18,Filled,REC0001,2018-08-06
REQ0000519,POS0000520,BR,Retail,Visual Merchandising,Merchandising,Design,IC1,STORE-BR-031,2018-06-16,2018-06-20,2018-06-24,Filled,REC0002,2018-08-09
REQ0000520,POS0000521,BR,Corporate,Legal,Compliance,Legal,IC3,HQ-BR-001,2018-04-18,2018-04-26,2018-05-04,Filled,REC0001,2018-08-12
REQ0000521,POS0000522,BR,Retail,Store Operations,Stockroom,Store Operations,IC1,STORE-BR-022,2018-06-29,2018-07-07,2018-07-08,Filled,REC0005,2018-08-14
REQ0000522,POS0000523,BR,Supply Chain,Logistics,Last Mile,Logistics,IC4,DC-BR-003,2018-03-25,2018-03-29,2018-04-03,Filled,REC0001,2018-08-01
REQ0000523,POS0000524,AR,Retail,Store Operations,Stockroom,Store Operations,IC1,STORE-AR-010,2018-06-07,2018-06-17,2018-06-23,Filled,REC0005,2018-08-12
REQ0000524,POS0000525,CL,Customer,Customer Operations,Order Support,Logistics,IC1,SITE-CL-001,2018-05-21,2018-05-30,2018-06-02,Filled,REC0004,2018-08-14
REQ0000525,POS0000526,BR,Customer,Customer Experience,CX Design,Design,IC1,SITE-BR-003,2018-06-27,2018-06-30,2018-07-04,Filled,REC0003,2018-08-13
REQ0000526,POS0000527,AR,Retail,Visual Merchandising,Merchandising,Design,IC2,STORE-AR-006,2018-05-21,2018-06-08,2018-06-15,Filled,REC0004,2018-08-03
REQ0000527,POS0000528,BR,Customer,Customer Operations,Returns,Customer Support,IC3,SITE-BR-001,2018-04-08,2018-04-16,2018-04-26,Filled,REC0003,2018-08-07
REQ0000528,POS0000529,BR,Supply Chain,Planning,Supply Planning,Data,IC2,DC-BR-006,2018-04-08,2018-04-13,2018-04-14,Filled,REC0002,2018-08-10
REQ0000529,POS0000530,BR,Retail,Visual Merchandising,Store Design,Design,IC1,STORE-BR-030,2018-06-26,2018-06-27,2018-06-28,Filled,REC0004,2018-08-09
REQ0000530,POS0000531,BR,Retail,Visual Merchandising,Merchandising,Design,IC2,STORE-BR-029,2018-05-12,2018-06-02,2018-06-02,Filled,REC0005,2018-08-12
REQ0000531,POS0000532,AR,Supply Chain,Distribution Centers,Outbound,Warehouse,IC2,DC-AR-001,2018-04-23,2018-04-26,2018-04-26,Filled,REC0002,2018-08-12
REQ0000532,POS0000533,AR,Retail,Visual Merchandising,Store Design,Design,IC1,STORE-AR-009,2018-06-06,2018-06-17,2018-06-18,Filled,REC0005,2018-08-06
REQ0000533,POS0000534,BR,Retail,Visual Merchandising,Store Design,Design,IC1,STORE-BR-027,2018-06-19,2018-06-23,2018-06-24,Filled,REC0005,2018-08-08
REQ0000534,POS0000535,BR,Corporate,Legal,Compliance,Legal,IC1,HQ-BR-001,2018-05-21,2018-06-01,2018-06-07,Filled,REC0003,2018-08-13
REQ0000535,POS0000536,BR,Retail,Sales,Floor Sales,Sales,IC1,STORE-BR-037,2018-06-12,2018-06-22,2018-06-25,Filled,REC0002,2018-08-10
REQ0000536,POS0000537,BR,Digital,E-commerce,Catalog,Software Engineering,IC5,HQ-BR-001,2018-02-17,2018-02-24,2018-03-12,Filled,REC0005,2018-08-10
REQ0000537,POS0000538,BR,Retail,Store Operations,Security,Store Operations,IC2,STORE-BR-029,2018-04-25,2018-04-27,2018-05-04,Filled,REC0004,2018-08-08
REQ0000538,POS0000539,BR,Customer,Customer Operations,Returns,Logistics,IC1,SITE-BR-002,2018-06-05,2018-06-11,2018-06-12,Filled,REC0005,2018-08-03
REQ0000539,POS0000540,BR,Retail,Visual Merchandising,Merchandising,Store Operations,IC1,STORE-BR-030,2018-06-11,2018-06-13,2018-06-19,Cancelled,REC0001,
REQ0000540,POS0000541,BR,Retail,Visual Merchandising,Merchandising,Store Operations,M1,STORE-BR-022,2018-03-22,2018-04-15,2018-04-21,Cancelled,REC0001,
REQ0000541,POS0000542,BR,Corporate,Risk,Fraud,Risk & Compliance,IC2,HQ-BR-001,2018-04-25,2018-05-05,2018-05-12,Cancelled,REC0005,
REQ0000542,POS0000543,BR,Retail,Sales,Key Accounts,Sales,IC2,STORE-BR-003,2018-05-15,2018-05-18,2018-05-25,Filled,REC0001,2018-09-04
REQ0000543,POS0000544,BR,Supply Chain,Distribution Centers,Inbound,Warehouse,IC1,DC-BR-003,2018-06-25,2018-07-03,2018-07-05,Filled,REC0003,2018-09-05
REQ0000544,POS0000545,BR,Digital,Product,Product Ops,Product Management,M1,HQ-BR-001,2018-04-17,2018-05-15,2018-05-24,Filled,REC0003,2018-09-01
REQ0000545,POS0000546,BR,Customer,Customer Operations,Order Support,Customer Support,IC2,SITE-BR-003,2018-05-30,2018-06-14,2018-06-25,Filled,REC0005,2018-09-09
REQ0000546,POS0000547,BR,Customer,Customer Operations,Returns,Customer Support,IC1,SITE-BR-003,2018-07-11,2018-07-13,2018-07-20,Filled,REC0001,2018-09-05
REQ0000547,POS0000548,BR,Retail,Sales,Key Accounts,Sales,M1,STORE-BR-019,2018-02-21,2018-03-19,2018-03-31,Filled,REC0003,2018-09-02
REQ0000548,POS0000549,BR,Retail,Visual Merchandising,Store Design,Design,IC1,STORE-BR-020,2018-07-04,2018-07-16,2018-07-18,Filled,REC0004,2018-09-11
REQ0000549,POS0000550,BR,Corporate,Strategy,M&A,Strategy,M1,HQ-BR-001,2018-03-23,2018-04-07,2018-04-17,Filled,REC0004,2018-09-02
REQ0000550,POS0000551,BR,Retail,Regional Operations,Region North,Store Operations,IC1,STORE-BR-043,2018-07-23,2018-07-31,2018-07-31,Filled,REC0001,2018-09-08
REQ0000551,POS0000552,BR,Supply Chain,Procurement,Sourcing,Procurement,IC5,DC-BR-004,2018-06-15,2018-06-20,2018-06-23,Filled,REC0001,2018-09-11
REQ0000552,POS0000553,BR,Retail,Visual Merchandising,Merchandising,Design,IC1,STORE-BR-020,2018-07-23,2018-07-27,2018-07-31,Filled,REC0005,2018-09-09
REQ0000553,POS0000554,BR,Retail,Regional Operations,Region North,General Management,IC1,STORE-BR-020,2018-07-03,2018-07-07,2018-07-10,Filled,REC0005,2018-09-04
REQ0000554,POS0000555,AR,Customer,Customer Experience,CX Design,Design,IC2,SITE-AR-001,2018-05-20,2018-05-22,2018-05-22,Filled,REC0004,2018-09-13
REQ0000555,POS0000556,BR,Digital,Data,Data Science,Data,IC3,HQ-BR-001,2018-04-08,2018-04-17,2018-04-27,Filled,REC0002,2018-09-01
REQ0000556,POS0000557,BR,Retail,Visual Merchandising,Store Design,Design,IC5,STORE-BR-021,2018-05-20,2018-05-27,2018-06-01,Filled,REC0004,2018-09-04
REQ0000557,POS0000558,BR,Customer,Customer Service,Escalations,Customer Support,IC1,SITE-BR-004,2018-06-18,2018-06-21,2018-06-27,Filled,REC0005,2018-09-08
REQ0000558,POS0000559,BR,Retail,Regional Operations,Region South,Store Operations,M3,STORE-BR-007,2018-01-02,2018-02-02,2018-02-09,Filled,REC0005,2018-09-08
REQ0000559,POS0000560,BR,Retail,Sales,Floor Sales,Sales,IC1,STORE-BR-021,2018-07-11,2018-07-19,2018-07-22,Filled,REC0003,2018-09-13
REQ0000560,POS0000561,BR,Corporate,Procurement,Indirect Procurement,Procurement,IC2,HQ-BR-001,2018-06-15,2018-07-06,2018-07-17,Cancelled,REC0005,
REQ0000561,POS0000562,BR,Retail,Store Operations,Cashier,Store Operations,IC1,STORE-BR-034,2018-08-20,2018-08-22,2018-08-22,Cancelled,REC0003,
REQ0000562,POS0000563,AR,Retail,Visual Merchandising,Store Design,Store Operations,IC3,STORE-AR-001,2018-04-24,2018-05-12,2018-05-22,Cancelled,REC0003,
REQ0000563,POS0000564,BR,Digital,Engineering,Mobile,Software Engineering,M3,HQ-BR-001,2018-05-01,2018-05-29,2018-06-07,Filled,REC0001,2018-10-03
REQ0000564,POS0000565,BR,Digital,E-commerce,Catalog,Software Engineering,M4,HQ-BR-001,2018-01-15,2018-02-14,2018-03-01,Filled,REC0002,2018-10-13
REQ0000565,POS0000566,BR,Supply Chain,Logistics,Transportation,Logistics,IC5,DC-BR-004,2018-04-06,2018-04-13,2018-05-02,Filled,REC0005,2018-10-06
REQ0000566,POS0000567,AR,Retail,Regional Operations,Region Southeast,General Management,IC1,STORE-AR-004,2018-07-30,2018-08-07,2018-08-08,Filled,REC0003,2018-10-02
REQ0000567,POS0000568,BR,Corporate,Finance,Controlling,Finance,M4,HQ-BR-001,2018-04-10,2018-05-19,2018-06-06,Filled,REC0002,2018-10-10
REQ0000568,POS0000569,BR,Digital,E-commerce,Catalog,Product Management,IC3,HQ-BR-001,2018-08-03,2018-08-12,2018-08-18,Filled,REC0003,2018-10-06
REQ0000569,POS0000570,MX,Retail,Visual Merchandising,Merchandising,Design,IC1,STORE-MX-009,2018-08-07,2018-08-14,2018-08-17,Filled,REC0004,2018-10-02
REQ0000570,POS0000571,BR,Retail,Regional Operations,Region North,General Management,IC1,STORE-BR-030,2018-08-26,2018-09-05,2018-09-06,Filled,REC0001,2018-10-07
REQ0000571,POS0000572,BR,Digital,Data,Analytics Engineering,Data,IC1,HQ-BR-001,2018-07-25,2018-08-01,2018-08-08,Filled,REC0005,2018-10-10
REQ0000572,POS0000573,BR,Retail,Store Operations,Store Management,Store Operations,IC1,STORE-BR-026,2018-07-20,2018-08-01,2018-08-04,Filled,REC0001,2018-10-05
REQ0000573,POS0000574,BR,Retail,Sales,Floor Sales,Sales,IC1,STORE-BR-043,2018-08-02,2018-08-12,2018-08-16,Filled,REC0002,2018-10-03
REQ0000574,POS0000575,BR,Retail,Regional Operations,Region South,General Management,IC1,STORE-BR-008,2018-07-19,2018-07-24,2018-07-31,Filled,REC0004,2018-10-10
REQ0000575,POS0000576,BR,Retail,Sales,Key Accounts,Sales,IC1,STORE-BR-016,2018-09-14,2018-09-15,2018-09-23,Filled,REC0005,2018-10-13
REQ0000576,POS0000577,BR,Customer,Customer Experience,Voice of Customer,Customer Support,IC1,SITE-BR-004,2018-08-10,2018-08-18,2018-08-21,Filled,REC0002,2018-10-11
REQ0000577,POS0000578,BR,Digital,Engineering,Backend,Software Engineering,IC1,HQ-BR-001,2018-08-12,2018-08-21,2018-08-21,Cancelled,REC0003,
REQ0000578,POS0000579,BR,Customer,Customer Operations,Order Support,Logistics,IC1,SITE-BR-004,2018-08-29,2018-09-02,2018-09-05,Cancelled,REC0004,
REQ0000579,POS0000580,BR,Retail,Store Operations,Cashier,Store Operations,IC1,STORE-BR-033,2018-09-05,2018-09-09,2018-09-16,Filled,REC0003,2018-11-02
REQ0000580,POS0000581,BR,Customer,Customer Operations,Returns,Customer Support,IC1,SITE-BR-004,2018-08-23,2018-08-31,2018-09-02,Filled,REC0002,2018-11-02
REQ0000581,POS0000582,BR,Retail,Sales,Key Accounts,Sales,IC1,STORE-BR-013,2018-09-05,2018-09-11,2018-09-15,Filled,REC0003,2018-11-11
REQ0000582,POS0000583,BR,Retail,Store Operations,Cashier,Store Operations,IC1,STORE-BR-021,2018-09-07,2018-09-11,2018-09-12,Filled,REC0001,2018-11-04
REQ0000583,POS0000584,BR,Retail,Regional Operations,Region North,Store Operations,IC1,STORE-BR-012,2018-09-16,2018-09-18,2018-09-20,Filled,REC0005,2018-11-10
REQ0000584,POS0000585,BR,Retail,Store Operations,Cashier,Store Operations,IC1,STORE-BR-020,2018-09-11,2018-09-15,2018-09-19,Filled,REC0004,2018-11-06
REQ0000585,POS0000586,BR,Retail,Store Operations,Stockroom,Store Operations,IC1,STORE-BR-038,2018-08-17,2018-08-25,2018-09-01,Filled,REC0004,2018-11-08
REQ0000586,POS0000587,BR,Retail,Visual Merchandising,Store Design,Store Operations,IC1,STORE-BR-041,2018-08-24,2018-08-28,2018-09-04,Filled,REC0003,2018-11-05
REQ0000587,POS0000588,BR,Retail,Visual Merchandising,Merchandising,Store Operations,IC1,STORE-BR-006,2018-09-12,2018-09-15,2018-09-21,Filled,REC0004,2018-11-11
REQ0000588,POS0000589,BR,Retail,Store Operations,Stockroom,Store Operations,IC1,STORE-BR-005,2018-09-11,2018-09-13,2018-09-19,Filled,REC0004,2018-11-12
REQ0000589,POS0000590,AR,Retail,Store Operations,Stockroom,Store Operations,IC1,STORE-AR-005,2018-10-12,2018-10-15,2018-10-23,Filled,REC0005,2018-11-14
REQ0000590,POS0000591,BR,Corporate,Marketing,Brand,Marketing,IC1,HQ-BR-001,2018-10-03,2018-10-12,2018-10-13,Filled,REC0003,2018-11-13
REQ0000591,POS0000592,AR,Retail,Sales,Key Accounts,Sales,IC2,STORE-AR-001,2018-07-13,2018-07-22,2018-07-24,Filled,REC0001,2018-11-07
REQ0000592,POS0000593,AR,Customer,Customer Experience,Voice of Customer,Design,M3,SITE-AR-001,2018-03-04,2018-03-21,2018-03-25,Filled,REC0001,2018-11-01
REQ0000593,POS0000594,BR,Corporate,Finance,Treasury,Finance,IC2,HQ-BR-001,2018-08-09,2018-08-15,2018-08-16,Filled,REC0002,2018-11-06
REQ0000594,POS0000595,BR,Retail,Visual Merchandising,Store Design,Design,IC3,STORE-BR-007,2018-07-19,2018-08-07,2018-08-07,Filled,REC0004,2018-11-04
REQ0000595,POS0000596,BR,Retail,Store Operations,Store Management,Store Operations,IC1,STORE-BR-044,2018-08-19,2018-08-27,2018-08-29,Filled,REC0002,2018-11-01
REQ0000596,POS0000597,BR,Corporate,Marketing,Brand,Marketing,IC1,HQ-BR-001,2018-08-30,2018-09-08,2018-09-14,Filled,REC0004,2018-11-02
REQ0000597,POS0000598,BR,Corporate,Data & Analytics,Business Intelligence,Data,M1,HQ-BR-001,2018-05-07,2018-05-23,2018-05-25,Filled,REC0004,2018-11-05
REQ0000598,POS0000599,BR,Retail,Store Operations,Store Management,Store Operations,M1,STORE-BR-030,2018-06-15,2018-06-21,2018-06-30,Filled,REC0005,2018-11-10
REQ0000599,POS0000600,BR,Corporate,Finance,Controlling,Finance,IC3,HQ-BR-001,2018-07-24,2018-08-02,2018-08-11,Filled,REC0004,2018-11-06
REQ0000600,POS0000601,BR,Retail,Regional Operations,Region South,Store Operations,IC1,STORE-BR-013,2018-08-23,2018-08-25,2018-08-27,Filled,REC0002,2018-11-04
REQ0000601,POS0000602,BR,Supply Chain,Planning,Demand Planning,Logistics,IC1,DC-BR-004,2018-10-01,2018-10-08,2018-10-09,Filled,REC0004,2018-11-10
REQ0000602,POS0000603,BR,Digital,Digital Marketing,Paid Media,Marketing,IC4,HQ-BR-001,2018-07-15,2018-07-20,2018-08-01,Filled,REC0003,2018-11-09
REQ0000603,POS0000604,BR,Retail,Regional Operations,Region North,Store Operations,IC1,STORE-BR-019,2018-09-29,2018-10-05,2018-10-08,Filled,REC0002,2018-11-12
REQ0000604,POS0000605,BR,Retail,Store Operations,Store Management,Store Operations,IC1,STORE-BR-012,2018-10-05,2018-10-15,2018-10-17,Filled,REC0005,2018-11-11
REQ0000605,POS0000606,BR,Supply Chain,Planning,Demand Planning,Data,IC3,DC-BR-002,2018-08-12,2018-08-29,2018-09-10,Filled,REC0001,2018-11-02
REQ0000606,POS0000607,BR,Retail,Store Operations,Store Management,Store Operations,IC1,STORE-BR-002,2018-09-07,2018-09-09,2018-09-13,Filled,REC0003,2018-11-04
REQ0000607,POS0000608,BR,Customer,Customer Experience,Voice of Customer,Design,IC1,SITE-BR-004,2018-09-11,2018-09-13,2018-09-20,Filled,REC0004,2018-11-11
REQ0000608,POS0000609,BR,Retail,Store Operations,Stockroom,Store Operations,IC2,STORE-BR-020,2018-07-28,2018-08-05,2018-08-08,Filled,REC0002,2018-11-12
REQ0000609,POS0000610,BR,Digital,Product,Product Ops,Product Management,IC3,HQ-BR-001,2018-07-31,2018-08-10,2018-08-14,Filled,REC0003,2018-11-01
REQ0000610,POS0000611,BR,Retail,Store Operations,Store Management,Store Operations,IC1,STORE-BR-035,2018-10-06,2018-10-07,2018-10-10,Filled,REC0004,2018-11-13
REQ0000611,POS0000612,BR,Retail,Visual Merchandising,Merchandising,Store Operations,M2,STORE-BR-019,2018-05-07,2018-05-23,2018-06-01,Filled,REC0001,2018-11-10
REQ0000612,POS0000613,BR,Customer,Customer Service,Escalations,Customer Support,IC1,SITE-BR-003,2018-09-11,2018-09-19,2018-09-25,Filled,REC0004,2018-11-13
REQ0000613,POS0000614,BR,Digital,E-commerce,Checkout,Product Management,IC1,HQ-BR-001,2018-09-22,2018-09-26,2018-09-28,Filled,REC0003,2018-11-10
REQ0000614,POS0000615,BR,Corporate,Data & Analytics,Data Governance,Data,IC1,HQ-BR-001,2018-08-19,2018-08-29,2018-09-03,Filled,REC0004,2018-11-13
REQ0000615,POS0000616,BR,Supply Chain,Distribution Centers,Inbound,Warehouse,IC1,DC-BR-004,2018-09-03,2018-09-15,2018-09-19,Filled,REC0003,2018-11-03
REQ0000616,POS0000617,BR,Corporate,Strategy,PMO,Strategy,IC2,HQ-BR-001,2018-06-23,2018-07-14,2018-07-27,Filled,REC0004,2018-11-02
REQ0000617,POS0000618,BR,Retail,Store Operations,Cashier,Store Operations,IC1,STORE-BR-011,2018-08-22,2018-09-02,2018-09-02,Filled,REC0003,2018-11-02
REQ0000618,POS0000619,BR,Retail,Store Operations,Security,Store Operations,IC2,STORE-BR-033,2018-07-17,2018-07-24,2018-08-04,Filled,REC0005,2018-11-05
REQ0000619,POS0000620,BR,Retail,Sales,Key Accounts,Sales,IC2,STORE-BR-022,2018-06-29,2018-07-17,2018-07-30,Filled,REC0005,2018-11-01
REQ0000620,POS0000621,AR,Retail,Store Operations,Store Management,Store Operations,IC1,STORE-AR-009,2018-09-09,2018-09-11,2018-09-14,Filled,REC0003,2018-11-14
REQ0000621,POS0000622,BR,Corporate,People,Compensation & Benefits,People,M1,HQ-BR-001,2018-04-25,2018-05-25,2018-05-31,Filled,REC0004,2018-11-09
REQ0000622,POS0000623,BR,Digital,Engineering,Frontend,Software Engineering,M1,HQ-BR-001,2018-07-26,2018-08-19,2018-08-19,Filled,REC0002,2018-11-03
REQ0000623,POS0000624,BR,Retail,Visual Merchandising,Store Design,Store Operations,IC1,STORE-BR-011,2018-09-06,2018-09-07,2018-09-11,Filled,REC0004,2018-11-07
REQ0000624,POS0000625,BR,Supply Chain,Logistics,Transportation,Logistics,IC2,DC-BR-004,2018-06-30,2018-07-21,2018-08-03,Filled,REC0005,2018-11-11
REQ0000625,POS0000626,CL,Retail,Visual Merchandising,Store Design,Store Operations,IC1,STORE-CL-006,2018-09-12,2018-09-16,2018-09-22,Filled,REC0005,2018-11-10
REQ0000626,POS0000627,BR,Corporate,People,Learning & Development,People,M4,HQ-BR-001,2018-03-02,2018-03-26,2018-04-01,Filled,REC0002,2018-11-11
REQ0000627,POS0000628,BR,Corporate,Risk,Fraud,Risk & Compliance,IC2,HQ-BR-001,2018-07-12,2018-07-28,2018-08-07,Filled,REC0004,2018-11-11
REQ0000628,POS0000629,BR,Retail,Sales,Key Accounts,Sales,M1,STORE-BR-021,2018-06-05,2018-06-21,2018-07-12,Filled,REC0001,2018-11-04
REQ0000629,POS0000630,BR,Customer,Customer Experience,CX Design,Design,IC1,SITE-BR-002,2018-08-24,2018-08-31,2018-09-08,Filled,REC0004,2018-11-06
REQ0000630,POS0000631,BR,Retail,Sales,Key Accounts,Sales,IC1,STORE-BR-026,2018-09-15,2018-09-22,2018-09-24,Filled,REC0002,2018-11-14
REQ0000631,POS0000632,BR,Supply Chain,Planning,Supply Planning,Logistics,IC1,DC-BR-003,2018-09-17,2018-09-19,2018-09-27,Filled,REC0001,2018-11-07
REQ0000632,POS0000633,AR,Customer,Customer Service,Escalations,Customer Support,IC1,SITE-AR-001,2018-08-20,2018-09-01,2018-09-09,Filled,REC0001,2018-11-14
REQ0000633,POS0000634,BR,Corporate,Finance,Controlling,Finance,M1,HQ-BR-001,2018-06-20,2018-06-23,2018-06-27,Filled,REC0005,2018-11-02
REQ0000634,POS0000635,AR,Retail,Sales,Floor Sales,Sales,IC1,STORE-AR-008,2018-08-21,2018-09-02,2018-09-09,Filled,REC0005,2018-11-05
REQ0000635,POS0000636,BR,Retail,Visual Merchandising,Merchandising,Design,IC2,STORE-BR-030,2018-07-30,2018-08-05,2018-08-11,Filled,REC0005,2018-11-10
REQ0000636,POS0000637,BR,Supply Chain,Planning,Demand Planning,Logistics,IC1,DC-BR-002,2018-10-02,2018-10-13,2018-10-16,Filled,REC0001,2018-11-11
REQ0000637,POS0000638,BR,Supply Chain,Logistics,Transportation,Logistics,IC1,DC-BR-003,2018-09-06,2018-09-08,2018-09-11,Filled,REC0001,2018-11-07
REQ0000638,POS0000639,BR,Corporate,Finance,Treasury,Finance,M2,HQ-BR-001,2018-04-08,2018-04-29,2018-05-02,Filled,REC0002,2018-11-03
REQ0000639,POS0000640,BR,Customer,Customer Operations,Returns,Logistics,IC3,SITE-BR-001,2018-07-29,2018-08-19,2018-08-22,Filled,REC0001,2018-11-01
REQ0000640,POS0000641,AR,Customer,Customer Operations,Order Support,Customer Support,IC2,SITE-AR-001,2018-07-22,2018-07-27,2018-08-09,Cancelled,REC0001,
REQ0000641,POS0000642,BR,Retail,Sales,Floor Sales,Sales,IC1,STORE-BR-042,2018-09-18,2018-09-24,2018-09-25,Cancelled,REC0005,
REQ0000642,POS0000643,BR,Retail,Regional Operations,Region South,Store Operations,IC2,STORE-BR-007,2018-07-21,2018-08-08,2018-08-08,Cancelled,REC0005,
REQ0000643,POS0000644,BR,Retail,Visual Merchandising,Merchandising,Store Operations,IC1,STORE-BR-006,2018-09-21,2018-09-23,2018-09-24,Cancelled,REC0001,
REQ0000644,POS0000645,BR,Supply Chain,Procurement,Sourcing,Procurement,IC1,DC-BR-006,2018-09-09,2018-09-12,2018-09-15,Cancelled,REC0004,
REQ0000645,POS0000646,BR,Supply Chain,Planning,Demand Planning,Data,IC1,DC-BR-005,2018-10-05,2018-10-08,2018-10-14,Cancelled,REC0005,
REQ0000646,POS0000647,BR,Customer,Customer Service,Escalations,Customer Support,IC1,SITE-BR-002,2018-08-13,2018-08-22,2018-08-29,Cancelled,REC0005,
REQ0000647,POS0000648,BR,Retail,Visual Merchandising,Store Design,Design,IC1,STORE-BR-020,2018-09-26,2018-09-27,2018-10-05,Cancelled,REC0003,
REQ0000648,POS0000649,BR,Corporate,People,Talent Acquisition,People,IC2,HQ-BR-001,2018-08-14,2018-08-28,2018-09-09,Cancelled,REC0002,
REQ0000649,POS0000650,AR,Retail,Visual Merchandising,Store Design,Design,IC1,STORE-AR-009,2018-09-21,2018-10-03,2018-10-06,Filled,REC0003,2018-12-08
REQ0000650,POS0000651,BR,Corporate,Strategy,Corporate Strategy,Strategy,IC4,HQ-BR-001,2018-10-10,2018-10-13,2018-10-14,Filled,REC0005,2018-12-08
REQ0000651,POS0000652,BR,Retail,Visual Merchandising,Store Design,Design,IC1,STORE-BR-004,2018-10-21,2018-10-24,2018-10-26,Filled,REC0005,2018-12-01
REQ0000652,POS0000653,MX,Retail,Sales,Key Accounts,Sales,IC3,STORE-MX-006,2018-09-04,2018-09-07,2018-09-20,Filled,REC0003,2018-12-01
REQ0000653,POS0000654,BR,Customer,Customer Service,Contact Center,Customer Support,IC2,SITE-BR-001,2018-08-07,2018-08-10,2018-08-16,Filled,REC0004,2018-12-04
REQ0000654,POS0000655,BR,Supply Chain,Planning,Supply Planning,Data,IC2,DC-BR-002,2018-08-31,2018-09-01,2018-09-08,Filled,REC0002,2018-12-13
REQ0000655,POS0000656,BR,Corporate,Procurement,Indirect Procurement,Procurement,IC3,HQ-BR-001,2018-08-19,2018-09-05,2018-09-17,Filled,REC0003,2018-12-13
REQ0000656,POS0000657,BR,Retail,Regional Operations,Region Southeast,General Management,IC1,STORE-BR-007,2018-10-09,2018-10-16,2018-10-23,Filled,REC0003,2018-12-05
REQ0000657,POS0000658,BR,Retail,Store Operations,Security,Store Operations,IC1,STORE-BR-010,2018-09-30,2018-10-07,2018-10-10,Filled,REC0002,2018-12-10
REQ0000658,POS0000659,BR,Retail,Sales,Key Accounts,Sales,IC1,STORE-BR-005,2018-10-28,2018-11-02,2018-11-09,Filled,REC0001,2018-12-11
REQ0000659,POS0000660,BR,Corporate,Risk,Risk Management,Risk & Compliance,IC2,HQ-BR-001,2018-07-19,2018-08-02,2018-08-03,Filled,REC0005,2018-12-01
REQ0000660,POS0000661,BR,Supply Chain,Procurement,Sourcing,Procurement,IC1,DC-BR-006,2018-10-26,2018-11-02,2018-11-07,Filled,REC0001,2018-12-10
REQ0000661,POS0000662,CO,Retail,Visual Merchandising,Store Design,Store Operations,M2,STORE-CO-005,2018-06-15,2018-07-01,2018-07-21,Filled,REC0001,2018-12-07
REQ0000662,POS0000663,BR,Corporate,Finance,FP&A,Finance,IC3,HQ-BR-001,2018-08-02,2018-08-14,2018-08-27,Filled,REC0004,2018-12-04
REQ0000663,POS0000664,BR,Retail,Visual Merchandising,Store Design,Store Operations,IC3,STORE-BR-034,2018-06-26,2018-07-17,2018-07-31,Filled,REC0001,2018-12-05
REQ0000664,POS0000665,BR,Supply Chain,Planning,Demand Planning,Data,IC1,DC-BR-001,2018-10-11,2018-10-21,2018-10-24,Filled,REC0002,2018-12-03
REQ0000665,POS0000666,BR,Retail,Store Operations,Security,Store Operations,IC3,STORE-BR-018,2018-08-05,2018-08-21,2018-09-01,Filled,REC0002,2018-12-14
REQ0000666,POS0000667,AR,Supply Chain,Procurement,Sourcing,Procurement,IC1,DC-AR-001,2018-09-20,2018-09-28,2018-10-06,Filled,REC0001,2018-12-13
REQ0000667,POS0000668,BR,Corporate,Risk,Fraud,Risk & Compliance,IC1,HQ-BR-001,2018-10-02,2018-10-07,2018-10-11,Filled,REC0003,2018-12-07
REQ0000668,POS0000669,BR,Corporate,Risk,Fraud,Risk & Compliance,IC4,HQ-BR-001,2018-07-24,2018-08-04,2018-08-22,Filled,REC0003,2018-12-02
REQ0000669,POS0000670,BR,Supply Chain,Distribution Centers,Inventory,Warehouse,M1,DC-BR-001,2018-07-05,2018-08-06,2018-08-22,Filled,REC0002,2018-12-12
REQ0000670,POS0000671,BR,Corporate,Legal,Labor Legal,Legal,IC4,HQ-BR-001,2018-07-27,2018-08-20,2018-08-31,Filled,REC0002,2018-12-04
REQ0000671,POS0000672,BR,Retail,Visual Merchandising,Store Design,Store Operations,IC1,STORE-BR-016,2018-10-30,2018-11-09,2018-11-11,Filled,REC0003,2018-12-14
REQ0000672,POS0000673,BR,Corporate,Legal,Compliance,Legal,IC4,HQ-BR-001,2018-06-19,2018-07-15,2018-07-15,Filled,REC0005,2018-12-07
REQ0000673,POS0000674,CL,Retail,Sales,Floor Sales,Sales,IC1,STORE-CL-006,2018-11-08,2018-11-17,2018-11-24,Filled,REC0005,2018-12-11
REQ0000674,POS0000675,BR,Supply Chain,Distribution Centers,Inventory,Warehouse,IC1,DC-BR-003,2018-10-05,2018-10-07,2018-10-10,Filled,REC0004,2018-12-01
REQ0000675,POS0000676,BR,Customer,Customer Experience,CX Design,Design,IC2,SITE-BR-003,2018-08-27,2018-09-05,2018-09-10,Filled,REC0002,2018-12-04
REQ0000676,POS0000677,BR,Customer,Customer Service,Escalations,Customer Support,IC1,SITE-BR-003,2018-10-16,2018-10-22,2018-10-24,Cancelled,REC0001,
REQ0000677,POS0000678,BR,Corporate,Data & Analytics,Business Intelligence,Data,M1,HQ-BR-001,2018-07-11,2018-08-02,2018-08-12,Cancelled,REC0004,
REQ0000678,POS0000679,BR,Corporate,Data & Analytics,Business Intelligence,Data,IC3,HQ-BR-001,2018-08-12,2018-08-22,2018-08-29,Cancelled,REC0002,
REQ0000679,POS0000680,BR,Corporate,Finance,Treasury,Finance,IC1,HQ-BR-001,2018-10-21,2018-10-25,2018-10-28,Cancelled,REC0005,
REQ0000680,POS0000681,BR,Retail,Regional Operations,Region South,General Management,IC1,STORE-BR-040,2019-01-24,2019-01-29,2019-02-01,Filled,REC0004,2019-03-09
REQ0000681,POS0000682,BR,Retail,Sales,Floor Sales,Sales,IC2,STORE-BR-025,2018-11-27,2018-12-04,2018-12-17,Filled,REC0001,2019-03-05
REQ0000682,POS0000683,BR,Customer,Customer Experience,Voice of Customer,Design,IC1,SITE-BR-002,2019-02-12,2019-02-19,2019-02-20,Filled,REC0003,2019-03-10
REQ0000683,POS0000684,BR,Digital,Product,Product Management,Product Management,IC4,HQ-BR-001,2018-11-17,2018-12-06,2018-12-24,Filled,REC0005,2019-03-02
REQ0000684,POS0000685,AR,Retail,Visual Merchandising,Merchandising,Store Operations,IC1,STORE-AR-006,2019-01-01,2019-01-12,2019-01-18,Filled,REC0004,2019-03-05
REQ0000685,POS0000686,BR,Supply Chain,Distribution Centers,Outbound,Warehouse,IC1,DC-BR-002,2019-02-06,2019-02-14,2019-02-16,Filled,REC0004,2019-03-13
REQ0000686,POS0000687,AR,Supply Chain,Distribution Centers,Outbound,Warehouse,IC1,DC-AR-001,2019-01-08,2019-01-14,2019-01-22,Filled,REC0004,2019-03-10
REQ0000687,POS0000688,BR,Retail,Visual Merchandising,Store Design,Store Operations,IC1,STORE-BR-007,2019-01-24,2019-01-27,2019-02-02,Filled,REC0003,2019-03-07
REQ0000688,POS0000689,BR,Retail,Regional Operations,Region South,General Management,IC1,STORE-BR-023,2019-01-07,2019-01-17,2019-01-21,Filled,REC0002,2019-03-08
REQ0000689,POS0000690,BR,Digital,Product,Product Management,Product Management,IC1,HQ-BR-001,2019-02-04,2019-02-09,2019-02-15,Filled,REC0001,2019-03-03
REQ0000690,POS0000691,MX,Retail,Visual Merchandising,Merchandising,Store Operations,IC2,STORE-MX-006,2019-01-05,2019-01-16,2019-01-28,Filled,REC0004,2019-03-14
REQ0000691,POS0000692,AR,Retail,Store Operations,Store Management,Store Operations,IC1,STORE-AR-007,2019-01-15,2019-01-22,2019-01-24,Filled,REC0005,2019-03-06
REQ0000692,POS0000693,BR,Corporate,Data & Analytics,Business Intelligence,Data,IC1,HQ-BR-001,2019-01-18,2019-01-19,2019-01-23,Filled,REC0005,2019-03-09
REQ0000693,POS0000694,BR,Retail,Sales,Floor Sales,Sales,IC1,STORE-BR-038,2019-01-12,2019-01-21,2019-01-23,Filled,REC0005,2019-03-05
REQ0000694,POS0000695,BR,Digital,UX,Product Design,Design,IC2,HQ-BR-001,2018-12-10,2018-12-19,2018-12-30,Filled,REC0002,2019-03-12
REQ0000695,POS0000696,BR,Corporate,Procurement,Contracts,Procurement,M1,HQ-BR-001,2018-09-09,2018-10-06,2018-10-22,Filled,REC0004,2019-03-01
REQ0000696,POS0000697,AR,Retail,Sales,Key Accounts,Sales,IC1,STORE-AR-007,2018-12-12,2018-12-14,2018-12-20,Filled,REC0001,2019-03-01
REQ0000697,POS0000698,BR,Corporate,Risk,Internal Audit,Risk & Compliance,IC1,HQ-BR-001,2019-01-05,2019-01-11,2019-01-16,Cancelled,REC0002,
REQ0000698,POS0000699,BR,Corporate,People,People Analytics,People,IC2,HQ-BR-001,2018-11-15,2018-11-28,2018-12-12,Cancelled,REC0004,
REQ0000699,POS0000700,BR,Customer,Customer Operations,Order Support,Customer Support,IC1,SITE-BR-001,2018-12-25,2019-01-06,2019-01-14,Cancelled,REC0001,
REQ0000700,POS0000701,BR,Customer,Customer Service,Chat,Customer Support,IC1,SITE-BR-003,2019-02-26,2019-03-01,2019-03-03,Filled,REC0005,2019-04-13
REQ0000701,POS0000702,BR,Retail,Visual Merchandising,Merchandising,Store Operations,IC1,STORE-BR-007,2019-01-28,2019-02-07,2019-02-07,Filled,REC0002,2019-04-02
REQ0000702,POS0000703,BR,Customer,Customer Experience,CX Design,Design,IC1,SITE-BR-003,2019-02-05,2019-02-11,2019-02-11,Filled,REC0004,2019-04-08
REQ0000703,POS0000704,BR,Retail,Visual Merchandising,Merchandising,Store Operations,IC2,STORE-BR-041,2018-12-02,2018-12-12,2018-12-25,Filled,REC0002,2019-04-06
REQ0000704,POS0000705,BR,Corporate,Procurement,Indirect Procurement,Procurement,IC1,HQ-BR-001,2019-01-01,2019-01-12,2019-01-19,Filled,REC0003,2019-04-03
REQ0000705,POS0000706,BR,Retail,Visual Merchandising,Merchandising,Design,IC1,STORE-BR-036,2019-02-07,2019-02-14,2019-02-15,Filled,REC0003,2019-04-07
REQ0000706,POS0000707,BR,Customer,Customer Operations,Order Support,Logistics,IC2,SITE-BR-002,2019-01-01,2019-01-12,2019-01-22,Filled,REC0003,2019-04-14
REQ0000707,POS0000708,AR,Retail,Sales,Key Accounts,Sales,IC1,STORE-AR-006,2019-02-20,2019-03-01,2019-03-03,Filled,REC0001,2019-04-02
REQ0000708,POS0000709,CL,Retail,Sales,Floor Sales,Sales,IC1,STORE-CL-001,2019-03-06,2019-03-08,2019-03-15,Filled,REC0001,2019-04-08
REQ0000709,POS0000710,BR,Retail,Regional Operations,Region Southeast,Store Operations,IC1,STORE-BR-037,2019-02-07,2019-02-08,2019-02-13,Filled,REC0005,2019-04-11
REQ0000710,POS0000711,BR,Supply Chain,Logistics,Transportation,Logistics,IC3,DC-BR-003,2019-01-02,2019-01-06,2019-01-07,Filled,REC0004,2019-04-14
REQ0000711,POS0000712,BR,Retail,Store Operations,Security,Store Operations,IC2,STORE-BR-021,2019-01-07,2019-01-24,2019-01-30,Filled,REC0003,2019-04-11
REQ0000712,POS0000713,BR,Supply Chain,Logistics,Transportation,Logistics,IC2,DC-BR-005,2018-12-15,2019-01-05,2019-01-07,Filled,REC0003,2019-04-04
REQ0000713,POS0000714,BR,Supply Chain,Procurement,Supplier Management,Procurement,IC1,DC-BR-004,2019-03-06,2019-03-08,2019-03-14,Filled,REC0004,2019-04-13
REQ0000714,POS0000715,BR,Retail,Sales,Key Accounts,Sales,IC1,STORE-BR-039,2019-02-28,2019-03-07,2019-03-14,Filled,REC0003,2019-04-05
REQ0000715,POS0000716,BR,Retail,Store Operations,Cashier,Store Operations,M2,STORE-BR-009,2018-10-21,2018-10-24,2018-11-07,Filled,REC0003,2019-04-05
REQ0000716,POS0000717,BR,Retail,Visual Merchandising,Store Design,Store Operations,IC1,STORE-BR-003,2019-02-04,2019-02-14,2019-02-15,Filled,REC0001,2019-04-06
REQ0000717,POS0000718,BR,Retail,Sales,Key Accounts,Sales,IC1,STORE-BR-019,2019-01-29,2019-01-30,2019-02-04,Filled,REC0001,2019-04-02
REQ0000718,POS0000719,BR,Retail,Regional Operations,Region North,Store Operations,IC2,STORE-BR-020,2018-11-27,2018-12-04,2018-12-10,Filled,REC0001,2019-04-09
REQ0000719,POS0000720,BR,Digital,Product,Product Ops,Product Management,IC4,HQ-BR-001,2018-10-09,2018-10-27,2018-10-27,Filled,REC0004,2019-04-04
REQ0000720,POS0000721,BR,Digital,E-commerce,Storefront,Product Management,IC4,HQ-BR-001,2018-12-06,2018-12-22,2018-12-27,Filled,REC0002,2019-04-06
REQ0000721,POS0000722,BR,Retail,Sales,Key Accounts,Sales,IC1,STORE-BR-041,2019-02-12,2019-02-13,2019-02-18,Cancelled,REC0001,
REQ0000722,POS0000723,BR,Retail,Sales,Floor Sales,Sales,IC1,STORE-BR-038,2019-02-18,2019-02-19,2019-02-26,Cancelled,REC0005,
REQ0000723,POS0000724,MX,Corporate,People,HR Business Partner,People,IC1,HQ-MX-001,2019-01-19,2019-01-29,2019-02-05,Cancelled,REC0003,
REQ0000724,POS0000725,BR,Customer,Customer Experience,CX Design,Design,IC1,SITE-BR-004,2019-04-09,2019-04-13,2019-04-13,Filled,REC0001,2019-05-11
REQ0000725,POS0000726,BR,Retail,Visual Merchandising,Merchandising,Store Operations,IC2,STORE-BR-033,2019-03-18,2019-03-24,2019-03-27,Filled,REC0003,2019-05-13
REQ0000726,POS0000727,BR,Corporate,Risk,Risk Management,Risk & Compliance,IC3,HQ-BR-001,2019-01-16,2019-02-03,2019-02-07,Filled,REC0001,2019-05-10
REQ0000727,POS0000728,BR,Retail,Regional Operations,Region South,General Management,IC2,STORE-BR-030,2019-02-05,2019-02-23,2019-02-25,Filled,REC0004,2019-05-10
REQ0000728,POS0000729,BR,Corporate,Finance,FP&A,Finance,IC2,HQ-BR-001,2019-02-17,2019-03-01,2019-03-01,Filled,REC0001,2019-05-08
REQ0000729,POS0000730,BR,Digital,Product,Product Ops,Product Management,IC4,HQ-BR-001,2018-11-04,2018-11-20,2018-11-21,Filled,REC0003,2019-05-03
REQ0000730,POS0000731,BR,Retail,Sales,Key Accounts,Sales,IC4,STORE-BR-011,2019-01-03,2019-01-12,2019-01-24,Filled,REC0002,2019-05-07
REQ0000731,POS0000732,CO,Retail,Store Operations,Store Management,Store Operations,IC2,STORE-CO-004,2019-02-06,2019-02-20,2019-02-24,Filled,REC0003,2019-05-13
REQ0000732,POS0000733,AR,Supply Chain,Procurement,Sourcing,Procurement,IC1,DC-AR-001,2019-03-25,2019-03-31,2019-04-02,Filled,REC0002,2019-05-14
REQ0000733,POS0000734,BR,Corporate,Legal,Corporate Legal,Legal,IC3,HQ-BR-001,2019-02-15,2019-02-18,2019-02-23,Filled,REC0002,2019-05-07
REQ0000734,POS0000735,BR,Retail,Visual Merchandising,Merchandising,Design,IC1,STORE-BR-016,2019-03-03,2019-03-12,2019-03-19,Filled,REC0005,2019-05-09
REQ0000735,POS0000736,BR,Digital,Data,Data Science,Data,IC2,HQ-BR-001,2019-01-11,2019-01-13,2019-01-19,Filled,REC0005,2019-05-13
REQ0000736,POS0000737,BR,Retail,Visual Merchandising,Store Design,Design,IC1,STORE-BR-041,2019-03-16,2019-03-20,2019-03-24,Filled,REC0005,2019-05-09
REQ0000737,POS0000738,AR,Retail,Sales,Floor Sales,Sales,IC1,STORE-AR-007,2019-02-16,2019-02-23,2019-02-27,Filled,REC0001,2019-05-01
REQ0000738,POS0000739,BR,Corporate,People,Learning & Development,People,IC3,HQ-BR-001,2018-12-15,2018-12-29,2018-12-31,Filled,REC0002,2019-05-10
REQ0000739,POS0000740,BR,Corporate,Marketing,CRM,Marketing,IC3,HQ-BR-001,2019-01-14,2019-01-31,2019-02-04,Filled,REC0001,2019-05-10
REQ0000740,POS0000741,BR,Supply Chain,Logistics,Last Mile,Logistics,IC3,DC-BR-002,2018-11-30,2018-12-15,2018-12-26,Filled,REC0002,2019-05-01
REQ0000741,POS0000742,BR,Customer,Customer Service,Contact Center,Customer Support,IC2,SITE-BR-004,2019-01-06,2019-01-08,2019-01-16,Filled,REC0003,2019-05-04
REQ0000742,POS0000743,MX,Customer,Customer Experience,Voice of Customer,Design,IC1,SITE-MX-001,2019-02-24,2019-03-04,2019-03-11,Filled,REC0004,2019-05-01
REQ0000743,POS0000744,BR,Supply Chain,Planning,Demand Planning,Logistics,IC2,DC-BR-004,2019-01-06,2019-01-18,2019-02-01,Cancelled,REC0002,
REQ0000744,POS0000745,BR,Retail,Store Operations,Cashier,Store Operations,IC1,STORE-BR-020,2019-03-20,2019-03-22,2019-03-23,Cancelled,REC0004,
REQ0000745,POS0000746,BR,Digital,Product,Product Ops,Product Management,IC4,HQ-BR-001,2018-10-28,2018-11-21,2018-12-03,Cancelled,REC0005,
REQ0000746,POS0000747,AR,Retail,Visual Merchandising,Merchandising,Store Operations,IC2,STORE-AR-009,2019-04-22,2019-05-05,2019-05-05,Filled,REC0003,2019-06-08
REQ0000747,POS0000748,BR,Supply Chain,Distribution Centers,Inventory,Warehouse,IC1,DC-BR-001,2019-04-08,2019-04-17,2019-04-21,Filled,REC0004,2019-06-09
REQ0000748,POS0000749,BR,Retail,Visual Merchandising,Store Design,Store Operations,IC2,STORE-BR-002,2019-01-18,2019-01-28,2019-02-10,Filled,REC0002,2019-06-06
REQ0000749,POS0000750,BR,Customer,Customer Operations,Order Support,Logistics,IC1,SITE-BR-002,2019-04-02,2019-04-07,2019-04-13,Filled,REC0003,2019-06-01
REQ0000750,POS0000751,BR,Corporate,Risk,Internal Audit,Risk & Compliance,IC3,HQ-BR-001,2019-03-10,2019-03-26,2019-04-05,Filled,REC0001,2019-06-12
REQ0000751,POS0000752,AR,Retail,Visual Merchandising,Store Design,Store Operations,IC2,STORE-AR-003,2019-02-16,2019-02-23,2019-02-25,Filled,REC0004,2019-06-02
REQ0000752,POS0000753,BR,Corporate,Legal,Corporate Legal,Legal,IC1,HQ-BR-001,2019-04-24,2019-04-29,2019-04-30,Filled,REC0002,2019-06-02
REQ0000753,POS0000754,BR,Customer,Customer Service,Escalations,Customer Support,IC1,SITE-BR-004,2019-03-28,2019-04-03,2019-04-07,Filled,REC0002,2019-06-05
REQ0000754,POS0000755,BR,Corporate,Data & Analytics,Data Governance,Data,IC3,HQ-BR-001,2019-02-13,2019-02-23,2019-02-24,Filled,REC0004,2019-06-11
REQ0000755,POS0000756,BR,Supply Chain,Planning,Demand Planning,Logistics,IC1,DC-BR-002,2019-05-03,2019-05-09,2019-05-16,Filled,REC0001,2019-06-11
REQ0000756,POS0000757,AR,Retail,Store Operations,Security,Store Operations,IC2,STORE-AR-001,2019-01-25,2019-02-10,2019-02-16,Filled,REC0004,2019-06-12
REQ0000757,POS0000758,BR,Digital,Product,Product Ops,Product Management,IC3,HQ-BR-001,2019-01-26,2019-02-15,2019-02-19,Filled,REC0004,2019-06-02
REQ0000758,POS0000759,BR,Retail,Regional Operations,Region South,General Management,IC1,STORE-BR-005,2019-04-17,2019-04-27,2019-04-30,Filled,REC0004,2019-06-08
REQ0000759,POS0000760,BR,Customer,Customer Operations,Returns,Logistics,IC2,SITE-BR-004,2019-03-08,2019-03-20,2019-04-03,Filled,REC0002,2019-06-02
REQ0000760,POS0000761,CO,Retail,Store Operations,Security,Store Operations,IC1,STORE-CO-002,2019-04-14,2019-04-21,2019-04-23,Filled,REC0004,2019-06-10
REQ0000761,POS0000762,BR,Supply Chain,Planning,Demand Planning,Data,IC1,DC-BR-005,2019-03-31,2019-04-09,2019-04-15,Cancelled,REC0003,
REQ0000762,POS0000763,BR,Retail,Regional Operations,Region North,Store Operations,IC3,STORE-BR-018,2019-04-12,2019-04-17,2019-04-20,Cancelled,REC0002,
REQ0000763,POS0000764,BR,Customer,Customer Experience,CX Design,Design,IC4,SITE-BR-001,2019-04-02,2019-04-06,2019-04-06,Filled,REC0001,2019-07-04
REQ0000764,POS0000765,BR,Supply Chain,Distribution Centers,Outbound,Warehouse,IC1,DC-BR-006,2019-04-09,2019-04-21,2019-04-24,Filled,REC0003,2019-07-04
REQ0000765,POS0000766,AR,Digital,Engineering,Platform,Software Engineering,IC4,HQ-AR-001,2019-01-31,2019-02-28,2019-02-28,Filled,REC0002,2019-07-02
REQ0000766,POS0000767,BR,Retail,Regional Operations,Region Southeast,General Management,IC3,STORE-BR-025,2019-03-14,2019-04-04,2019-04-05,Filled,REC0001,2019-07-04
REQ0000767,POS0000768,BR,Customer,Customer Operations,Order Support,Customer Support,IC2,SITE-BR-003,2019-05-07,2019-05-21,2019-06-01,Filled,REC0001,2019-07-11
REQ0000768,POS0000769,CO,Retail,Visual Merchandising,Merchandising,Design,IC1,STORE-CO-006,2019-05-09,2019-05-12,2019-05-14,Filled,REC0004,2019-07-02
REQ0000769,POS0000770,BR,Retail,Visual Merchandising,Store Design,Store Operations,IC1,STORE-BR-006,2019-05-12,2019-05-19,2019-05-24,Filled,REC0005,2019-07-08
REQ0000770,POS0000771,MX,Retail,Sales,Key Accounts,Sales,IC1,STORE-MX-009,2019-05-01,2019-05-06,2019-05-14,Filled,REC0002,2019-07-04
REQ0000771,POS0000772,BR,Retail,Visual Merchandising,Merchandising,Store Operations,IC1,STORE-BR-036,2019-04-28,2019-05-06,2019-05-09,Filled,REC0005,2019-07-05
REQ0000772,POS0000773,BR,Supply Chain,Logistics,Reverse Logistics,Logistics,IC1,DC-BR-001,2019-04-20,2019-04-28,2019-05-06,Filled,REC0003,2019-07-01
REQ0000773,POS0000774,BR,Supply Chain,Procurement,Sourcing,Procurement,IC1,DC-BR-006,2019-04-21,2019-04-28,2019-05-06,Filled,REC0004,2019-07-08
REQ0000774,POS0000775,BR,Supply Chain,Planning,Supply Planning,Logistics,IC1,DC-BR-004,2019-04-23,2019-04-27,2019-04-29,Filled,REC0004,2019-07-07
REQ0000775,POS0000776,BR,Supply Chain,Distribution Centers,Inventory,Warehouse,IC2,DC-BR-006,2019-04-06,2019-04-22,2019-04-25,Filled,REC0002,2019-07-03
REQ0000776,POS0000777,AR,Supply Chain,Distribution Centers,Outbound,Warehouse,IC2,DC-AR-001,2019-02-16,2019-03-09,2019-03-16,Filled,REC0001,2019-07-11
REQ0000777,POS0000778,AR,Retail,Store Operations,Security,Store Operations,IC1,STORE-AR-008,2019-04-20,2019-04-27,2019-04-28,Filled,REC0003,2019-07-04
REQ0000778,POS0000779,BR,Corporate,Legal,Labor Legal,Legal,IC2,HQ-BR-001,2019-02-11,2019-02-23,2019-03-05,Filled,REC0004,2019-07-11
REQ0000779,POS0000780,BR,Digital,Engineering,Backend,Software Engineering,IC4,HQ-BR-001,2019-02-11,2019-02-19,2019-03-07,Filled,REC0005,2019-07-08
REQ0000780,POS0000781,BR,Supply Chain,Procurement,Sourcing,Procurement,IC1,DC-BR-006,2019-05-15,2019-05-22,2019-05-24,Filled,REC0002,2019-07-02
REQ0000781,POS0000782,BR,Retail,Store Operations,Cashier,Store Operations,IC1,STORE-BR-044,2019-05-21,2019-05-22,2019-05-26,Filled,REC0002,2019-07-09
REQ0000782,POS0000783,BR,Corporate,Legal,Corporate Legal,Legal,IC4,HQ-BR-001,2019-01-24,2019-02-08,2019-02-20,Filled,REC0001,2019-07-02
REQ0000783,POS0000784,BR,Retail,Regional Operations,Region North,Store Operations,IC1,STORE-BR-043,2019-05-28,2019-06-02,2019-06-03,Filled,REC0003,2019-07-07
REQ0000784,POS0000785,AR,Retail,Regional Operations,Region Southeast,General Management,IC1,STORE-AR-009,2019-06-02,2019-06-03,2019-06-03,Filled,REC0004,2019-07-12
REQ0000785,POS0000786,AR,Supply Chain,Procurement,Sourcing,Procurement,IC4,DC-AR-001,2019-03-27,2019-03-31,2019-04-07,Filled,REC0002,2019-07-13
REQ0000786,POS0000787,BR,Customer,Customer Service,Chat,Customer Support,IC1,SITE-BR-004,2019-05-12,2019-05-22,2019-05-25,Filled,REC0002,2019-07-08
REQ0000787,POS0000788,BR,Corporate,Finance,Treasury,Finance,IC2,HQ-BR-001,2019-04-07,2019-04-14,2019-04-17,Filled,REC0005,2019-07-10
REQ0000788,POS0000789,BR,Retail,Store Operations,Security,Store Operations,M1,STORE-BR-004,2019-01-22,2019-01-31,2019-02-21,Cancelled,REC0001,
REQ0000789,POS0000790,BR,Retail,Regional Operations,Region South,General Management,IC3,STORE-BR-034,2019-02-09,2019-02-17,2019-02-17,Cancelled,REC0005,
REQ0000790,POS0000791,BR,Supply Chain,Logistics,Last Mile,Logistics,IC1,DC-BR-004,2019-05-15,2019-05-17,2019-05-21,Cancelled,REC0002,
REQ0000791,POS0000792,BR,Retail,Sales,Key Accounts,Sales,IC2,STORE-BR-007,2019-02-26,2019-03-01,2019-03-08,Cancelled,REC0005,
REQ0000792,POS0000793,BR,Corporate,Marketing,Content,Marketing,IC2,HQ-BR-001,2019-03-03,2019-03-23,2019-03-31,Filled,REC0004,2019-08-05
REQ0000793,POS0000794,BR,Corporate,Marketing,Performance,Marketing,IC4,HQ-BR-001,2019-03-23,2019-04-03,2019-04-11,Filled,REC0003,2019-08-03
REQ0000794,POS0000795,BR,Supply Chain,Logistics,Transportation,Logistics,IC2,DC-BR-005,2019-05-15,2019-05-26,2019-06-02,Filled,REC0004,2019-08-10
REQ0000795,POS0000796,BR,Corporate,People,Learning & Development,People,IC4,HQ-BR-001,2019-05-25,2019-06-06,2019-06-15,Filled,REC0001,2019-08-06
REQ0000796,POS0000797,BR,Retail,Sales,Key Accounts,Sales,IC1,STORE-BR-037,2019-06-24,2019-07-01,2019-07-07,Filled,REC0002,2019-08-04
REQ0000797,POS0000798,AR,Customer,Customer Service,Chat,Customer Support,IC1,SITE-AR-001,2019-06-14,2019-06-16,2019-06-23,Filled,REC0005,2019-08-02
REQ0000798,POS0000799,BR,Retail,Visual Merchandising,Merchandising,Store Operations,IC1,STORE-BR-017,2019-05-15,2019-05-19,2019-05-22,Filled,REC0004,2019-08-05
REQ0000799,POS0000800,BR,Retail,Regional Operations,Region South,Store Operations,IC1,STORE-BR-041,2019-06-19,2019-06-29,2019-07-02,Filled,REC0005,2019-08-03
REQ0000800,POS0000801,MX,Supply Chain,Logistics,Reverse Logistics,Logistics,IC3,DC-MX-001,2019-04-19,2019-05-01,2019-05-13,Filled,REC0005,2019-08-01
REQ0000801,POS0000802,BR,Retail,Store Operations,Stockroom,Store Operations,IC3,STORE-BR-020,2019-04-07,2019-04-23,2019-05-04,Filled,REC0003,2019-08-06
REQ0000802,POS0000803,BR,Corporate,Risk,Fraud,Risk & Compliance,IC2,HQ-BR-001,2019-04-06,2019-04-08,2019-04-16,Filled,REC0003,2019-08-07
REQ0000803,POS0000804,BR,Corporate,Procurement,Indirect Procurement,Procurement,IC3,HQ-BR-001,2019-05-01,2019-05-02,2019-05-12,Filled,REC0003,2019-08-14
REQ0000804,POS0000805,BR,Retail,Visual Merchandising,Store Design,Store Operations,IC1,STORE-BR-005,2019-06-19,2019-06-27,2019-06-27,Filled,REC0002,2019-08-03
REQ0000805,POS0000806,BR,Retail,Store Operations,Cashier,Store Operations,IC1,STORE-BR-034,2019-06-29,2019-07-04,2019-07-05,Filled,REC0004,2019-08-07
REQ0000806,POS0000807,CL,Retail,Sales,Key Accounts,Sales,M1,STORE-CL-001,2019-01-24,2019-02-19,2019-03-07,Filled,REC0002,2019-08-13
REQ0000807,POS0000808,BR,Customer,Customer Operations,Order Support,Customer Support,IC1,SITE-BR-003,2019-06-06,2019-06-08,2019-06-16,Filled,REC0005,2019-08-04
REQ0000808,POS0000809,BR,Retail,Sales,Floor Sales,Sales,IC1,STORE-BR-013,2019-05-29,2019-06-02,2019-06-03,Filled,REC0001,2019-08-07
REQ0000809,POS0000810,BR,Retail,Store Operations,Cashier,Store Operations,M1,STORE-BR-032,2019-03-31,2019-04-09,2019-04-25,Filled,REC0005,2019-08-04
REQ0000810,POS0000811,BR,Customer,Customer Experience,CX Design,Customer Support,IC1,SITE-BR-001,2019-06-15,2019-06-16,2019-06-19,Filled,REC0005,2019-08-07
REQ0000811,POS0000812,BR,Retail,Regional Operations,Region Southeast,Store Operations,IC1,STORE-BR-013,2019-05-23,2019-05-31,2019-06-08,Filled,REC0002,2019-08-02
REQ0000812,POS0000813,BR,Retail,Store Operations,Security,Store Operations,IC1,STORE-BR-034,2019-06-16,2019-06-20,2019-06-26,Filled,REC0005,2019-08-06
REQ0000813,POS0000814,BR,Corporate,Strategy,Corporate Strategy,Strategy,M2,HQ-BR-001,2019-01-28,2019-02-11,2019-03-01,Filled,REC0002,2019-08-04
REQ0000814,POS0000815,BR,Digital,Engineering,SRE,Software Engineering,IC4,HQ-BR-001,2019-05-09,2019-05-18,2019-06-03,Filled,REC0002,2019-08-08
REQ0000815,POS0000816,AR,Supply Chain,Logistics,Transportation,Logistics,IC2,DC-AR-001,2019-05-01,2019-05-09,2019-05-10,Filled,REC0001,2019-08-02
REQ0000816,POS0000817,BR,Corporate,Strategy,M&A,Strategy,IC1,HQ-BR-001,2019-06-08,2019-06-12,2019-06-17,Filled,REC0004,2019-08-06
REQ0000817,POS0000818,BR,Retail,Visual Merchandising,Merchandising,Store Operations,IC1,STORE-BR-040,2019-05-20,2019-05-23,2019-05-31,Filled,REC0003,2019-08-02
REQ0000818,POS0000819,BR,Retail,Visual Merchandising,Store Design,Store Operations,IC1,STORE-BR-029,2019-06-12,2019-06-19,2019-06-22,Filled,REC0002,2019-08-02
REQ0000819,POS0000820,BR,Retail,Sales,Key Accounts,Sales,IC1,STORE-BR-005,2019-05-11,2019-05-21,2019-05-23,Filled,REC0005,2019-08-11
REQ0000820,POS0000821,BR,Customer,Customer Service,Contact Center,Customer Support,IC1,SITE-BR-001,2019-06-09,2019-06-11,2019-06-18,Filled,REC0005,2019-08-13
REQ0000821,POS0000822,BR,Customer,Customer Experience,Voice of Customer,Customer Support,IC1,SITE-BR-001,2019-06-24,2019-07-02,2019-07-08,Filled,REC0003,2019-08-14
REQ0000822,POS0000823,BR,Retail,Regional Operations,Region South,General Management,IC1,STORE-BR-018,2019-07-02,2019-07-12,2019-07-15,Filled,REC0001,2019-08-02
REQ0000823,POS0000824,BR,Retail,Visual Merchandising,Store Design,Store Operations,IC1,STORE-BR-017,2019-07-02,2019-07-11,2019-07-11,Filled,REC0004,2019-08-14
REQ0000824,POS0000825,BR,Retail,Visual Merchandising,Store Design,Design,IC1,STORE-BR-010,2019-06-30,2019-07-10,2019-07-10,Filled,REC0001,2019-08-06
REQ0000825,POS0000826,BR,Supply Chain,Planning,Demand Planning,Logistics,IC2,DC-BR-004,2019-05-09,2019-05-15,2019-05-18,Cancelled,REC0002,
REQ0000826,POS0000827,AR,Corporate,Marketing,Brand,Marketing,IC4,HQ-AR-001,2019-04-05,2019-04-24,2019-04-25,Cancelled,REC0001,
REQ0000827,POS0000828,BR,Retail,Regional Operations,Region South,General Management,IC2,STORE-BR-003,2019-04-05,2019-04-22,2019-05-03,Cancelled,REC0003,
REQ0000828,POS0000829,BR,Corporate,Data & Analytics,Data Governance,Data,IC3,HQ-BR-001,2019-05-05,2019-05-20,2019-05-29,Cancelled,REC0005,
REQ0000829,POS0000830,BR,Retail,Visual Merchandising,Merchandising,Design,IC2,STORE-BR-012,2019-03-21,2019-04-01,2019-04-15,Cancelled,REC0001,
REQ0000830,POS0000831,BR,Supply Chain,Logistics,Transportation,Logistics,IC1,DC-BR-003,2019-06-23,2019-06-29,2019-06-30,Filled,REC0002,2019-09-03
REQ0000831,POS0000832,BR,Retail,Regional Operations,Region North,Store Operations,IC1,STORE-BR-020,2019-07-11,2019-07-15,2019-07-19,Filled,REC0001,2019-09-08
REQ0000832,POS0000833,BR,Retail,Visual Merchandising,Store Design,Design,IC1,STORE-BR-018,2019-08-01,2019-08-04,2019-08-06,Filled,REC0002,2019-09-13
REQ0000833,POS0000834,BR,Corporate,Legal,Labor Legal,Legal,IC3,HQ-BR-001,2019-06-29,2019-07-06,2019-07-11,Filled,REC0002,2019-09-13
REQ0000834,POS0000835,BR,Retail,Store Operations,Security,Store Operations,M1,STORE-BR-025,2019-03-08,2019-03-11,2019-03-23,Filled,REC0005,2019-09-04
REQ0000835,POS0000836,BR,Retail,Visual Merchandising,Store Design,Store Operations,IC2,STORE-BR-013,2019-05-04,2019-05-08,2019-05-19,Filled,REC0002,2019-09-11
REQ0000836,POS0000837,BR,Digital,Product,Product Ops,Product Management,M5,HQ-BR-001,2018-11-12,2018-12-10,2018-12-17,Filled,REC0004,2019-09-09
REQ0000837,POS0000838,AR,Retail,Regional Operations,Region Southeast,General Management,IC3,STORE-AR-001,2019-06-19,2019-07-04,2019-07-17,Filled,REC0002,2019-09-02
REQ0000838,POS0000839,BR,Customer,Customer Operations,Returns,Customer Support,IC2,SITE-BR-002,2019-04-08,2019-04-29,2019-05-02,Filled,REC0001,2019-09-12
REQ0000839,POS0000840,CL,Supply Chain,Logistics,Transportation,Logistics,M1,DC-CL-001,2019-03-27,2019-04-11,2019-04-19,Filled,REC0001,2019-09-07
REQ0000840,POS0000841,BR,Retail,Sales,Floor Sales,Sales,IC1,STORE-BR-011,2019-07-22,2019-07-25,2019-07-25,Filled,REC0003,2019-09-08
REQ0000841,POS0000842,AR,Retail,Visual Merchandising,Merchandising,Design,IC1,STORE-AR-007,2019-06-25,2019-06-28,2019-07-03,Filled,REC0002,2019-09-03
REQ0000842,POS0000843,AR,Customer,Customer Operations,Order Support,Customer Support,IC1,SITE-AR-001,2019-07-07,2019-07-13,2019-07-21,Filled,REC0002,2019-09-04
REQ0000843,POS0000844,BR,Retail,Store Operations,Stockroom,Store Operations,IC1,STORE-BR-027,2019-07-18,2019-07-25,2019-08-01,Filled,REC0001,2019-09-14
REQ0000844,POS0000845,BR,Retail,Regional Operations,Region North,Store Operations,IC2,STORE-BR-040,2019-04-13,2019-04-15,2019-04-27,Filled,REC0002,2019-09-09
REQ0000845,POS0000846,BR,Digital,Product,Product Ops,Product Management,IC3,HQ-BR-001,2019-06-11,2019-06-18,2019-06-20,Filled,REC0004,2019-09-05
REQ0000846,POS0000847,BR,Supply Chain,Distribution Centers,Inventory,Warehouse,IC2,DC-BR-001,2019-04-29,2019-05-09,2019-05-20,Filled,REC0001,2019-09-03
REQ0000847,POS0000848,AR,Retail,Visual Merchandising,Store Design,Design,IC1,STORE-AR-010,2019-07-21,2019-07-22,2019-07-29,Filled,REC0001,2019-09-09
REQ0000848,POS0000849,BR,Corporate,Finance,Treasury,Finance,IC5,HQ-BR-001,2019-05-15,2019-05-24,2019-05-27,Filled,REC0002,2019-09-07
REQ0000849,POS0000850,BR,Retail,Regional Operations,Region South,Store Operations,IC1,STORE-BR-003,2019-06-30,2019-07-08,2019-07-11,Filled,REC0004,2019-09-02
REQ0000850,POS0000851,BR,Retail,Regional Operations,Region Southeast,Store Operations,IC1,STORE-BR-028,2019-07-04,2019-07-15,2019-07-21,Filled,REC0004,2019-09-08
REQ0000851,POS0000852,BR,Retail,Store Operations,Security,Store Operations,IC1,STORE-BR-025,2019-06-30,2019-07-06,2019-07-09,Filled,REC0001,2019-09-05
REQ0000852,POS0000853,BR,Supply Chain,Logistics,Transportation,Logistics,IC1,DC-BR-003,2019-07-26,2019-07-27,2019-07-27,Filled,REC0001,2019-09-09
REQ0000853,POS0000854,BR,Corporate,Procurement,Indirect Procurement,Procurement,M3,HQ-BR-001,2019-01-10,2019-01-27,2019-02-16,Filled,REC0004,2019-09-06
REQ0000854,POS0000855,BR,Retail,Regional Operations,Region Southeast,General Management,IC1,STORE-BR-044,2019-06-10,2019-06-11,2019-06-18,Filled,REC0002,2019-09-07
REQ0000855,POS0000856,BR,Retail,Store Operations,Stockroom,Store Operations,IC2,STORE-BR-012,2019-05-30,2019-06-01,2019-06-06,Filled,REC0003,2019-09-03
REQ0000856,POS0000857,BR,Customer,Customer Service,Chat,Customer Support,IC1,SITE-BR-004,2019-07-30,2019-08-02,2019-08-03,Filled,REC0002,2019-09-07
REQ0000857,POS0000858,MX,Retail,Visual Merchandising,Store Design,Design,IC1,STORE-MX-009,2019-08-10,2019-08-14,2019-08-16,Filled,REC0005,2019-09-12
REQ0000858,POS0000859,CO,Supply Chain,Logistics,Last Mile,Logistics,IC2,DC-CO-001,2019-05-18,2019-05-26,2019-06-07,Filled,REC0002,2019-09-10
REQ0000859,POS0000860,BR,Corporate,Marketing,CRM,Marketing,IC2,HQ-BR-001,2019-06-19,2019-07-04,2019-07-05,Filled,REC0004,2019-09-10
REQ0000860,POS0000861,BR,Supply Chain,Planning,Supply Planning,Logistics,IC3,DC-BR-003,2019-05-02,2019-05-18,2019-05-20,Cancelled,REC0004,
REQ0000861,POS0000862,BR,Supply Chain,Distribution Centers,Outbound,Warehouse,IC1,DC-BR-005,2019-07-14,2019-07-26,2019-08-02,Cancelled,REC0001,
REQ0000862,POS0000863,MX,Supply Chain,Planning,Supply Planning,Data,IC2,DC-MX-001,2019-04-24,2019-05-11,2019-05-24,Cancelled,REC0003,
REQ0000863,POS0000864,BR,Retail,Regional Operations,Region Southeast,Store Operations,IC1,STORE-BR-028,2019-05-26,2019-06-07,2019-06-10,Cancelled,REC0001,
REQ0000864,POS0000865,BR,Corporate,People,Compensation & Benefits,People,IC2,HQ-BR-001,2019-05-02,2019-05-10,2019-05-18,Filled,REC0001,2019-10-06
REQ0000865,POS0000866,BR,Customer,Customer Service,Escalations,Customer Support,IC1,SITE-BR-004,2019-08-04,2019-08-07,2019-08-08,Filled,REC0002,2019-10-07
REQ0000866,POS0000867,AR,Retail,Sales,Floor Sales,Sales,IC1,STORE-AR-005,2019-08-16,2019-08-24,2019-08-30,Filled,REC0003,2019-10-13
REQ0000867,POS0000868,BR,Supply Chain,Procurement,Sourcing,Procurement,IC2,DC-BR-001,2019-04-30,2019-05-18,2019-05-28,Filled,REC0005,2019-10-13
REQ0000868,POS0000869,CL,Customer,Customer Experience,CX Design,Design,IC1,SITE-CL-001,2019-08-07,2019-08-19,2019-08-23,Filled,REC0002,2019-10-11
REQ0000869,POS0000870,AR,Supply Chain,Distribution Centers,Outbound,Warehouse,IC3,DC-AR-001,2019-05-05,2019-05-12,2019-05-25,Filled,REC0001,2019-10-10
REQ0000870,POS0000871,BR,Retail,Regional Operations,Region North,General Management,IC1,STORE-BR-006,2019-09-08,2019-09-17,2019-09-18,Filled,REC0003,2019-10-09
REQ0000871,POS0000872,MX,Retail,Regional Operations,Region South,General Management,IC2,STORE-MX-003,2019-06-25,2019-07-07,2019-07-15,Filled,REC0001,2019-10-09
REQ0000872,POS0000873,BR,Retail,Regional Operations,Region South,Store Operations,IC2,STORE-BR-009,2019-06-13,2019-06-25,2019-07-09,Filled,REC0003,2019-10-05
REQ0000873,POS0000874,BR,Retail,Sales,Floor Sales,Sales,IC1,STORE-BR-003,2019-08-05,2019-08-12,2019-08-15,Filled,REC0005,2019-10-04
REQ0000874,POS0000875,BR,Customer,Customer Service,Chat,Customer Support,IC1,SITE-BR-004,2019-07-21,2019-07-31,2019-08-07,Filled,REC0001,2019-10-02
REQ0000875,POS0000876,CO,Retail,Regional Operations,Region North,General Management,IC1,STORE-CO-003,2019-07-20,2019-07-27,2019-08-04,Filled,REC0001,2019-10-03
REQ0000876,POS0000877,BR,Corporate,Finance,FP&A,Finance,IC2,HQ-BR-001,2019-06-19,2019-06-24,2019-06-28,Filled,REC0004,2019-10-02
REQ0000877,POS0000878,BR,Retail,Regional Operations,Region North,General Management,IC1,STORE-BR-006,2019-07-14,2019-07-19,2019-07-23,Filled,REC0001,2019-10-01
REQ0000878,POS0000879,BR,Supply Chain,Logistics,Last Mile,Logistics,IC3,DC-BR-003,2019-09-02,2019-09-04,2019-09-05,Filled,REC0004,2019-10-11
REQ0000879,POS0000880,AR,Retail,Visual Merchandising,Store Design,Store Operations,IC1,STORE-AR-003,2019-08-25,2019-08-27,2019-08-28,Filled,REC0005,2019-10-05
REQ0000880,POS0000881,BR,Corporate,Finance,FP&A,Finance,IC2,HQ-BR-001,2019-06-10,2019-06-25,2019-06-28,Filled,REC0004,2019-10-11
REQ0000881,POS0000882,BR,Retail,Sales,Key Accounts,Sales,IC2,STORE-BR-019,2019-06-02,2019-06-03,2019-06-09,Filled,REC0002,2019-10-07
REQ0000882,POS0000883,BR,Retail,Store Operations,Store Management,Store Operations,IC4,STORE-BR-005,2019-07-04,2019-07-08,2019-07-19,Filled,REC0004,2019-10-04
REQ0000883,POS0000884,AR,Supply Chain,Procurement,Supplier Management,Procurement,IC1,DC-AR-001,2019-08-08,2019-08-12,2019-08-15,Filled,REC0004,2019-10-02
REQ0000884,POS0000885,BR,Retail,Visual Merchandising,Merchandising,Store Operations,IC1,STORE-BR-020,2019-09-13,2019-09-17,2019-09-21,Filled,REC0004,2019-10-14
REQ0000885,POS0000886,BR,Customer,Customer Experience,Voice of Customer,Design,IC1,SITE-BR-002,2019-09-04,2019-09-11,2019-09-14,Filled,REC0001,2019-10-07
REQ0000886,POS0000887,BR,Customer,Customer Experience,Voice of Customer,Customer Support,IC1,SITE-BR-002,2019-08-03,2019-08-04,2019-08-11,Filled,REC0002,2019-10-01
REQ0000887,POS0000888,BR,Customer,Customer Service,Chat,Customer Support,IC1,SITE-BR-002,2019-08-10,2019-08-17,2019-08-21,Filled,REC0005,2019-10-02
REQ0000888,POS0000889,BR,Retail,Store Operations,Security,Store Operations,IC2,STORE-BR-019,2019-07-01,2019-07-19,2019-07-30,Filled,REC0001,2019-10-11
REQ0000889,POS0000890,BR,Retail,Sales,Key Accounts,Sales,IC1,STORE-BR-009,2019-07-24,2019-08-02,2019-08-09,Filled,REC0003,2019-10-06
REQ0000890,POS0000891,CO,Retail,Store Operations,Stockroom,Store Operations,IC1,STORE-CO-004,2019-08-18,2019-08-26,2019-08-26,Filled,REC0005,2019-10-14
REQ0000891,POS0000892,AR,Retail,Sales,Key Accounts,Sales,IC1,STORE-AR-006,2019-08-01,2019-08-09,2019-08-17,Filled,REC0005,2019-10-02
REQ0000892,POS0000893,BR,Retail,Sales,Floor Sales,Sales,IC1,STORE-BR-003,2019-08-29,2019-09-09,2019-09-12,Cancelled,REC0003,
REQ0000893,POS0000894,BR,Corporate,Legal,Corporate Legal,Legal,IC4,HQ-BR-001,2019-05-08,2019-05-24,2019-05-24,Cancelled,REC0004,
REQ0000894,POS0000895,BR,Retail,Regional Operations,Region Southeast,Store Operations,IC1,STORE-BR-013,2019-08-13,2019-08-15,2019-08-18,Cancelled,REC0005,
REQ0000895,POS0000896,AR,Retail,Regional Operations,Region Southeast,General Management,IC2,STORE-AR-006,2019-07-14,2019-07-29,2019-08-04,Cancelled,REC0002,
REQ0000896,POS0000897,BR,Customer,Customer Service,Chat,Customer Support,IC3,SITE-BR-002,2019-08-14,2019-09-03,2019-09-03,Filled,REC0005,2019-11-05
REQ0000897,POS0000898,BR,Digital,Engineering,Frontend,Software Engineering,M2,HQ-BR-001,2019-04-30,2019-05-18,2019-06-07,Filled,REC0001,2019-11-06
REQ0000898,POS0000899,BR,Corporate,Legal,Corporate Legal,Legal,IC2,HQ-BR-001,2019-07-31,2019-08-06,2019-08-16,Filled,REC0001,2019-11-02
REQ0000899,POS0000900,BR,Customer,Customer Operations,Returns,Logistics,IC5,SITE-BR-004,2019-08-04,2019-08-08,2019-08-19,Filled,REC0002,2019-11-11
REQ0000900,POS0000901,BR,Customer,Customer Service,Contact Center,Customer Support,IC2,SITE-BR-003,2019-07-14,2019-07-29,2019-08-11,Filled,REC0001,2019-11-10
REQ0000901,POS0000902,BR,Retail,Regional Operations,Region North,Store Operations,IC1,STORE-BR-039,2019-10-12,2019-10-14,2019-10-16,Filled,REC0005,2019-11-14
REQ0000902,POS0000903,BR,Corporate,Procurement,Contracts,Procurement,IC4,HQ-BR-001,2019-06-01,2019-06-02,2019-06-02,Filled,REC0005,2019-11-14
REQ0000903,POS0000904,BR,Supply Chain,Planning,Supply Planning,Logistics,M1,DC-BR-006,2019-04-27,2019-05-07,2019-05-17,Filled,REC0001,2019-11-02
REQ0000904,POS0000905,BR,Retail,Visual Merchandising,Store Design,Design,IC2,STORE-BR-001,2019-07-24,2019-07-30,2019-08-08,Filled,REC0003,2019-11-10
REQ0000905,POS0000906,BR,Retail,Sales,Floor Sales,Sales,IC2,STORE-BR-028,2019-07-26,2019-08-02,2019-08-04,Filled,REC0005,2019-11-09
REQ0000906,POS0000907,BR,Supply Chain,Logistics,Reverse Logistics,Logistics,IC3,DC-BR-005,2019-08-06,2019-08-18,2019-08-19,Filled,REC0004,2019-11-02
REQ0000907,POS0000908,BR,Retail,Regional Operations,Region South,General Management,M2,STORE-BR-038,2019-08-14,2019-08-23,2019-09-12,Filled,REC0003,2019-11-06
REQ0000908,POS0000909,BR,Customer,Customer Operations,Order Support,Logistics,IC3,SITE-BR-002,2019-07-24,2019-07-30,2019-07-30,Filled,REC0004,2019-11-06
REQ0000909,POS0000910,BR,Customer,Customer Experience,CX Design,Design,IC1,SITE-BR-001,2019-09-18,2019-09-29,2019-10-02,Filled,REC0001,2019-11-09
REQ0000910,POS0000911,BR,Corporate,Risk,Fraud,Risk & Compliance,IC5,HQ-BR-001,2019-05-17,2019-05-25,2019-06-13,Filled,REC0002,2019-11-05
REQ0000911,POS0000912,BR,Corporate,Marketing,CRM,Marketing,IC1,HQ-BR-001,2019-10-04,2019-10-06,2019-10-06,Filled,REC0004,2019-11-05
REQ0000912,POS0000913,BR,Retail,Sales,Key Accounts,Sales,IC1,STORE-BR-026,2019-09-16,2019-09-28,2019-10-04,Filled,REC0005,2019-11-02
REQ0000913,POS0000914,BR,Retail,Visual Merchandising,Merchandising,Design,IC1,STORE-BR-025,2019-08-24,2019-08-30,2019-09-07,Filled,REC0003,2019-11-09
REQ0000914,POS0000915,BR,Corporate,People,People Analytics,People,IC4,HQ-BR-001,2019-06-02,2019-06-07,2019-06-07,Filled,REC0001,2019-11-13
REQ0000915,POS0000916,BR,Retail,Visual Merchandising,Merchandising,Design,IC1,STORE-BR-025,2019-09-16,2019-09-20,2019-09-20,Filled,REC0003,2019-11-11
REQ0000916,POS0000917,BR,Retail,Visual Merchandising,Merchandising,Store Operations,IC2,STORE-BR-027,2019-08-23,2019-09-11,2019-09-22,Filled,REC0002,2019-11-14
REQ0000917,POS0000918,BR,Digital,Data,Data Science,Data,IC3,HQ-BR-001,2019-07-15,2019-07-24,2019-08-07,Filled,REC0001,2019-11-06
REQ0000918,POS0000919,BR,Corporate,Data & Analytics,Data Governance,Data,IC3,HQ-BR-001,2019-08-09,2019-08-11,2019-08-25,Filled,REC0004,2019-11-12
REQ0000919,POS0000920,AR,Customer,Customer Experience,CX Design,Design,IC1,SITE-AR-001,2019-09-30,2019-10-12,2019-10-14,Filled,REC0004,2019-11-06
REQ0000920,POS0000921,BR,Retail,Sales,Key Accounts,Sales,IC1,STORE-BR-037,2019-08-23,2019-08-30,2019-09-02,Filled,REC0001,2019-11-08
REQ0000921,POS0000922,CO,Retail,Sales,Key Accounts,Sales,IC1,STORE-CO-005,2019-10-03,2019-10-07,2019-10-08,Filled,REC0002,2019-11-14
REQ0000922,POS0000923,BR,Corporate,Strategy,Corporate Strategy,Strategy,IC2,HQ-BR-001,2019-08-29,2019-09-04,2019-09-05,Filled,REC0005,2019-11-14
REQ0000923,POS0000924,AR,Retail,Visual Merchandising,Merchandising,Design,IC1,STORE-AR-002,2019-09-30,2019-10-07,2019-10-14,Filled,REC0003,2019-11-10
REQ0000924,POS0000925,BR,Retail,Store Operations,Stockroom,Store Operations,IC2,STORE-BR-017,2019-07-19,2019-08-05,2019-08-19,Filled,REC0004,2019-11-10
REQ0000925,POS0000926,AR,Retail,Store Operations,Store Management,Store Operations,IC4,STORE-AR-009,2019-05-29,2019-06-12,2019-06-26,Filled,REC0005,2019-11-09
REQ0000926,POS0000927,BR,Retail,Store Operations,Store Management,Store Operations,IC1,STORE-BR-041,2019-10-10,2019-10-15,2019-10-19,Filled,REC0001,2019-11-11
REQ0000927,POS0000928,BR,Retail,Store Operations,Store Management,Store Operations,IC1,STORE-BR-036,2019-09-24,2019-09-28,2019-09-30,Filled,REC0001,2019-11-10
REQ0000928,POS0000929,AR,Retail,Regional Operations,Region North,Store Operations,IC1,STORE-AR-008,2019-09-24,2019-10-04,2019-10-05,Filled,REC0003,2019-11-14
REQ0000929,POS0000930,BR,Retail,Store Operations,Store Management,Store Operations,IC1,STORE-BR-002,2019-09-25,2019-10-04,2019-10-06,Filled,REC0004,2019-11-11
REQ0000930,POS0000931,BR,Retail,Sales,Key Accounts,Sales,IC2,STORE-BR-038,2019-07-15,2019-08-05,2019-08-18,Filled,REC0001,2019-11-06
REQ0000931,POS0000932,BR,Supply Chain,Logistics,Reverse Logistics,Logistics,IC1,DC-BR-002,2019-09-13,2019-09-22,2019-09-22,Filled,REC0004,2019-11-04
REQ0000932,POS0000933,BR,Retail,Visual Merchandising,Merchandising,Design,IC1,STORE-BR-020,2019-09-01,2019-09-10,2019-09-17,Filled,REC0004,2019-11-13
REQ0000933,POS0000934,BR,Corporate,Risk,Internal Audit,Risk & Compliance,IC3,HQ-BR-001,2019-06-29,2019-07-16,2019-07-25,Filled,REC0003,2019-11-04
REQ0000934,POS0000935,BR,Retail,Visual Merchandising,Merchandising,Design,IC1,STORE-BR-013,2019-09-23,2019-09-26,2019-10-01,Filled,REC0002,2019-11-07
REQ0000935,POS0000936,BR,Retail,Sales,Floor Sales,Sales,IC1,STORE-BR-017,2019-09-09,2019-09-15,2019-09-21,Filled,REC0002,2019-11-09
REQ0000936,POS0000937,BR,Digital,E-commerce,Checkout,Software Engineering,IC3,HQ-BR-001,2019-08-19,2019-09-07,2019-09-20,Filled,REC0005,2019-11-03
REQ0000937,POS0000938,AR,Retail,Regional Operations,Region South,Store Operations,IC2,STORE-AR-001,2019-08-21,2019-08-26,2019-09-05,Filled,REC0002,2019-11-01
REQ0000938,POS0000939,AR,Supply Chain,Distribution Centers,Inventory,Warehouse,IC1,DC-AR-001,2019-08-30,2019-09-04,2019-09-12,Filled,REC0002,2019-11-12
REQ0000939,POS0000940,BR,Retail,Store Operations,Stockroom,Store Operations,IC1,STORE-BR-032,2019-09-14,2019-09-15,2019-09-18,Filled,REC0003,2019-11-06
REQ0000940,POS0000941,BR,Retail,Sales,Key Accounts,Sales,IC1,STORE-BR-005,2019-09-14,2019-09-16,2019-09-16,Filled,REC0002,2019-11-05
REQ0000941,POS0000942,AR,Customer,Customer Operations,Order Support,Logistics,IC2,SITE-AR-001,2019-07-03,2019-07-23,2019-07-31,Filled,REC0004,2019-11-07
REQ0000942,POS0000943,BR,Retail,Store Operations,Store Management,Store Operations,IC2,STORE-BR-015,2019-06-20,2019-07-08,2019-07-18,Filled,REC0005,2019-11-10
REQ0000943,POS0000944,BR,Retail,Sales,Key Accounts,Sales,IC1,STORE-BR-008,2019-09-04,2019-09-15,2019-09-17,Filled,REC0001,2019-11-10
REQ0000944,POS0000945,BR,Customer,Customer Service,Chat,Customer Support,IC1,SITE-BR-004,2019-09-27,2019-09-29,2019-10-03,Filled,REC0001,2019-11-05
REQ0000945,POS0000946,BR,Retail,Regional Operations,Region South,General Management,IC1,STORE-BR-037,2019-09-23,2019-09-30,2019-10-07,Filled,REC0001,2019-11-13
REQ0000946,POS0000947,BR,Supply Chain,Procurement,Supplier Management,Procurement,IC2,DC-BR-002,2019-07-29,2019-07-31,2019-08-12,Filled,REC0001,2019-11-02
REQ0000947,POS0000948,BR,Supply Chain,Planning,Supply Planning,Data,IC2,DC-BR-002,2019-08-04,2019-08-13,2019-08-21,Filled,REC0005,2019-11-06
REQ0000948,POS0000949,BR,Retail,Regional Operations,Region North,Store Operations,IC2,STORE-BR-008,2019-07-26,2019-08-03,2019-08-16,Filled,REC0004,2019-11-14
REQ0000949,POS0000950,BR,Corporate,Finance,Controlling,Finance,IC4,HQ-BR-001,2019-05-23,2019-06-19,2019-06-22,Filled,REC0004,2019-11-11
REQ0000950,POS0000951,BR,Retail,Store Operations,Cashier,Store Operations,IC1,STORE-BR-042,2019-10-04,2019-10-14,2019-10-14,Filled,REC0002,2019-11-05
REQ0000951,POS0000952,MX,Customer,Customer Service,Chat,Customer Support,IC1,SITE-MX-001,2019-08-31,2019-09-03,2019-09-11,Filled,REC0001,2019-11-03
REQ0000952,POS0000953,CL,Customer,Customer Experience,Voice of Customer,Design,IC1,SITE-CL-001,2019-09-15,2019-09-17,2019-09-24,Filled,REC0003,2019-11-05
REQ0000953,POS0000954,BR,Retail,Sales,Key Accounts,Sales,IC2,STORE-BR-024,2019-08-04,2019-08-19,2019-08-30,Filled,REC0001,2019-11-02
REQ0000954,POS0000955,BR,Retail,Regional Operations,Region Southeast,Store Operations,IC2,STORE-BR-033,2019-07-15,2019-07-21,2019-07-31,Filled,REC0005,2019-11-11
REQ0000955,POS0000956,BR,Customer,Customer Service,Contact Center,Customer Support,IC1,SITE-BR-002,2019-09-05,2019-09-13,2019-09-16,Filled,REC0002,2019-11-03
REQ0000956,POS0000957,BR,Supply Chain,Distribution Centers,Inbound,Warehouse,IC2,DC-BR-002,2019-09-15,2019-10-05,2019-10-13,Filled,REC0002,2019-11-10
REQ0000957,POS0000958,AR,Customer,Customer Experience,Voice of Customer,Customer Support,IC1,SITE-AR-001,2019-09-07,2019-09-17,2019-09-19,Filled,REC0001,2019-11-04
REQ0000958,POS0000959,BR,Supply Chain,Procurement,Sourcing,Procurement,IC1,DC-BR-004,2019-08-28,2019-09-01,2019-09-03,Filled,REC0002,2019-11-08
REQ0000959,POS0000960,BR,Retail,Regional Operations,Region North,Store Operations,IC1,STORE-BR-018,2019-09-13,2019-09-17,2019-09-22,Filled,REC0005,2019-11-06
REQ0000960,POS0000961,BR,Retail,Sales,Key Accounts,Sales,IC1,STORE-BR-030,2019-08-20,2019-08-26,2019-09-02,Filled,REC0004,2019-11-03
REQ0000961,POS0000962,BR,Retail,Store Operations,Cashier,Store Operations,M1,STORE-BR-005,2019-05-05,2019-05-25,2019-06-02,Filled,REC0003,2019-11-04
REQ0000962,POS0000963,BR,Digital,E-commerce,Checkout,Product Management,IC3,HQ-BR-001,2019-07-21,2019-07-23,2019-08-02,Filled,REC0001,2019-11-11
REQ0000963,POS0000964,BR,Supply Chain,Planning,Demand Planning,Data,IC2,DC-BR-006,2019-08-25,2019-08-26,2019-09-07,Filled,REC0001,2019-11-09
REQ0000964,POS0000965,AR,Retail,Store Operations,Stockroom,Store Operations,IC1,STORE-AR-010,2019-09-08,2019-09-12,2019-09-14,Filled,REC0003,2019-11-03
REQ0000965,POS0000966,BR,Corporate,Marketing,Brand,Marketing,IC3,HQ-BR-001,2019-08-08,2019-08-27,2019-08-29,Filled,REC0003,2019-11-03
REQ0000966,POS0000967,BR,Retail,Regional Operations,Region Southeast,General Management,IC1,STORE-BR-040,2019-09-22,2019-10-02,2019-10-05,Filled,REC0003,2019-11-08
REQ0000967,POS0000968,BR,Supply Chain,Procurement,Sourcing,Procurement,IC3,DC-BR-002,2019-07-15,2019-08-04,2019-08-05,Filled,REC0004,2019-11-11
REQ0000968,POS0000969,BR,Retail,Visual Merchandising,Store Design,Store Operations,IC1,STORE-BR-022,2019-08-19,2019-08-28,2019-08-30,Filled,REC0001,2019-11-06
REQ0000969,POS0000970,BR,Retail,Sales,Key Accounts,Sales,IC2,STORE-BR-008,2019-09-04,2019-09-08,2019-09-16,Filled,REC0005,2019-11-07
REQ0000970,POS0000971,BR,Retail,Sales,Key Accounts,Sales,IC1,STORE-BR-024,2019-08-17,2019-08-26,2019-09-03,Filled,REC0003,2019-11-09
REQ0000971,POS0000972,BR,Supply Chain,Logistics,Last Mile,Logistics,M1,DC-BR-001,2019-04-20,2019-04-29,2019-05-11,Filled,REC0005,2019-11-03
REQ0000972,POS0000973,BR,Retail,Visual Merchandising,Store Design,Design,IC2,STORE-BR-008,2019-05-14,2019-06-02,2019-06-16,Filled,REC0005,2019-11-06
REQ0000973,POS0000974,CO,Retail,Store Operations,Stockroom,Store Operations,IC1,STORE-CO-008,2019-09-17,2019-09-21,2019-09-28,Filled,REC0002,2019-11-05
REQ0000974,POS0000975,BR,Retail,Regional Operations,Region North,Store Operations,IC1,STORE-BR-018,2019-09-20,2019-09-26,2019-10-04,Cancelled,REC0004,
REQ0000975,POS0000976,BR,Retail,Sales,Key Accounts,Sales,IC4,STORE-BR-011,2019-06-08,2019-06-16,2019-06-25,Cancelled,REC0001,
REQ0000976,POS0000977,BR,Supply Chain,Procurement,Sourcing,Procurement,IC1,DC-BR-004,2019-09-09,2019-09-19,2019-09-20,Cancelled,REC0005,
REQ0000977,POS0000978,BR,Corporate,Legal,Compliance,Legal,IC4,HQ-BR-001,2019-06-16,2019-07-06,2019-07-13,Cancelled,REC0005,
REQ0000978,POS0000979,BR,Retail,Sales,Key Accounts,Sales,IC1,STORE-BR-019,2019-08-26,2019-09-04,2019-09-09,Cancelled,REC0002,
REQ0000979,POS0000980,BR,Corporate,Risk,Fraud,Risk & Compliance,IC1,HQ-BR-001,2019-10-04,2019-10-07,2019-10-13,Cancelled,REC0004,
REQ0000980,POS0000981,BR,Corporate,Data & Analytics,Data Governance,Data,IC3,HQ-BR-001,2019-08-01,2019-08-03,2019-08-13,Cancelled,REC0005,
REQ0000981,POS0000982,BR,Retail,Store Operations,Cashier,Store Operations,IC1,STORE-BR-001,2019-09-03,2019-09-10,2019-09-17,Cancelled,REC0003,
REQ0000982,POS0000983,BR,Digital,E-commerce,Checkout,Product Management,IC1,HQ-BR-001,2019-08-25,2019-09-04,2019-09-05,Cancelled,REC0005,
REQ0000983,POS0000984,BR,Retail,Sales,Key Accounts,Sales,IC1,STORE-BR-026,2019-09-18,2019-09-26,2019-10-03,Cancelled,REC0002,
REQ0000984,POS0000985,BR,Retail,Store Operations,Cashier,Store Operations,IC1,STORE-BR-034,2019-09-04,2019-09-07,2019-09-13,Cancelled,REC0004,
REQ0000985,POS0000986,BR,Retail,Store Operations,Security,Store Operations,IC3,STORE-BR-014,2019-09-04,2019-09-05,2019-09-06,Cancelled,REC0005,
REQ0000986,POS0000987,BR,Customer,Customer Service,Contact Center,Customer Support,IC2,SITE-BR-002,2019-09-11,2019-09-14,2019-09-27,Filled,REC0002,2019-12-11
REQ0000987,POS0000988,BR,Retail,Regional Operations,Region North,Store Operations,IC1,STORE-BR-021,2019-10-10,2019-10-16,2019-10-18,Filled,REC0004,2019-12-08
REQ0000988,POS0000989,CO,Customer,Customer Experience,Voice of Customer,Customer Support,IC1,SITE-CO-001,2019-09-24,2019-10-04,2019-10-11,Filled,REC0004,2019-12-01
REQ0000989,POS0000990,BR,Customer,Customer Operations,Order Support,Customer Support,IC1,SITE-BR-001,2019-10-30,2019-11-05,2019-11-09,Filled,REC0002,2019-12-13
REQ0000990,POS0000991,BR,Retail,Regional Operations,Region South,General Management,IC1,STORE-BR-009,2019-10-08,2019-10-12,2019-10-20,Filled,REC0004,2019-12-02
REQ0000991,POS0000992,BR,Customer,Customer Experience,CX Design,Design,IC3,SITE-BR-003,2019-08-20,2019-08-21,2019-08-31,Filled,REC0001,2019-12-10
REQ0000992,POS0000993,BR,Corporate,Procurement,Indirect Procurement,Procurement,IC1,HQ-BR-001,2019-10-05,2019-10-06,2019-10-07,Filled,REC0003,2019-12-05
REQ0000993,POS0000994,BR,Retail,Sales,Key Accounts,Sales,IC1,STORE-BR-041,2019-09-30,2019-10-06,2019-10-11,Filled,REC0005,2019-12-07
REQ0000994,POS0000995,BR,Retail,Regional Operations,Region North,General Management,IC1,STORE-BR-023,2019-11-01,2019-11-03,2019-11-05,Filled,REC0005,2019-12-08
REQ0000995,POS0000996,BR,Retail,Sales,Key Accounts,Sales,IC1,STORE-BR-015,2019-10-19,2019-10-26,2019-10-29,Filled,REC0002,2019-12-09
REQ0000996,POS0000997,BR,Retail,Sales,Floor Sales,Sales,IC3,STORE-BR-020,2019-07-31,2019-08-15,2019-08-20,Filled,REC0005,2019-12-06
REQ0000997,POS0000998,BR,Retail,Visual Merchandising,Merchandising,Store Operations,IC2,STORE-BR-023,2019-08-20,2019-08-31,2019-09-09,Filled,REC0002,2019-12-14
REQ0000998,POS0000999,BR,Customer,Customer Experience,CX Design,Customer Support,IC1,SITE-BR-002,2019-11-11,2019-11-14,2019-11-14,Filled,REC0004,2019-12-12
REQ0000999,POS0001000,BR,Customer,Customer Operations,Order Support,Customer Support,IC1,SITE-BR-001,2019-10-25,2019-10-29,2019-11-03,Filled,REC0002,2019-12-10
REQ0001000,POS0001001,BR,Digital,Data,Data Science,Data,IC3,HQ-BR-001,2019-08-05,2019-08-10,2019-08-15,Filled,REC0003,2019-12-04
