termination_id,employee_id,termination_date,termination_type,termination_reason,voluntary_flag,regrettable_flag,department,business_unit,sub_department,job_family,job_level,manager_id,tenure_months,country,segment
TERM0000099,99,2016-01-23,Retirement,Retirement,true,false,Store Operations,Retail,Security,Store Operations,M1,65,4,BR,retail_ops
TERM0000157,157,2016-01-21,Performance,Performance,false,false,Sales,Retail,Key Accounts,Sales,IC1,7,15,BR,retail_ops
TERM0000180,180,2016-01-26,Layoff,Layoff,false,false,Sales,Retail,Key Accounts,Sales,IC1,24,52,BR,retail_ops
TERM0000184,184,2016-01-18,Layoff,Layoff,false,false,Store Operations,Retail,Cashier,Store Operations,IC2,136,10,BR,retail_ops
TERM0000284,284,2016-01-16,Other,Other,false,false,Sales,Retail,Floor Sales,Sales,IC1,326,1,BR,retail_ops
TERM0000334,334,2016-01-21,Redundancy,Redundancy,false,false,Regional Operations,Retail,Region Southeast,General Management,IC2,34,19,BR,retail_ops
TERM0000353,353,2016-01-26,Redundancy,Redundancy,false,true,Store Operations,Retail,Stockroom,Store Operations,IC1,375,8,AR,retail_ops
TERM0000058,58,2016-01-17,Resignation,Resignation,true,false,Digital Marketing,Digital,SEO,Marketing,IC2,168,4,BR,digital
TERM0000067,67,2016-01-27,Resignation,Resignation,true,false,UX,Digital,Design System,Design,IC5,70,33,BR,digital
TERM0000164,164,2016-01-28,Resignation,Resignation,true,false,Product,Digital,Product Ops,Product Management,IC1,116,26,BR,digital
TERM0000112,112,2016-02-23,Retirement,Retirement,true,false,Visual Merchandising,Retail,Merchandising,Design,IC2,273,23,BR,retail_ops
TERM0000219,219,2016-02-24,Retirement,Retirement,true,false,Store Operations,Retail,Store Management,Store Operations,M1,65,14,BR,retail_ops
TERM0000311,311,2016-02-17,Retirement,Retirement,true,false,Store Operations,Retail,Cashier,Store Operations,IC1,280,11,BR,retail_ops
TERM0000376,376,2016-02-24,Resignation,Resignation,true,false,Sales,Retail,Key Accounts,Sales,IC1,379,3,AR,retail_ops
TERM0000222,222,2016-02-18,Resignation,Resignation,true,true,Logistics,Supply Chain,Reverse Logistics,Logistics,IC1,19,5,BR,supply
TERM0000304,304,2016-02-19,Retirement,Retirement,true,false,Procurement,Supply Chain,Sourcing,Procurement,IC2,319,22,BR,supply
TERM0000350,350,2016-02-22,Retirement,Retirement,true,false,Planning,Supply Chain,Supply Planning,Data,IC1,344,18,AR,supply
TERM0000035,35,2016-03-19,Resignation,Resignation,true,true,Regional Operations,Retail,Region Southeast,Store Operations,IC2,34,34,BR,retail_ops
TERM0000041,41,2016-03-19,Retirement,Retirement,true,false,Visual Merchandising,Retail,Merchandising,Store Operations,IC1,71,19,BR,retail_ops
TERM0000052,52,2016-03-24,Retirement,Retirement,true,true,Visual Merchandising,Retail,Merchandising,Store Operations,IC1,108,17,BR,retail_ops
TERM0000190,190,2016-03-21,Redundancy,Redundancy,false,false,Store Operations,Retail,Cashier,Store Operations,IC2,136,3,BR,retail_ops
TERM0000211,211,2016-03-26,Layoff,Layoff,false,false,Regional Operations,Retail,Region Southeast,Store Operations,IC1,251,90,BR,retail_ops
TERM0000039,39,2016-03-18,Performance,Performance,false,false,Customer Service,Customer,Chat,Customer Support,IC1,4,22,BR,customer
TERM0000266,266,2016-03-19,Other,Other,false,false,Customer Operations,Customer,Returns,Logistics,IC1,165,4,BR,customer
TERM0000234,234,2016-03-19,Resignation,Resignation,true,false,Engineering,Digital,Backend,Software Engineering,IC3,86,4,BR,digital
TERM0000147,147,2016-03-23,Retirement,Retirement,true,false,Legal,Corporate,Corporate Legal,Legal,IC2,119,7,BR,corporate
TERM0000237,237,2016-04-24,EndOfContract,EndOfContract,false,false,Sales,Retail,Floor Sales,Sales,IC1,139,31,BR,retail_ops
TERM0000247,247,2016-04-19,Retirement,Retirement,true,false,Visual Merchandising,Retail,Store Design,Store Operations,IC1,71,46,BR,retail_ops
TERM0000300,300,2016-04-24,Resignation,Resignation,true,true,Regional Operations,Retail,Region Southeast,General Management,IC1,12,12,BR,retail_ops
TERM0000359,359,2016-04-18,Retirement,Retirement,true,false,Customer Service,Customer,Contact Center,Customer Support,IC1,389,20,AR,customer
TERM0000267,267,2016-04-20,Retirement,Retirement,true,false,Distribution Centers,Supply Chain,Inventory,Warehouse,M1,303,3,BR,supply
TERM0000356,356,2016-04-28,Retirement,Retirement,true,false,Logistics,Supply Chain,Last Mile,Logistics,IC2,339,46,AR,supply
TERM0000236,236,2016-04-16,Retirement,Retirement,true,false,Risk,Corporate,Risk Management,Risk & Compliance,IC1,248,18,BR,corporate
TERM0000306,306,2016-05-16,Layoff,Layoff,false,true,Store Operations,Retail,Security,Store Operations,IC1,77,21,BR,retail_ops
TERM0000402,402,2016-05-18,Resignation,Resignation,true,false,Store Operations,Retail,Stockroom,Store Operations,IC1,375,2,AR,retail_ops
TERM0000040,40,2016-05-25,EndOfContract,EndOfContract,false,false,Customer Operations,Customer,Returns,Logistics,IC1,288,15,BR,customer
TERM0000178,178,2016-05-25,Retirement,Retirement,true,false,UX,Digital,Product Design,Design,IC4,177,21,BR,digital
TERM0000161,161,2016-06-27,Resignation,Resignation,true,true,Sales,Retail,Floor Sales,Sales,IC2,144,6,BR,retail_ops
TERM0000235,235,2016-06-18,Redundancy,Redundancy,false,false,Visual Merchandising,Retail,Merchandising,Design,IC1,11,9,BR,retail_ops
TERM0000299,299,2016-06-22,Resignation,Resignation,true,false,Visual Merchandising,Retail,Store Design,Store Operations,IC1,223,15,BR,retail_ops
TERM0000351,351,2016-06-28,Resignation,Resignation,true,true,Regional Operations,Retail,Region Southeast,Store Operations,IC3,343,20,AR,retail_ops
TERM0000385,385,2016-06-20,Layoff,Layoff,false,false,Store Operations,Retail,Store Management,Store Operations,IC2,136,5,BR,retail_ops
TERM0000051,51,2016-06-22,Retirement,Retirement,true,false,Customer Service,Customer,Chat,Customer Support,IC1,53,5,BR,customer
TERM0000240,240,2016-07-16,Redundancy,Redundancy,false,false,Visual Merchandising,Retail,Store Design,Design,IC1,32,81,BR,retail_ops
TERM0000394,394,2016-07-24,EndOfContract,EndOfContract,false,false,Regional Operations,Retail,Region Southeast,Store Operations,IC1,111,5,BR,retail_ops
TERM0000291,291,2016-07-28,Other,Other,false,false,Customer Operations,Customer,Returns,Logistics,IC1,288,23,BR,customer
TERM0000371,371,2016-07-18,EndOfContract,EndOfContract,false,false,Customer Operations,Customer,Returns,Logistics,IC1,357,59,AR,customer
TERM0000259,259,2016-07-23,EndOfContract,EndOfContract,false,false,Logistics,Supply Chain,Transportation,Logistics,IC1,38,17,BR,supply
TERM0000314,314,2016-07-27,Resignation,Resignation,true,true,Data,Digital,Data Engineering,Data,IC5,70,46,BR,digital
TERM0000122,122,2016-08-27,Resignation,Resignation,true,false,Regional Operations,Retail,Region South,General Management,IC1,174,22,BR,retail_ops
TERM0000136,136,2016-08-21,Layoff,Layoff,false,false,Store Operations,Retail,Security,Store Operations,IC3,141,27,BR,retail_ops
TERM0000361,361,2016-08-20,Other,Other,false,false,Regional Operations,Retail,Region Southeast,General Management,IC1,389,8,AR,retail_ops
TERM0000388,388,2016-08-22,Retirement,Retirement,true,false,Store Operations,Retail,Cashier,Store Operations,IC1,313,7,BR,retail_ops
TERM0000389,389,2016-08-21,EndOfContract,EndOfContract,false,false,Regional Operations,Retail,Region North,General Management,IC2,336,7,AR,retail_ops
TERM0000409,409,2016-08-25,Retirement,Retirement,true,false,Sales,Retail,Floor Sales,Sales,IC1,396,5,AR,retail_ops
TERM0000421,421,2016-08-19,Redundancy,Redundancy,false,true,Store Operations,Retail,Store Management,Store Operations,IC1,221,4,BR,retail_ops
TERM0000002,2,2016-08-19,Retirement,Retirement,true,false,Customer Experience,Customer,Voice of Customer,Customer Support,IC3,194,30,BR,customer
TERM0000329,329,2016-08-27,Retirement,Retirement,true,false,Customer Experience,Customer,CX Design,Customer Support,IC2,194,48,BR,customer
TERM0000125,125,2016-08-23,Retirement,Retirement,true,false,Planning,Supply Chain,Demand Planning,Data,IC2,9,29,BR,supply
TERM0000338,338,2016-08-26,Retirement,Retirement,true,false,Planning,Supply Chain,Demand Planning,Data,IC1,355,39,AR,supply
TERM0000348,348,2016-08-28,EndOfContract,EndOfContract,false,false,Logistics,Supply Chain,Last Mile,Logistics,IC2,339,34,AR,supply
TERM0000168,168,2016-08-18,Retirement,Retirement,true,false,Digital Marketing,Digital,Paid Media,Marketing,IC5,8,99,BR,digital
TERM0000111,111,2016-09-26,Other,Other,false,false,Regional Operations,Retail,Region North,Store Operations,IC2,34,36,BR,retail_ops
TERM0000226,226,2016-09-26,Retirement,Retirement,true,false,Regional Operations,Retail,Region Southeast,Store Operations,IC1,395,37,BR,retail_ops
TERM0000293,293,2016-09-28,Retirement,Retirement,true,false,Store Operations,Retail,Stockroom,Store Operations,IC1,189,22,BR,retail_ops
TERM0000397,397,2016-09-26,Retirement,Retirement,true,false,Sales,Retail,Floor Sales,Sales,IC1,24,7,BR,retail_ops
TERM0000432,432,2016-09-19,Layoff,Layoff,false,false,Store Operations,Retail,Cashier,Store Operations,IC1,375,3,AR,retail_ops
TERM0000387,387,2016-09-20,Retirement,Retirement,true,false,Engineering,Digital,Platform,Software Engineering,IC1,283,8,BR,digital
TERM0000124,124,2016-09-26,Retirement,Retirement,true,false,Marketing,Corporate,Performance,Marketing,IC1,60,17,BR,corporate
TERM0000025,25,2016-10-21,Resignation,Resignation,true,false,Visual Merchandising,Retail,Merchandising,Store Operations,IC1,11,20,BR,retail_ops
TERM0000198,198,2016-10-23,Resignation,Resignation,true,false,Regional Operations,Retail,Region South,General Management,IC1,239,9,BR,retail_ops
TERM0000213,213,2016-10-23,Resignation,Resignation,true,false,Regional Operations,Retail,Region North,General Management,IC1,270,16,BR,retail_ops
TERM0000239,239,2016-10-28,Retirement,Retirement,true,false,Regional Operations,Retail,Region Southeast,Store Operations,IC2,34,11,BR,retail_ops
TERM0000369,369,2016-10-26,Redundancy,Redundancy,false,true,Store Operations,Retail,Cashier,Store Operations,IC1,375,71,AR,retail_ops
TERM0000377,377,2016-10-17,Retirement,Retirement,true,false,Regional Operations,Retail,Region North,General Management,IC1,396,43,AR,retail_ops
TERM0000412,412,2016-10-23,Retirement,Retirement,true,false,Regional Operations,Retail,Region Southeast,Store Operations,IC1,146,7,BR,retail_ops
TERM0000446,446,2016-10-23,Performance,Performance,false,false,Sales,Retail,Floor Sales,Sales,IC1,42,3,BR,retail_ops
TERM0000257,257,2016-10-16,Other,Other,false,false,Planning,Supply Chain,Demand Planning,Logistics,M1,246,58,BR,supply
TERM0000437,437,2016-10-21,Redundancy,Redundancy,false,false,Strategy,Corporate,PMO,Strategy,IC2,218,4,BR,corporate
TERM0000056,56,2016-11-22,Resignation,Resignation,true,false,Regional Operations,Retail,Region North,General Management,IC2,472,131,BR,retail_ops
TERM0000185,185,2016-11-28,Retirement,Retirement,true,false,Visual Merchandising,Retail,Merchandising,Design,IC1,32,13,BR,retail_ops
TERM0000265,265,2016-11-20,EndOfContract,EndOfContract,false,false,Visual Merchandising,Retail,Merchandising,Store Operations,IC1,108,19,BR,retail_ops
TERM0000372,372,2016-11-27,Resignation,Resignation,true,true,Sales,Retail,Key Accounts,Sales,IC2,343,14,AR,retail_ops
TERM0000204,204,2016-11-28,Retirement,Retirement,true,false,Procurement,Supply Chain,Sourcing,Procurement,IC2,319,21,BR,supply
TERM0000053,53,2016-11-19,Retirement,Retirement,true,false,Customer Service,Customer,Contact Center,Customer Support,IC2,171,12,BR,customer
TERM0000332,332,2016-11-24,EndOfContract,EndOfContract,false,false,Customer Service,Customer,Escalations,Customer Support,IC1,4,14,BR,customer
TERM0000023,23,2016-12-28,Resignation,Resignation,true,false,Sales,Retail,Floor Sales,Sales,IC1,42,130,BR,retail_ops
TERM0000317,317,2016-12-20,Retirement,Retirement,true,false,Regional Operations,Retail,Region South,Store Operations,IC1,18,37,BR,retail_ops
TERM0000382,382,2016-12-20,Performance,Performance,false,false,Visual Merchandising,Retail,Merchandising,Store Operations,IC1,365,11,AR,retail_ops
TERM0000512,512,2016-12-23,Layoff,Layoff,false,false,Store Operations,Retail,Store Management,Store Operations,IC2,336,1,AR,retail_ops
TERM0000525,525,2016-12-24,Retirement,Retirement,true,false,Visual Merchandising,Retail,Store Design,Store Operations,IC1,502,1,BR,retail_ops
TERM0000364,364,2016-12-27,Retirement,Retirement,true,false,Logistics,Supply Chain,Transportation,Logistics,IC2,339,19,AR,supply
TERM0000114,114,2016-12-25,EndOfContract,EndOfContract,false,false,Customer Service,Customer,Contact Center,Customer Support,IC1,189,45,BR,customer
TERM0000005,5,2017-01-17,Resignation,Resignation,true,false,Regional Operations,Retail,Region North,Store Operations,IC2,34,20,BR,retail_ops
TERM0000044,44,2017-01-22,Resignation,Resignation,true,false,Regional Operations,Retail,Region North,General Management,IC1,12,21,BR,retail_ops
TERM0000289,289,2017-01-18,Redundancy,Redundancy,false,false,Visual Merchandising,Retail,Store Design,Store Operations,IC1,170,64,BR,retail_ops
TERM0000443,443,2017-01-28,Redundancy,Redundancy,false,false,Store Operations,Retail,Security,Store Operations,IC1,316,6,BR,retail_ops
TERM0000445,445,2017-01-20,Redundancy,Redundancy,false,true,Visual Merchandising,Retail,Store Design,Design,IC1,365,6,AR,retail_ops
TERM0000455,455,2017-01-25,Retirement,Retirement,true,false,Store Operations,Retail,Stockroom,Store Operations,IC1,313,5,BR,retail_ops
TERM0000462,462,2017-01-19,Resignation,Resignation,true,false,Store Operations,Retail,Security,Store Operations,IC2,336,5,AR,retail_ops
TERM0000487,487,2017-01-24,Other,Other,false,false,Sales,Retail,Key Accounts,Sales,IC1,391,3,BR,retail_ops
TERM0000019,19,2017-01-20,Layoff,Layoff,false,false,Logistics,Supply Chain,Reverse Logistics,Logistics,IC2,260,24,BR,supply
TERM0000271,271,2017-01-27,Resignation,Resignation,true,false,Planning,Supply Chain,Demand Planning,Logistics,IC1,305,18,BR,supply
TERM0000470,470,2017-01-20,EndOfContract,EndOfContract,false,false,Planning,Supply Chain,Demand Planning,Logistics,IC1,305,4,BR,supply
TERM0000103,103,2017-01-28,Layoff,Layoff,false,false,Customer Operations,Customer,Order Support,Logistics,IC1,165,15,BR,customer
TERM0000426,426,2017-01-22,Resignation,Resignation,true,false,Data & Analytics,Corporate,Data Governance,Data,IC3,92,8,BR,corporate
TERM0000007,7,2017-02-25,Resignation,Resignation,true,true,Sales,Retail,Key Accounts,Sales,IC2,144,18,BR,retail_ops
TERM0000037,37,2017-02-26,Redundancy,Redundancy,false,false,Visual Merchandising,Retail,Store Design,Design,IC1,32,33,BR,retail_ops
TERM0000108,108,2017-02-17,Resignation,Resignation,true,true,Visual Merchandising,Retail,Merchandising,Design,IC2,294,22,BR,retail_ops
TERM0000228,228,2017-02-17,Other,Other,false,false,Visual Merchandising,Retail,Merchandising,Design,IC1,223,22,BR,retail_ops
TERM0000459,459,2017-02-23,Resignation,Resignation,true,true,Sales,Retail,Floor Sales,Sales,IC2,144,6,BR,retail_ops
TERM0000472,472,2017-02-27,Resignation,Resignation,true,true,Regional Operations,Retail,Region South,General Management,IC3,208,5,BR,retail_ops
TERM0000340,340,2017-02-21,Retirement,Retirement,true,false,Planning,Supply Chain,Supply Planning,Data,IC1,373,28,AR,supply
TERM0000163,163,2017-02-26,Retirement,Retirement,true,false,Customer Operations,Customer,Returns,Logistics,IC1,165,47,BR,customer
TERM0000225,225,2017-02-16,Retirement,Retirement,true,false,Customer Experience,Customer,CX Design,Design,IC1,90,34,BR,customer
TERM0000231,231,2017-02-18,Other,Other,false,false,Customer Operations,Customer,Returns,Customer Support,IC1,288,17,BR,customer
TERM0000465,465,2017-02-28,Retirement,Retirement,true,false,Data,Digital,Data Engineering,Data,IC2,120,6,BR,digital
TERM0000054,54,2017-02-20,EndOfContract,EndOfContract,false,false,People,Corporate,Learning & Development,People,IC1,113,81,BR,corporate
TERM0000127,127,2017-03-17,Retirement,Retirement,true,false,Store Operations,Retail,Store Management,Store Operations,IC2,129,34,BR,retail_ops
TERM0000129,129,2017-03-17,Retirement,Retirement,true,true,Store Operations,Retail,Store Management,Store Operations,M1,65,15,BR,retail_ops
TERM0000145,145,2017-03-17,Resignation,Resignation,true,false,Visual Merchandising,Retail,Merchandising,Design,IC1,170,161,BR,retail_ops
TERM0000209,209,2017-03-22,Resignation,Resignation,true,true,Store Operations,Retail,Security,Store Operations,IC1,280,18,BR,retail_ops
TERM0000260,260,2017-03-17,Retirement,Retirement,true,false,Store Operations,Retail,Cashier,Store Operations,IC3,467,37,BR,retail_ops
TERM0000362,362,2017-03-22,Redundancy,Redundancy,false,false,Sales,Retail,Floor Sales,Sales,IC2,341,37,AR,retail_ops
TERM0000508,508,2017-03-24,Performance,Performance,false,false,Sales,Retail,Key Accounts,Sales,IC1,42,4,BR,retail_ops
TERM0000519,519,2017-03-22,Resignation,Resignation,true,true,Store Operations,Retail,Store Management,Store Operations,IC3,467,4,BR,retail_ops
TERM0000540,540,2017-03-25,Resignation,Resignation,true,true,Regional Operations,Retail,Region South,Store Operations,IC2,18,3,BR,retail_ops
TERM0000533,533,2017-03-18,Layoff,Layoff,false,false,Procurement,Supply Chain,Sourcing,Procurement,IC3,297,3,BR,supply
TERM0000413,413,2017-03-26,Retirement,Retirement,true,false,Customer Operations,Customer,Returns,Customer Support,IC2,252,12,BR,customer
TERM0000419,419,2017-03-17,Resignation,Resignation,true,false,Customer Operations,Customer,Order Support,Customer Support,IC1,288,11,BR,customer
TERM0000456,456,2017-03-20,Other,Other,false,false,Customer Operations,Customer,Order Support,Customer Support,IC1,428,7,BR,customer
TERM0000354,354,2017-04-24,Retirement,Retirement,true,false,Store Operations,Retail,Security,Store Operations,IC1,375,93,AR,retail_ops
TERM0000381,381,2017-04-26,Resignation,Resignation,true,false,Visual Merchandising,Retail,Merchandising,Design,IC1,238,15,BR,retail_ops
TERM0000415,415,2017-04-16,Resignation,Resignation,true,false,Regional Operations,Retail,Region Southeast,Store Operations,IC1,12,12,BR,retail_ops
TERM0000450,450,2017-04-21,Layoff,Layoff,false,true,Sales,Retail,Key Accounts,Sales,IC1,139,8,BR,retail_ops
TERM0000531,531,2017-04-17,Retirement,Retirement,true,false,Visual Merchandising,Retail,Store Design,Store Operations,IC1,522,5,BR,retail_ops
TERM0000004,4,2017-04-28,Resignation,Resignation,true,false,Customer Service,Customer,Contact Center,Customer Support,IC2,171,41,BR,customer
TERM0000154,154,2017-04-16,Other,Other,false,false,Customer Service,Customer,Contact Center,Customer Support,IC1,242,19,BR,customer
TERM0000410,410,2017-04-23,Performance,Performance,false,false,Customer Service,Customer,Contact Center,Customer Support,IC1,461,13,BR,customer
TERM0000097,97,2017-04-21,Resignation,Resignation,true,false,Engineering,Digital,Mobile,Software Engineering,IC1,214,40,BR,digital
TERM0000120,120,2017-04-19,Other,Other,false,false,Data,Digital,Data Engineering,Data,IC3,153,74,BR,digital
TERM0000325,325,2017-05-28,Retirement,Retirement,true,false,Regional Operations,Retail,Region Southeast,General Management,IC1,31,19,BR,retail_ops
TERM0000407,407,2017-05-19,Retirement,Retirement,true,false,Store Operations,Retail,Store Management,Store Operations,IC1,375,14,AR,retail_ops
TERM0000463,463,2017-05-23,Retirement,Retirement,true,false,Regional Operations,Retail,Region Southeast,Store Operations,IC1,506,9,AR,retail_ops
TERM0000492,492,2017-05-23,Retirement,Retirement,true,false,Visual Merchandising,Retail,Store Design,Store Operations,IC1,365,6,AR,retail_ops
TERM0000500,500,2017-05-27,Retirement,Retirement,true,false,Visual Merchandising,Retail,Store Design,Design,IC1,270,6,BR,retail_ops
TERM0000038,38,2017-05-26,EndOfContract,EndOfContract,false,false,Logistics,Supply Chain,Transportation,Logistics,IC2,162,32,BR,supply
TERM0000374,374,2017-05-22,Layoff,Layoff,false,false,Distribution Centers,Supply Chain,Inbound,Warehouse,IC1,357,33,AR,supply
TERM0000400,400,2017-05-23,Retirement,Retirement,true,false,Distribution Centers,Supply Chain,Inbound,Warehouse,IC1,48,15,BR,supply
TERM0000170,170,2017-05-20,Other,Other,false,false,Strategy,Corporate,Corporate Strategy,Strategy,IC2,162,22,BR,corporate
TERM0000202,202,2017-05-22,Retirement,Retirement,true,false,Data & Analytics,Corporate,Data Governance,Data,IC3,92,51,BR,corporate
TERM0000478,478,2017-05-24,Retirement,Retirement,true,false,Marketing,Corporate,Performance,Marketing,IC2,60,7,BR,corporate
TERM0000087,87,2017-05-27,Resignation,Resignation,true,false,Customer Experience,Customer,Voice of Customer,Design,IC1,90,33,BR,customer
TERM0000110,110,2017-06-23,Retirement,Retirement,true,false,Sales,Retail,Key Accounts,Sales,IC1,201,17,BR,retail_ops
TERM0000144,144,2017-06-17,Retirement,Retirement,true,false,Sales,Retail,Key Accounts,Sales,IC3,79,39,BR,retail_ops
TERM0000383,383,2017-06-20,Resignation,Resignation,true,true,Sales,Retail,Floor Sales,Sales,IC1,326,17,BR,retail_ops
TERM0000480,480,2017-06-25,Performance,Performance,false,false,Regional Operations,Retail,Region Southeast,Store Operations,IC1,395,8,BR,retail_ops
TERM0000104,104,2017-06-25,Retirement,Retirement,true,false,Customer Experience,Customer,CX Design,Design,IC1,90,29,BR,customer
TERM0000176,176,2017-06-26,Layoff,Layoff,false,false,Customer Experience,Customer,Voice of Customer,Customer Support,IC1,90,79,BR,customer
TERM0000527,527,2017-06-18,Retirement,Retirement,true,false,Customer Service,Customer,Escalations,Customer Support,M2,10,7,BR,customer
TERM0000370,370,2017-07-24,Layoff,Layoff,false,false,Regional Operations,Retail,Region South,General Management,IC1,379,23,AR,retail_ops
TERM0000418,418,2017-07-24,Redundancy,Redundancy,false,true,Store Operations,Retail,Stockroom,Store Operations,IC1,313,15,BR,retail_ops
TERM0000497,497,2017-07-19,Resignation,Resignation,true,true,Regional Operations,Retail,Region North,Store Operations,IC1,395,8,BR,retail_ops
TERM0000135,135,2017-07-21,Retirement,Retirement,true,false,Data,Digital,Analytics Engineering,Data,IC2,496,24,BR,digital
TERM0000513,513,2017-07-19,Resignation,Resignation,true,false,Data,Digital,Data Science,Data,IC1,496,8,BR,digital
TERM0000253,253,2017-07-23,Resignation,Resignation,true,false,Customer Service,Customer,Chat,Customer Support,IC1,189,24,BR,customer
TERM0000367,367,2017-07-17,Resignation,Resignation,true,true,Customer Service,Customer,Escalations,Customer Support,IC1,344,18,AR,customer
TERM0000068,68,2017-08-16,Retirement,Retirement,true,false,Store Operations,Retail,Stockroom,Store Operations,IC1,77,50,BR,retail_ops
TERM0000358,358,2017-08-17,Retirement,Retirement,true,false,Visual Merchandising,Retail,Store Design,Design,IC1,365,22,AR,retail_ops
TERM0000431,431,2017-08-21,Resignation,Resignation,true,false,Regional Operations,Retail,Region North,General Management,IC1,379,14,AR,retail_ops
TERM0000442,442,2017-08-27,Layoff,Layoff,false,false,Sales,Retail,Key Accounts,Sales,IC1,61,13,BR,retail_ops
TERM0000449,449,2017-08-17,Resignation,Resignation,true,false,Regional Operations,Retail,Region South,Store Operations,IC1,282,13,BR,retail_ops
TERM0000489,489,2017-08-26,Retirement,Retirement,true,false,Regional Operations,Retail,Region South,Store Operations,IC1,466,10,BR,retail_ops
TERM0000597,597,2017-08-19,Redundancy,Redundancy,false,true,Store Operations,Retail,Store Management,Store Operations,IC1,375,2,AR,retail_ops
TERM0000617,617,2017-08-19,Retirement,Retirement,true,true,Distribution Centers,Supply Chain,Inbound,Warehouse,IC1,109,1,BR,supply
TERM0000022,22,2017-08-17,Performance,Performance,false,false,Legal,Corporate,Corporate Legal,Legal,IC1,55,50,BR,corporate
TERM0000483,483,2017-08-16,Resignation,Resignation,true,true,People,Corporate,Talent Acquisition,People,IC1,447,10,BR,corporate
TERM0000015,15,2017-09-28,Resignation,Resignation,true,false,Sales,Retail,Floor Sales,Sales,IC1,24,20,BR,retail_ops
TERM0000159,159,2017-09-22,Retirement,Retirement,true,false,Visual Merchandising,Retail,Merchandising,Design,IC1,223,76,BR,retail_ops
TERM0000221,221,2017-09-21,Performance,Performance,false,false,Store Operations,Retail,Stockroom,Store Operations,IC2,467,28,BR,retail_ops
TERM0000255,255,2017-09-27,Resignation,Resignation,true,false,Store Operations,Retail,Store Management,Store Operations,IC1,313,28,BR,retail_ops
TERM0000451,451,2017-09-24,Retirement,Retirement,true,false,Store Operations,Retail,Stockroom,Store Operations,IC1,287,13,BR,retail_ops
TERM0000481,481,2017-09-24,Retirement,Retirement,true,false,Regional Operations,Retail,Region South,Store Operations,IC1,466,11,BR,retail_ops
TERM0000599,599,2017-09-16,Resignation,Resignation,true,false,Visual Merchandising,Retail,Store Design,Store Operations,IC1,224,3,BR,retail_ops
TERM0000602,602,2017-09-18,Resignation,Resignation,true,true,Sales,Retail,Floor Sales,Sales,IC1,201,3,BR,retail_ops
TERM0000453,453,2017-09-23,Retirement,Retirement,true,false,Procurement,Supply Chain,Supplier Management,Procurement,IC2,319,13,BR,supply
TERM0000524,524,2017-09-25,EndOfContract,EndOfContract,false,false,Risk,Corporate,Internal Audit,Risk & Compliance,IC1,471,10,BR,corporate
TERM0000428,428,2017-09-24,Retirement,Retirement,true,false,Customer Operations,Customer,Order Support,Logistics,IC2,252,16,BR,customer
TERM0000249,249,2017-10-21,Retirement,Retirement,true,false,Sales,Retail,Key Accounts,Sales,IC1,160,49,BR,retail_ops
TERM0000408,408,2017-10-25,Resignation,Resignation,true,false,Visual Merchandising,Retail,Merchandising,Store Operations,IC2,273,19,BR,retail_ops
TERM0000454,454,2017-10-19,Other,Other,false,true,Sales,Retail,Floor Sales,Sales,IC1,160,14,BR,retail_ops
TERM0000559,559,2017-10-28,Layoff,Layoff,false,false,Sales,Retail,Key Accounts,Sales,IC1,24,7,BR,retail_ops
TERM0000563,563,2017-10-21,Resignation,Resignation,true,true,Visual Merchandising,Retail,Store Design,Store Operations,IC1,365,6,AR,retail_ops
TERM0000646,646,2017-10-16,Retirement,Retirement,true,false,Sales,Retail,Floor Sales,Sales,IC2,585,1,BR,retail_ops
TERM0000641,641,2017-10-27,Retirement,Retirement,true,false,Distribution Centers,Supply Chain,Inbound,Warehouse,IC1,109,1,BR,supply
TERM0000006,6,2017-10-25,Retirement,Retirement,true,false,Product,Digital,Product Ops,Product Management,IC3,192,40,BR,digital
TERM0000496,496,2017-10-18,Retirement,Retirement,true,false,Data,Digital,Data Science,Data,IC3,197,11,BR,digital
TERM0000424,424,2017-10-20,Resignation,Resignation,true,false,Strategy,Corporate,Corporate Strategy,Strategy,IC1,494,17,BR,corporate
TERM0000151,151,2017-11-23,Retirement,Retirement,true,false,Store Operations,Retail,Stockroom,Store Operations,IC1,280,29,BR,retail_ops
TERM0000230,230,2017-11-20,Retirement,Retirement,true,false,Sales,Retail,Floor Sales,Sales,IC1,61,42,BR,retail_ops
TERM0000545,545,2017-11-24,Retirement,Retirement,true,false,Sales,Retail,Key Accounts,Sales,IC1,42,8,BR,retail_ops
TERM0000622,622,2017-11-17,Retirement,Retirement,true,false,Visual Merchandising,Retail,Store Design,Design,IC1,583,3,BR,retail_ops
TERM0000339,339,2017-11-22,Resignation,Resignation,true,false,Distribution Centers,Supply Chain,Inbound,Warehouse,IC3,343,23,AR,supply
TERM0000621,621,2017-11-27,Performance,Performance,false,false,Planning,Supply Chain,Demand Planning,Data,IC1,556,3,BR,supply
TERM0000569,569,2017-11-18,Redundancy,Redundancy,false,true,Digital Marketing,Digital,SEO,Marketing,IC2,420,7,BR,digital
TERM0000268,268,2017-11-28,Performance,Performance,false,false,Customer Service,Customer,Escalations,Customer Support,IC1,242,74,BR,customer
TERM0000107,107,2017-12-21,Resignation,Resignation,true,false,Sales,Retail,Floor Sales,Sales,IC1,139,25,BR,retail_ops
TERM0000396,396,2017-12-19,Other,Other,false,false,Sales,Retail,Key Accounts,Sales,IC2,341,22,AR,retail_ops
TERM0000417,417,2017-12-26,Resignation,Resignation,true,false,Sales,Retail,Floor Sales,Sales,IC1,399,20,BR,retail_ops
TERM0000498,498,2017-12-20,Other,Other,false,false,Visual Merchandising,Retail,Merchandising,Design,IC1,71,13,BR,retail_ops
TERM0000554,554,2017-12-23,Retirement,Retirement,true,false,Store Operations,Retail,Cashier,Store Operations,IC1,313,9,BR,retail_ops
TERM0000634,634,2017-12-20,Resignation,Resignation,true,false,Regional Operations,Retail,Region Southeast,Store Operations,IC1,466,3,BR,retail_ops
TERM0000590,590,2017-12-16,Retirement,Retirement,true,false,Engineering,Digital,Backend,Software Engineering,IC4,416,7,BR,digital
TERM0000398,398,2017-12-17,Resignation,Resignation,true,true,Data & Analytics,Corporate,Data Governance,Data,IC2,227,22,BR,corporate
TERM0000471,471,2017-12-28,Layoff,Layoff,false,false,Risk,Corporate,Internal Audit,Risk & Compliance,IC2,261,15,BR,corporate
TERM0000536,536,2017-12-24,Resignation,Resignation,true,false,Procurement,Corporate,Indirect Procurement,Procurement,IC1,88,12,BR,corporate
TERM0000595,595,2017-12-22,Redundancy,Redundancy,false,false,Strategy,Corporate,Corporate Strategy,Strategy,IC3,218,6,BR,corporate
TERM0000635,635,2017-12-17,Retirement,Retirement,true,true,Customer Experience,Customer,Voice of Customer,Design,IC1,620,3,BR,customer
TERM0000604,604,2018-01-21,Resignation,Resignation,true,true,Regional Operations,Retail,Region North,General Management,IC3,98,7,BR,retail_ops
TERM0000637,637,2018-01-26,Other,Other,false,false,Store Operations,Retail,Cashier,Store Operations,IC1,633,4,BR,retail_ops
TERM0000661,661,2018-01-21,Resignation,Resignation,true,false,Store Operations,Retail,Cashier,Store Operations,IC1,649,3,BR,retail_ops
TERM0000671,671,2018-01-25,EndOfContract,EndOfContract,false,false,Visual Merchandising,Retail,Merchandising,Store Operations,IC1,656,2,BR,retail_ops
TERM0000515,515,2018-01-22,Layoff,Layoff,false,false,Procurement,Supply Chain,Supplier Management,Procurement,IC2,319,14,BR,supply
TERM0000603,603,2018-01-21,Layoff,Layoff,false,true,Planning,Supply Chain,Demand Planning,Data,IC2,541,7,AR,supply
TERM0000130,130,2018-01-18,Retirement,Retirement,true,false,Customer Experience,Customer,Voice of Customer,Design,IC1,90,37,BR,customer
TERM0000216,216,2018-01-21,Retirement,Retirement,true,true,Customer Experience,Customer,Voice of Customer,Design,IC2,433,60,BR,customer
TERM0000550,550,2018-01-21,Resignation,Resignation,true,true,Customer Operations,Customer,Returns,Customer Support,IC2,252,10,BR,customer
TERM0000080,80,2018-02-16,Other,Other,false,false,Regional Operations,Retail,Region South,General Management,IC1,31,59,BR,retail_ops
TERM0000140,140,2018-02-18,Layoff,Layoff,false,false,Visual Merchandising,Retail,Store Design,Store Operations,M1,14,69,BR,retail_ops
TERM0000233,233,2018-02-17,Resignation,Resignation,true,false,Visual Merchandising,Retail,Store Design,Design,M1,14,34,BR,retail_ops
TERM0000435,435,2018-02-26,EndOfContract,EndOfContract,false,true,Sales,Retail,Key Accounts,Sales,IC1,201,20,BR,retail_ops
TERM0000485,485,2018-02-28,Retirement,Retirement,true,true,Visual Merchandising,Retail,Merchandising,Store Operations,IC1,436,16,BR,retail_ops
TERM0000548,548,2018-02-27,EndOfContract,EndOfContract,false,false,Store Operations,Retail,Store Management,Store Operations,IC1,308,11,BR,retail_ops
TERM0000627,627,2018-02-28,Resignation,Resignation,true,true,Visual Merchandising,Retail,Store Design,Store Operations,IC2,586,6,BR,retail_ops
TERM0000633,633,2018-02-16,Retirement,Retirement,true,false,Store Operations,Retail,Security,Store Operations,IC2,316,5,BR,retail_ops
TERM0000651,651,2018-02-23,Retirement,Retirement,true,false,Visual Merchandising,Retail,Merchandising,Design,IC1,632,4,BR,retail_ops
TERM0000663,663,2018-02-16,Performance,Performance,false,false,Store Operations,Retail,Stockroom,Store Operations,IC1,658,4,BR,retail_ops
TERM0000685,685,2018-02-21,Retirement,Retirement,true,false,Store Operations,Retail,Security,Store Operations,IC1,649,3,BR,retail_ops
TERM0000693,693,2018-02-18,Resignation,Resignation,true,true,Visual Merchandising,Retail,Store Design,Design,IC1,32,3,BR,retail_ops
TERM0000726,726,2018-02-28,Retirement,Retirement,true,false,Store Operations,Retail,Cashier,Store Operations,IC1,287,2,BR,retail_ops
TERM0000694,694,2018-02-19,Retirement,Retirement,true,false,Logistics,Supply Chain,Reverse Logistics,Logistics,IC1,568,3,BR,supply
TERM0000390,390,2018-02-22,Performance,Performance,false,false,Product,Digital,Product Ops,Product Management,IC1,116,25,BR,digital
TERM0000640,640,2018-02-20,Resignation,Resignation,true,false,Data,Digital,Analytics Engineering,Data,IC4,153,5,BR,digital
TERM0000670,670,2018-02-24,Resignation,Resignation,true,true,UX,Digital,Design System,Design,IC1,152,3,BR,digital
TERM0000662,662,2018-02-16,Retirement,Retirement,true,false,Marketing,Corporate,Content,Marketing,IC2,60,4,BR,corporate
TERM0000071,71,2018-03-21,Resignation,Resignation,true,true,Visual Merchandising,Retail,Merchandising,Design,IC2,273,36,BR,retail_ops
TERM0000173,173,2018-03-27,Retirement,Retirement,true,false,Regional Operations,Retail,Region Southeast,Store Operations,IC2,27,89,BR,retail_ops
TERM0000336,336,2018-03-19,Layoff,Layoff,false,false,Store Operations,Retail,Stockroom,Store Operations,IC3,341,45,AR,retail_ops
TERM0000491,491,2018-03-19,Performance,Performance,false,false,Visual Merchandising,Retail,Merchandising,Store Operations,IC1,479,16,BR,retail_ops
TERM0000567,567,2018-03-20,Retirement,Retirement,true,false,Store Operations,Retail,Stockroom,Store Operations,M2,212,11,BR,retail_ops
TERM0000585,585,2018-03-27,EndOfContract,EndOfContract,false,false,Sales,Retail,Floor Sales,Sales,IC3,141,10,BR,retail_ops
TERM0000647,647,2018-03-25,Retirement,Retirement,true,false,Regional Operations,Retail,Region North,Store Operations,IC1,631,6,BR,retail_ops
TERM0000655,655,2018-03-28,Resignation,Resignation,true,true,Visual Merchandising,Retail,Store Design,Store Operations,IC1,365,5,AR,retail_ops
TERM0000710,710,2018-03-22,Retirement,Retirement,true,false,Visual Merchandising,Retail,Merchandising,Design,IC1,78,4,BR,retail_ops
TERM0000727,727,2018-03-28,Retirement,Retirement,true,false,Visual Merchandising,Retail,Store Design,Store Operations,IC3,264,3,BR,retail_ops
TERM0000049,49,2018-03-20,Performance,Performance,false,false,Procurement,Supply Chain,Sourcing,Procurement,IC1,430,286,BR,supply
TERM0000434,434,2018-03-26,EndOfContract,EndOfContract,false,false,Logistics,Supply Chain,Reverse Logistics,Logistics,IC1,568,21,BR,supply
TERM0000667,667,2018-03-21,Retirement,Retirement,true,false,Logistics,Supply Chain,Reverse Logistics,Logistics,IC1,368,4,AR,supply
TERM0000682,682,2018-03-27,Resignation,Resignation,true,false,Procurement,Supply Chain,Supplier Management,Procurement,IC3,297,4,BR,supply
TERM0000457,457,2018-03-26,Other,Other,false,false,Legal,Corporate,Corporate Legal,Legal,IC3,406,19,BR,corporate
TERM0000296,296,2018-03-27,Other,Other,false,false,Customer Service,Customer,Escalations,Customer Support,IC2,243,104,BR,customer
TERM0000427,427,2018-03-18,Retirement,Retirement,true,false,Customer Operations,Customer,Order Support,Logistics,IC1,165,22,BR,customer
TERM0000033,33,2018-04-20,Redundancy,Redundancy,false,false,Sales,Retail,Key Accounts,Sales,IC1,61,34,BR,retail_ops
TERM0000079,79,2018-04-21,Retirement,Retirement,true,false,Sales,Retail,Floor Sales,Sales,M1,65,29,BR,retail_ops
TERM0000250,250,2018-04-25,Retirement,Retirement,true,false,Sales,Retail,Key Accounts,Sales,IC1,399,27,BR,retail_ops
TERM0000460,460,2018-04-27,Resignation,Resignation,true,false,Sales,Retail,Key Accounts,Sales,IC2,29,20,BR,retail_ops
TERM0000507,507,2018-04-27,EndOfContract,EndOfContract,false,false,Sales,Retail,Floor Sales,Sales,IC1,379,17,AR,retail_ops
TERM0000625,625,2018-04-21,Redundancy,Redundancy,false,false,Visual Merchandising,Retail,Merchandising,Store Operations,IC1,365,8,AR,retail_ops
TERM0000706,706,2018-04-25,Retirement,Retirement,true,false,Store Operations,Retail,Store Management,Store Operations,IC1,668,5,BR,retail_ops
TERM0000715,715,2018-04-27,Resignation,Resignation,true,false,Visual Merchandising,Retail,Merchandising,Store Operations,IC1,32,4,BR,retail_ops
TERM0000564,564,2018-04-17,Resignation,Resignation,true,true,Procurement,Supply Chain,Supplier Management,Procurement,M2,10,12,BR,supply
TERM0000697,697,2018-04-22,Other,Other,false,false,Procurement,Supply Chain,Sourcing,Procurement,IC5,295,5,BR,supply
TERM0000030,30,2018-04-19,Other,Other,false,false,Customer Operations,Customer,Returns,Customer Support,IC1,165,55,BR,customer
TERM0000689,689,2018-04-28,Other,Other,false,false,Customer Experience,Customer,CX Design,Design,IC1,645,5,BR,customer
TERM0000042,42,2018-05-28,Layoff,Layoff,false,true,Sales,Retail,Key Accounts,Sales,IC2,162,33,BR,retail_ops
TERM0000169,169,2018-05-27,EndOfContract,EndOfContract,false,false,Visual Merchandising,Retail,Store Design,Design,IC2,586,31,BR,retail_ops
TERM0000429,429,2018-05-17,Retirement,Retirement,true,false,Sales,Retail,Floor Sales,Sales,IC1,326,24,BR,retail_ops
TERM0000600,600,2018-05-23,Resignation,Resignation,true,true,Store Operations,Retail,Stockroom,Store Operations,IC1,375,11,AR,retail_ops
TERM0000668,668,2018-05-24,Resignation,Resignation,true,false,Store Operations,Retail,Cashier,Store Operations,IC2,316,6,BR,retail_ops
TERM0000723,723,2018-05-25,Resignation,Resignation,true,false,Visual Merchandising,Retail,Store Design,Store Operations,M2,700,5,BR,retail_ops
TERM0000535,535,2018-05-19,EndOfContract,EndOfContract,false,false,Procurement,Supply Chain,Supplier Management,Procurement,IC2,319,17,BR,supply
TERM0000695,695,2018-05-26,Retirement,Retirement,true,false,Logistics,Supply Chain,Transportation,Logistics,IC1,276,6,BR,supply
TERM0000106,106,2018-05-22,Retirement,Retirement,true,false,E-commerce,Digital,Storefront,Product Management,IC2,199,40,BR,digital
TERM0000152,152,2018-05-18,Resignation,Resignation,true,true,UX,Digital,Product Design,Design,IC2,205,73,BR,digital
TERM0000565,565,2018-05-25,Layoff,Layoff,false,true,UX,Digital,Product Design,Design,IC1,675,13,BR,digital
TERM0000581,581,2018-05-16,Retirement,Retirement,true,false,Digital Marketing,Digital,SEO,Marketing,IC1,285,12,BR,digital
TERM0000605,605,2018-05-25,Resignation,Resignation,true,false,Finance,Corporate,Accounting,Finance,IC2,516,11,BR,corporate
TERM0000510,510,2018-05-26,Layoff,Layoff,false,true,Customer Service,Customer,Chat,Customer Support,IC2,352,18,AR,customer
TERM0000514,514,2018-05-27,Resignation,Resignation,true,true,Customer Experience,Customer,Voice of Customer,Customer Support,IC1,90,18,BR,customer
TERM0000654,654,2018-06-27,Retirement,Retirement,true,false,Sales,Retail,Floor Sales,Sales,IC1,128,8,BR,retail_ops
TERM0000720,720,2018-06-25,Layoff,Layoff,false,true,Regional Operations,Retail,Region South,General Management,IC1,251,6,BR,retail_ops
TERM0000790,790,2018-06-27,Retirement,Retirement,true,false,Store Operations,Retail,Security,Store Operations,IC1,167,1,BR,retail_ops
TERM0000318,318,2018-06-21,Retirement,Retirement,true,false,Procurement,Supply Chain,Supplier Management,Procurement,IC2,319,91,BR,supply
TERM0000199,199,2018-06-28,Retirement,Retirement,true,false,E-commerce,Digital,Checkout,Software Engineering,IC3,310,177,BR,digital
TERM0000664,664,2018-06-28,Retirement,Retirement,true,false,Customer Service,Customer,Escalations,Customer Support,IC1,242,7,BR,customer
TERM0000718,718,2018-06-22,Retirement,Retirement,true,false,Customer Experience,Customer,CX Design,Customer Support,IC1,620,6,BR,customer
TERM0000131,131,2018-07-27,Retirement,Retirement,true,true,Store Operations,Retail,Store Management,Store Operations,IC1,189,36,BR,retail_ops
TERM0000141,141,2018-07-19,Retirement,Retirement,true,false,Sales,Retail,Key Accounts,Sales,M1,65,49,BR,retail_ops
TERM0000269,269,2018-07-19,Other,Other,false,true,Store Operations,Retail,Cashier,Store Operations,IC1,77,40,BR,retail_ops
TERM0000360,360,2018-07-19,EndOfContract,EndOfContract,false,false,Sales,Retail,Key Accounts,Sales,IC1,379,55,AR,retail_ops
TERM0000439,439,2018-07-22,Other,Other,false,false,Regional Operations,Retail,Region North,General Management,IC1,477,25,BR,retail_ops
TERM0000490,490,2018-07-27,Resignation,Resignation,true,true,Sales,Retail,Key Accounts,Sales,IC1,24,20,BR,retail_ops
TERM0000560,560,2018-07-27,Performance,Performance,false,false,Sales,Retail,Key Accounts,Sales,IC2,162,16,BR,retail_ops
TERM0000676,676,2018-07-26,Resignation,Resignation,true,false,Store Operations,Retail,Security,Store Operations,IC1,66,8,BR,retail_ops
TERM0000774,774,2018-07-27,Other,Other,false,false,Sales,Retail,Key Accounts,Sales,IC1,379,3,AR,retail_ops
TERM0000806,806,2018-07-16,Redundancy,Redundancy,false,false,Regional Operations,Retail,Region North,General Management,IC2,285,1,MX,retail_ops
TERM0000043,43,2018-07-20,Retirement,Retirement,true,false,Distribution Centers,Supply Chain,Inbound,Warehouse,IC2,517,95,BR,supply
TERM0000046,46,2018-07-27,Retirement,Retirement,true,false,Procurement,Supply Chain,Sourcing,Procurement,IC1,430,104,BR,supply
TERM0000611,611,2018-07-25,Resignation,Resignation,true,true,Planning,Supply Chain,Supply Planning,Data,IC1,373,12,AR,supply
TERM0000192,192,2018-07-19,Redundancy,Redundancy,false,false,Product,Digital,Product Management,Product Management,IC5,310,98,BR,digital
TERM0000501,501,2018-07-27,Retirement,Retirement,true,false,Data,Digital,Analytics Engineering,Data,IC1,516,20,BR,digital
TERM0000287,287,2018-08-28,Retirement,Retirement,true,false,Store Operations,Retail,Stockroom,Store Operations,IC2,467,48,BR,retail_ops
TERM0000393,393,2018-08-18,Resignation,Resignation,true,false,Regional Operations,Retail,Region Southeast,Store Operations,IC1,146,30,BR,retail_ops
TERM0000549,549,2018-08-20,Resignation,Resignation,true,false,Sales,Retail,Key Accounts,Sales,IC1,399,17,BR,retail_ops
TERM0000578,578,2018-08-19,Performance,Performance,false,false,Sales,Retail,Key Accounts,Sales,M3,121,15,BR,retail_ops
TERM0000764,764,2018-08-18,Retirement,Retirement,true,false,Regional Operations,Retail,Region South,General Management,IC1,631,4,BR,retail_ops
TERM0000644,644,2018-08-28,Resignation,Resignation,true,true,Planning,Supply Chain,Supply Planning,Data,IC4,626,11,AR,supply
TERM0000758,758,2018-08-28,Resignation,Resignation,true,false,Procurement,Supply Chain,Sourcing,Procurement,IC1,430,4,BR,supply
TERM0000779,779,2018-08-16,EndOfContract,EndOfContract,false,false,Distribution Centers,Supply Chain,Outbound,Warehouse,IC1,770,3,BR,supply
TERM0000197,197,2018-08-16,Resignation,Resignation,true,false,Data,Digital,Analytics Engineering,Data,IC4,70,44,BR,digital
TERM0000553,553,2018-08-23,Resignation,Resignation,true,false,Customer Operations,Customer,Returns,Logistics,IC2,252,17,BR,customer
TERM0000601,601,2018-08-23,Other,Other,false,false,Customer Operations,Customer,Order Support,Logistics,IC1,499,14,AR,customer
TERM0000624,624,2018-08-27,Retirement,Retirement,true,false,Customer Operations,Customer,Returns,Customer Support,IC2,252,12,BR,customer
TERM0000680,680,2018-08-24,Resignation,Resignation,true,true,Customer Service,Customer,Chat,Customer Support,IC1,189,9,BR,customer
TERM0000797,797,2018-08-18,Resignation,Resignation,true,false,Customer Experience,Customer,Voice of Customer,Customer Support,IC1,499,2,AR,customer
TERM0000811,811,2018-08-25,Resignation,Resignation,true,false,Customer Operations,Customer,Order Support,Customer Support,IC1,165,1,BR,customer
TERM0000098,98,2018-09-18,Retirement,Retirement,true,false,Regional Operations,Retail,Region Southeast,Store Operations,M1,65,53,BR,retail_ops
TERM0000201,201,2018-09-17,Resignation,Resignation,true,false,Sales,Retail,Floor Sales,Sales,IC2,162,114,BR,retail_ops
TERM0000256,256,2018-09-22,Other,Other,false,false,Sales,Retail,Floor Sales,Sales,IC1,399,35,BR,retail_ops
TERM0000575,575,2018-09-20,Retirement,Retirement,true,false,Sales,Retail,Key Accounts,Sales,IC1,379,17,AR,retail_ops
TERM0000732,732,2018-09-18,Retirement,Retirement,true,false,Visual Merchandising,Retail,Store Design,Store Operations,M2,700,7,BR,retail_ops
TERM0000742,742,2018-09-23,Performance,Performance,false,false,Visual Merchandising,Retail,Merchandising,Store Operations,IC1,736,6,BR,retail_ops
TERM0000769,769,2018-09-23,Redundancy,Redundancy,false,false,Sales,Retail,Key Accounts,Sales,IC1,696,5,BR,retail_ops
TERM0000789,789,2018-09-26,Resignation,Resignation,true,false,Planning,Supply Chain,Supply Planning,Data,IC2,474,4,BR,supply
TERM0000562,562,2018-09-22,EndOfContract,EndOfContract,false,false,Data & Analytics,Corporate,Business Intelligence,Data,IC2,232,17,BR,corporate
TERM0000593,593,2018-09-16,Retirement,Retirement,true,false,Legal,Corporate,Corporate Legal,Legal,IC1,55,16,BR,corporate
TERM0000639,639,2018-09-24,Resignation,Resignation,true,false,People,Corporate,Learning & Development,People,IC3,626,12,AR,corporate
TERM0000738,738,2018-09-18,Performance,Performance,false,false,Customer Operations,Customer,Order Support,Customer Support,IC1,288,6,BR,customer
TERM0000167,167,2018-10-23,Retirement,Retirement,true,false,Regional Operations,Retail,Region South,Store Operations,IC2,477,39,BR,retail_ops
TERM0000628,628,2018-10-18,Retirement,Retirement,true,false,Visual Merchandising,Retail,Merchandising,Store Operations,IC1,584,14,BR,retail_ops
TERM0000649,649,2018-10-28,Retirement,Retirement,true,false,Store Operations,Retail,Stockroom,Store Operations,IC2,316,12,BR,retail_ops
TERM0000660,660,2018-10-23,Resignation,Resignation,true,true,Sales,Retail,Floor Sales,Sales,IC1,24,12,BR,retail_ops
TERM0000679,679,2018-10-24,Other,Other,false,true,Store Operations,Retail,Cashier,Store Operations,IC1,852,11,BR,retail_ops
TERM0000805,805,2018-10-22,Retirement,Retirement,true,false,Store Operations,Retail,Store Management,Store Operations,IC1,852,4,BR,retail_ops
TERM0000823,823,2018-10-28,Redundancy,Redundancy,false,false,Visual Merchandising,Retail,Store Design,Store Operations,M1,264,3,BR,retail_ops
TERM0000584,584,2018-11-27,Other,Other,false,false,Visual Merchandising,Retail,Merchandising,Design,IC2,294,18,BR,retail_ops
TERM0000632,632,2018-11-28,Retirement,Retirement,true,false,Visual Merchandising,Retail,Store Design,Design,IC2,586,15,BR,retail_ops
TERM0000807,807,2018-11-23,Redundancy,Redundancy,false,false,Visual Merchandising,Retail,Merchandising,Design,IC1,365,5,AR,retail_ops
TERM0000822,822,2018-11-21,Retirement,Retirement,true,true,Visual Merchandising,Retail,Merchandising,Design,IC1,812,4,BR,retail_ops
TERM0000836,836,2018-11-24,Retirement,Retirement,true,false,Store Operations,Retail,Stockroom,Store Operations,IC1,658,3,BR,retail_ops
TERM0000345,345,2018-11-20,Layoff,Layoff,false,false,Logistics,Supply Chain,Last Mile,Logistics,IC1,368,77,AR,supply
TERM0000642,642,2018-11-20,EndOfContract,EndOfContract,false,false,Distribution Centers,Supply Chain,Inventory,Warehouse,IC1,109,14,BR,supply
TERM0000808,808,2018-11-16,Retirement,Retirement,true,false,Planning,Supply Chain,Demand Planning,Data,IC2,773,5,BR,supply
TERM0000712,712,2018-11-16,Retirement,Retirement,true,false,Data,Digital,Analytics Engineering,Data,IC3,618,12,BR,digital
TERM0000520,520,2018-11-27,Retirement,Retirement,true,false,Customer Experience,Customer,CX Design,Design,IC1,90,24,BR,customer
TERM0000749,749,2018-11-27,Performance,Performance,false,false,Customer Experience,Customer,CX Design,Customer Support,IC1,652,8,BR,customer
TERM0000349,349,2018-12-28,Resignation,Resignation,true,false,Regional Operations,Retail,Region South,General Management,IC1,506,74,AR,retail_ops
TERM0000484,484,2018-12-21,Resignation,Resignation,true,false,Visual Merchandising,Retail,Merchandising,Design,IC1,270,26,BR,retail_ops
TERM0000650,650,2018-12-21,Retirement,Retirement,true,false,Visual Merchandising,Retail,Store Design,Store Operations,IC1,656,14,BR,retail_ops
TERM0000756,756,2018-12-23,EndOfContract,EndOfContract,false,false,Regional Operations,Retail,Region Southeast,Store Operations,IC2,18,8,MX,retail_ops
TERM0000793,793,2018-12-25,Retirement,Retirement,true,false,Sales,Retail,Floor Sales,Sales,IC2,630,7,BR,retail_ops
TERM0000813,813,2018-12-19,Other,Other,false,false,Store Operations,Retail,Store Management,Store Operations,IC1,375,5,AR,retail_ops
TERM0000870,870,2018-12-21,Retirement,Retirement,true,false,Regional Operations,Retail,Region South,Store Operations,M3,708,3,BR,retail_ops
TERM0000881,881,2018-12-25,Resignation,Resignation,true,false,Store Operations,Retail,Store Management,Store Operations,IC1,852,2,BR,retail_ops
TERM0000907,907,2018-12-28,Resignation,Resignation,true,false,Regional Operations,Retail,Region South,Store Operations,IC1,778,1,BR,retail_ops
TERM0000815,815,2018-12-17,Redundancy,Redundancy,false,false,Planning,Supply Chain,Demand Planning,Logistics,IC5,335,5,BR,supply
TERM0000686,686,2018-12-20,Resignation,Resignation,true,true,Strategy,Corporate,M&A,Strategy,IC2,494,13,BR,corporate
TERM0000777,777,2018-12-24,Other,Other,false,false,Procurement,Corporate,Contracts,Procurement,IC3,82,7,BR,corporate
TERM0000897,897,2018-12-16,Retirement,Retirement,true,false,Marketing,Corporate,Brand,Marketing,IC1,636,1,BR,corporate
TERM0000134,134,2018-12-16,Redundancy,Redundancy,false,false,Customer Service,Customer,Contact Center,Customer Support,IC1,189,55,BR,customer
TERM0000673,673,2018-12-18,Retirement,Retirement,true,false,Customer Operations,Customer,Order Support,Customer Support,M3,212,13,BR,customer
TERM0000713,713,2018-12-22,Retirement,Retirement,true,false,Customer Experience,Customer,CX Design,Design,IC1,645,13,BR,customer
TERM0000716,716,2018-12-16,Redundancy,Redundancy,false,false,Customer Service,Customer,Chat,Customer Support,IC1,530,12,AR,customer
TERM0000743,743,2018-12-26,EndOfContract,EndOfContract,false,true,Customer Experience,Customer,Voice of Customer,Design,IC2,541,9,CL,customer
TERM0000857,857,2018-12-20,Retirement,Retirement,true,false,Customer Operations,Customer,Order Support,Customer Support,IC2,842,3,BR,customer
TERM0000024,24,2019-01-16,Resignation,Resignation,true,false,Sales,Retail,Floor Sales,Sales,IC2,162,97,BR,retail_ops
TERM0000186,186,2019-01-26,Layoff,Layoff,false,false,Sales,Retail,Floor Sales,Sales,IC1,26,48,BR,retail_ops
TERM0000479,479,2019-01-28,Resignation,Resignation,true,true,Visual Merchandising,Retail,Merchandising,Store Operations,IC2,273,27,BR,retail_ops
TERM0000579,579,2019-01-25,Retirement,Retirement,true,false,Regional Operations,Retail,Region North,General Management,IC1,31,20,BR,retail_ops
TERM0000827,827,2019-01-16,Other,Other,false,false,Visual Merchandising,Retail,Merchandising,Store Operations,IC1,788,6,MX,retail_ops
TERM0000841,841,2019-01-20,Retirement,Retirement,true,false,Visual Merchandising,Retail,Merchandising,Design,IC2,365,5,AR,retail_ops
TERM0000884,884,2019-01-23,Retirement,Retirement,true,false,Sales,Retail,Key Accounts,Sales,IC1,399,3,BR,retail_ops
TERM0000889,889,2019-01-24,EndOfContract,EndOfContract,false,false,Store Operations,Retail,Cashier,Store Operations,IC1,852,2,BR,retail_ops
TERM0000927,927,2019-01-17,Retirement,Retirement,true,false,Store Operations,Retail,Store Management,Store Operations,IC1,375,2,AR,retail_ops
TERM0000941,941,2019-01-17,Retirement,Retirement,true,false,Sales,Retail,Floor Sales,Sales,IC1,820,2,AR,retail_ops
TERM0000337,337,2019-01-18,Retirement,Retirement,true,false,Customer Service,Customer,Contact Center,Customer Support,IC1,344,45,AR,customer
TERM0000064,64,2019-02-25,Retirement,Retirement,true,false,Sales,Retail,Key Accounts,Sales,IC1,139,134,BR,retail_ops
TERM0000688,688,2019-02-24,Retirement,Retirement,true,false,Store Operations,Retail,Stockroom,Store Operations,IC1,658,15,BR,retail_ops
TERM0000762,762,2019-02-19,Resignation,Resignation,true,false,Sales,Retail,Floor Sales,Sales,IC1,61,10,BR,retail_ops
TERM0000865,865,2019-02-26,Retirement,Retirement,true,false,Regional Operations,Retail,Region North,General Management,IC1,778,5,BR,retail_ops
TERM0000890,890,2019-02-19,Retirement,Retirement,true,false,Regional Operations,Retail,Region North,Store Operations,IC1,631,3,BR,retail_ops
TERM0000615,615,2019-02-19,Resignation,Resignation,true,true,Logistics,Supply Chain,Reverse Logistics,Logistics,IC1,277,19,BR,supply
TERM0000672,672,2019-02-24,Resignation,Resignation,true,false,Distribution Centers,Supply Chain,Outbound,Warehouse,IC3,352,15,AR,supply
TERM0000846,846,2019-02-19,Retirement,Retirement,true,false,Distribution Centers,Supply Chain,Outbound,Warehouse,IC2,357,6,AR,supply
TERM0000132,132,2019-02-24,Retirement,Retirement,true,false,Strategy,Corporate,PMO,Strategy,IC1,494,68,BR,corporate
TERM0000678,678,2019-02-19,Resignation,Resignation,true,false,Customer Service,Customer,Contact Center,Customer Support,IC1,592,15,BR,customer
TERM0000224,224,2019-03-17,Other,Other,false,false,Visual Merchandising,Retail,Merchandising,Store Operations,IC2,294,99,BR,retail_ops
TERM0000658,658,2019-03-27,Retirement,Retirement,true,false,Store Operations,Retail,Security,Store Operations,IC2,316,17,BR,retail_ops
TERM0000736,736,2019-03-25,Redundancy,Redundancy,false,false,Visual Merchandising,Retail,Store Design,Store Operations,IC2,586,12,BR,retail_ops
TERM0000757,757,2019-03-17,Retirement,Retirement,true,false,Sales,Retail,Floor Sales,Sales,IC1,333,11,BR,retail_ops
TERM0000917,917,2019-03-21,Retirement,Retirement,true,false,Store Operations,Retail,Store Management,Store Operations,IC1,915,4,BR,retail_ops
TERM0000956,956,2019-03-18,Retirement,Retirement,true,false,Sales,Retail,Key Accounts,Sales,IC1,854,3,BR,retail_ops
TERM0000772,772,2019-03-18,Resignation,Resignation,true,true,Planning,Supply Chain,Demand Planning,Logistics,IC1,505,11,BR,supply
TERM0000081,81,2019-03-19,Resignation,Resignation,true,true,Procurement,Corporate,Indirect Procurement,Procurement,M1,187,39,BR,corporate
TERM0000612,612,2019-03-28,Performance,Performance,false,false,Marketing,Corporate,Content,Marketing,M2,14,20,BR,corporate
TERM0000724,724,2019-03-22,Redundancy,Redundancy,false,false,Customer Experience,Customer,CX Design,Customer Support,IC1,530,15,AR,customer
TERM0000919,919,2019-03-23,Performance,Performance,false,false,Customer Service,Customer,Escalations,Customer Support,IC1,521,4,BR,customer
TERM0000747,747,2019-04-27,Other,Other,false,true,Visual Merchandising,Retail,Merchandising,Store Operations,IC1,238,13,BR,retail_ops
TERM0000838,838,2019-04-21,Retirement,Retirement,true,false,Store Operations,Retail,Stockroom,Store Operations,IC1,375,8,AR,retail_ops
TERM0000878,878,2019-04-28,Resignation,Resignation,true,false,Visual Merchandising,Retail,Merchandising,Design,IC1,788,6,MX,retail_ops
TERM0000901,901,2019-04-18,EndOfContract,EndOfContract,false,true,Visual Merchandising,Retail,Store Design,Design,IC3,205,5,BR,retail_ops
TERM0000902,902,2019-04-25,Resignation,Resignation,true,true,Store Operations,Retail,Store Management,Store Operations,IC1,66,5,BR,retail_ops
TERM0000955,955,2019-04-23,Retirement,Retirement,true,false,Store Operations,Retail,Security,Store Operations,IC1,925,4,BR,retail_ops
TERM0000980,980,2019-04-19,Performance,Performance,false,false,Distribution Centers,Supply Chain,Outbound,Warehouse,IC1,357,1,AR,supply
TERM0000761,761,2019-04-23,Resignation,Resignation,true,false,Finance,Corporate,Controlling,Finance,M3,692,12,BR,corporate
TERM0000942,942,2019-04-26,Retirement,Retirement,true,false,Engineering,Digital,Mobile,Software Engineering,IC2,522,5,BR,digital
TERM0000146,146,2019-05-20,Retirement,Retirement,true,false,Regional Operations,Retail,Region North,General Management,IC2,34,42,BR,retail_ops
TERM0000292,292,2019-05-24,Retirement,Retirement,true,false,Sales,Retail,Key Accounts,Sales,M2,121,56,BR,retail_ops
TERM0000614,614,2019-05-23,Retirement,Retirement,true,true,Regional Operations,Retail,Region Southeast,General Management,IC4,34,22,BR,retail_ops
TERM0000990,990,2019-05-24,Other,Other,false,false,Sales,Retail,Key Accounts,Sales,IC1,820,2,AR,retail_ops
TERM0000088,88,2019-05-24,Retirement,Retirement,true,false,Procurement,Corporate,Contracts,Procurement,IC2,138,49,BR,corporate
TERM0000171,171,2019-05-16,Retirement,Retirement,true,false,Customer Service,Customer,Chat,Customer Support,M2,687,40,BR,customer
TERM0000916,916,2019-05-21,Retirement,Retirement,true,false,Product,Digital,Product Ops,Product Management,IC3,404,6,BR,digital
TERM0000476,476,2019-06-20,Resignation,Resignation,true,false,Sales,Retail,Floor Sales,Sales,IC1,473,33,BR,retail_ops
TERM0000630,630,2019-06-26,Retirement,Retirement,true,false,Sales,Retail,Floor Sales,Sales,IC3,29,22,BR,retail_ops
TERM0000830,830,2019-06-24,Redundancy,Redundancy,false,false,Visual Merchandising,Retail,Store Design,Design,IC2,273,11,BR,retail_ops
TERM0000321,321,2019-06-24,Redundancy,Redundancy,false,false,Marketing,Corporate,CRM,Marketing,M4,309,103,BR,corporate
TERM0000187,187,2019-07-17,Retirement,Retirement,true,false,Sales,Retail,Key Accounts,Sales,M2,121,189,BR,retail_ops
TERM0000586,586,2019-07-19,Retirement,Retirement,true,false,Visual Merchandising,Retail,Store Design,Store Operations,IC3,181,26,BR,retail_ops
TERM0000824,824,2019-07-18,Resignation,Resignation,true,false,Visual Merchandising,Retail,Merchandising,Store Operations,IC2,273,12,BR,retail_ops
TERM0000963,963,2019-07-19,Retirement,Retirement,true,false,Store Operations,Retail,Security,Store Operations,IC3,316,7,BR,retail_ops
TERM0000978,978,2019-07-23,Layoff,Layoff,false,true,Visual Merchandising,Retail,Merchandising,Store Operations,IC1,365,4,AR,retail_ops
TERM0000992,992,2019-07-18,Retirement,Retirement,true,false,Visual Merchandising,Retail,Merchandising,Store Operations,IC1,845,3,BR,retail_ops
TERM0000681,681,2019-07-16,Retirement,Retirement,true,false,Procurement,Supply Chain,Sourcing,Procurement,IC1,786,20,BR,supply
TERM0000922,922,2019-07-16,Resignation,Resignation,true,true,Distribution Centers,Supply Chain,Inbound,Warehouse,IC1,109,8,BR,supply
TERM0000964,964,2019-07-17,Layoff,Layoff,false,false,Procurement,Supply Chain,Sourcing,Procurement,IC1,368,7,AR,supply
TERM0000423,423,2019-07-22,Layoff,Layoff,false,false,Customer Service,Customer,Escalations,Customer Support,IC1,391,39,BR,customer
TERM0000704,704,2019-07-22,Retirement,Retirement,true,false,Customer Service,Customer,Escalations,Customer Support,IC1,242,20,BR,customer
TERM0000826,826,2019-07-18,Retirement,Retirement,true,false,Customer Operations,Customer,Returns,Logistics,IC1,165,12,BR,customer
TERM0000993,993,2019-07-19,Layoff,Layoff,false,false,Customer Experience,Customer,CX Design,Design,IC1,645,3,BR,customer
TERM0000115,115,2019-08-17,Retirement,Retirement,true,true,Regional Operations,Retail,Region North,General Management,IC2,518,105,BR,retail_ops
TERM0000142,142,2019-08-19,Retirement,Retirement,true,false,Sales,Retail,Floor Sales,Sales,IC2,162,65,BR,retail_ops
TERM0000703,703,2019-08-26,Retirement,Retirement,true,false,Store Operations,Retail,Security,Store Operations,IC1,852,21,BR,retail_ops
TERM0000708,708,2019-08-16,Retirement,Retirement,true,false,Store Operations,Retail,Stockroom,Store Operations,M4,309,21,BR,retail_ops
TERM0000883,883,2019-08-22,Retirement,Retirement,true,false,Regional Operations,Retail,Region South,General Management,IC1,282,10,BR,retail_ops
TERM0000947,947,2019-08-25,Retirement,Retirement,true,false,Visual Merchandising,Retail,Store Design,Design,IC1,365,8,AR,retail_ops
TERM0000981,981,2019-08-27,Other,Other,false,false,Visual Merchandising,Retail,Store Design,Store Operations,IC1,78,5,BR,retail_ops
TERM0000999,999,2019-08-16,EndOfContract,EndOfContract,false,false,Sales,Retail,Floor Sales,Sales,IC1,541,4,CL,retail_ops
TERM0001005,1005,2019-08-19,Resignation,Resignation,true,false,Sales,Retail,Key Accounts,Sales,IC1,139,4,BR,retail_ops
TERM0001022,1022,2019-08-20,Resignation,Resignation,true,true,Visual Merchandising,Retail,Merchandising,Design,IC1,1013,3,BR,retail_ops
TERM0001052,1052,2019-08-24,EndOfContract,EndOfContract,false,false,Visual Merchandising,Retail,Store Design,Store Operations,IC1,845,1,BR,retail_ops
TERM0001066,1066,2019-08-18,Other,Other,false,false,Regional Operations,Retail,Region North,Store Operations,IC1,139,1,BR,retail_ops
TERM0000798,798,2019-08-27,Resignation,Resignation,true,true,Procurement,Supply Chain,Supplier Management,Procurement,IC2,319,14,BR,supply
TERM0000962,962,2019-08-21,Performance,Performance,false,false,Planning,Supply Chain,Demand Planning,Data,IC1,952,8,BR,supply
TERM0001028,1028,2019-08-21,Resignation,Resignation,true,false,Logistics,Supply Chain,Last Mile,Logistics,IC3,966,3,BR,supply
TERM0001047,1047,2019-08-21,Retirement,Retirement,true,false,Distribution Centers,Supply Chain,Outbound,Warehouse,IC1,109,1,BR,supply
TERM0000543,543,2019-08-21,Retirement,Retirement,true,false,Legal,Corporate,Compliance,Legal,IC3,406,32,BR,corporate
TERM0000725,725,2019-08-17,Retirement,Retirement,true,false,Strategy,Corporate,PMO,Strategy,IC3,218,20,BR,corporate
TERM0000997,997,2019-08-26,Retirement,Retirement,true,false,Customer Operations,Customer,Order Support,Logistics,IC2,448,4,BR,customer
TERM0001017,1017,2019-08-17,Other,Other,false,false,Product,Digital,Product Ops,Product Management,IC4,856,3,BR,digital
TERM0001023,1023,2019-08-16,Retirement,Retirement,true,false,Data,Digital,Data Science,Data,IC2,867,3,BR,digital
TERM0000074,74,2019-09-27,Resignation,Resignation,true,true,Sales,Retail,Key Accounts,Sales,IC1,160,44,BR,retail_ops
TERM0000121,121,2019-09-22,Retirement,Retirement,true,false,Sales,Retail,Key Accounts,Sales,M4,309,85,BR,retail_ops
TERM0000401,401,2019-09-16,Resignation,Resignation,true,false,Sales,Retail,Floor Sales,Sales,IC2,379,42,AR,retail_ops
TERM0000677,677,2019-09-20,Retirement,Retirement,true,false,Sales,Retail,Key Accounts,Sales,IC2,162,22,BR,retail_ops
TERM0000717,717,2019-09-23,Other,Other,false,false,Regional Operations,Retail,Region North,Store Operations,IC1,466,21,BR,retail_ops
TERM0000799,799,2019-09-26,EndOfContract,EndOfContract,false,false,Sales,Retail,Floor Sales,Sales,IC1,379,15,AR,retail_ops
TERM0000888,888,2019-09-22,Redundancy,Redundancy,false,false,Sales,Retail,Key Accounts,Sales,IC1,128,10,BR,retail_ops
TERM0001019,1019,2019-09-26,Retirement,Retirement,true,false,Store Operations,Retail,Store Management,Store Operations,IC2,959,4,CO,retail_ops
TERM0001067,1067,2019-09-18,Layoff,Layoff,false,false,Regional Operations,Retail,Region Southeast,General Management,IC1,506,2,AR,retail_ops
TERM0001102,1102,2019-09-17,Redundancy,Redundancy,false,false,Visual Merchandising,Retail,Store Design,Store Operations,IC1,436,1,BR,retail_ops
TERM0000143,143,2019-09-26,Resignation,Resignation,true,false,Procurement,Supply Chain,Supplier Management,Procurement,IC1,430,51,BR,supply
TERM0000188,188,2019-09-18,Retirement,Retirement,true,false,Logistics,Supply Chain,Reverse Logistics,Logistics,IC1,276,55,BR,supply
TERM0000766,766,2019-09-26,Performance,Performance,false,false,Distribution Centers,Supply Chain,Outbound,Warehouse,IC1,166,17,BR,supply
TERM0000232,232,2019-09-20,Other,Other,false,false,Data & Analytics,Corporate,Business Intelligence,Data,IC3,92,125,BR,corporate
TERM0000598,598,2019-09-23,Resignation,Resignation,true,true,People,Corporate,HR Business Partner,People,IC4,327,27,BR,corporate
TERM0000903,903,2019-09-19,Layoff,Layoff,false,false,Marketing,Corporate,Brand,Marketing,IC1,60,10,BR,corporate
TERM0001037,1037,2019-09-19,Retirement,Retirement,true,false,Legal,Corporate,Corporate Legal,Legal,IC1,55,3,BR,corporate
TERM0000499,499,2019-09-27,Redundancy,Redundancy,false,false,Customer Operations,Customer,Order Support,Customer Support,IC2,352,34,AR,customer
TERM0000885,885,2019-09-20,Retirement,Retirement,true,false,Customer Experience,Customer,Voice of Customer,Customer Support,IC1,645,11,BR,customer
TERM0000734,734,2019-10-26,Retirement,Retirement,true,false,Visual Merchandising,Retail,Merchandising,Design,IC1,78,19,BR,retail_ops
TERM0000985,985,2019-10-26,Retirement,Retirement,true,false,Store Operations,Retail,Store Management,Store Operations,IC1,866,7,AR,retail_ops
TERM0001041,1041,2019-10-20,Resignation,Resignation,true,true,Store Operations,Retail,Security,Store Operations,IC2,375,4,AR,retail_ops
TERM0001054,1054,2019-10-23,Resignation,Resignation,true,false,Visual Merchandising,Retail,Merchandising,Store Operations,IC1,189,3,BR,retail_ops
TERM0001060,1060,2019-10-16,Resignation,Resignation,true,true,Store Operations,Retail,Security,Store Operations,IC1,866,3,AR,retail_ops
TERM0001131,1131,2019-10-25,Resignation,Resignation,true,false,Visual Merchandising,Retail,Store Design,Design,IC1,751,1,MX,retail_ops
TERM0000468,468,2019-10-23,Retirement,Retirement,true,false,Planning,Supply Chain,Demand Planning,Data,IC1,843,37,BR,supply
TERM0000979,979,2019-10-16,EndOfContract,EndOfContract,false,false,Distribution Centers,Supply Chain,Outbound,Warehouse,IC1,109,7,BR,supply
TERM0001057,1057,2019-10-25,Resignation,Resignation,true,false,Planning,Supply Chain,Supply Planning,Logistics,IC1,505,3,BR,supply
TERM0000610,610,2019-10-22,Retirement,Retirement,true,false,Procurement,Corporate,Indirect Procurement,Procurement,IC2,47,27,BR,corporate
TERM0000523,523,2019-10-26,Resignation,Resignation,true,false,Customer Operations,Customer,Order Support,Logistics,IC1,288,35,BR,customer
TERM0000746,746,2019-10-19,Retirement,Retirement,true,false,Customer Operations,Customer,Order Support,Customer Support,IC1,288,19,BR,customer
TERM0000973,973,2019-10-28,Resignation,Resignation,true,true,Customer Experience,Customer,CX Design,Design,IC2,433,10,BR,customer
TERM0000991,991,2019-10-21,Retirement,Retirement,true,false,Customer Service,Customer,Chat,Customer Support,IC1,116,6,BR,customer
TERM0001100,1100,2019-10-28,Resignation,Resignation,true,true,Customer Experience,Customer,Voice of Customer,Customer Support,IC1,645,2,BR,customer
TERM0000983,983,2019-10-28,Performance,Performance,false,false,Product,Digital,Product Management,Product Management,IC1,118,7,BR,digital
TERM0000574,574,2019-11-20,Performance,Performance,false,false,Sales,Retail,Floor Sales,Sales,IC1,379,31,AR,retail_ops
TERM0000714,714,2019-11-27,Resignation,Resignation,true,true,Visual Merchandising,Retail,Merchandising,Design,IC1,812,24,BR,retail_ops
TERM0000891,891,2019-11-17,Retirement,Retirement,true,true,Store Operations,Retail,Cashier,Store Operations,IC1,77,12,BR,retail_ops
TERM0000910,910,2019-11-27,Retirement,Retirement,true,false,Regional Operations,Retail,Region North,Store Operations,IC1,31,12,BR,retail_ops
TERM0000425,425,2019-11-25,Resignation,Resignation,true,false,Planning,Supply Chain,Demand Planning,Logistics,IC1,9,42,BR,supply
TERM0000912,912,2019-11-18,Retirement,Retirement,true,false,Planning,Supply Chain,Demand Planning,Data,IC3,45,12,BR,supply
TERM0001120,1120,2019-11-27,Resignation,Resignation,true,true,Distribution Centers,Supply Chain,Inventory,Warehouse,IC2,665,2,BR,supply
TERM0000869,869,2019-11-18,Retirement,Retirement,true,false,Customer Service,Customer,Escalations,Customer Support,IC1,189,14,BR,customer
TERM0000939,939,2019-11-21,EndOfContract,EndOfContract,false,false,Customer Service,Customer,Escalations,Customer Support,IC1,530,12,AR,customer
TERM0001034,1034,2019-11-27,Retirement,Retirement,true,false,Customer Operations,Customer,Order Support,Logistics,IC1,1044,5,BR,customer
TERM0001076,1076,2019-11-22,Retirement,Retirement,true,false,Customer Service,Customer,Chat,Customer Support,IC1,530,3,AR,customer
TERM0001089,1089,2019-11-27,Retirement,Retirement,true,false,Customer Experience,Customer,CX Design,Customer Support,IC1,645,3,BR,customer
TERM0000096,96,2019-12-16,Retirement,Retirement,true,false,Visual Merchandising,Retail,Store Design,Design,IC1,200,76,BR,retail_ops
TERM0000631,631,2019-12-17,Retirement,Retirement,true,false,Regional Operations,Retail,Region South,Store Operations,IC2,609,28,BR,retail_ops
TERM0000894,894,2019-12-23,Layoff,Layoff,false,true,Visual Merchandising,Retail,Merchandising,Store Operations,IC1,270,13,BR,retail_ops
TERM0000996,996,2019-12-16,Resignation,Resignation,true,true,Visual Merchandising,Retail,Merchandising,Design,IC1,994,8,BR,retail_ops
TERM0001053,1053,2019-12-23,Resignation,Resignation,true,false,Sales,Retail,Key Accounts,Sales,IC1,950,5,MX,retail_ops
TERM0001097,1097,2019-12-20,Resignation,Resignation,true,true,Visual Merchandising,Retail,Store Design,Store Operations,IC1,270,4,BR,retail_ops
TERM0001181,1181,2019-12-21,Retirement,Retirement,true,false,Visual Merchandising,Retail,Merchandising,Design,IC1,189,1,BR,retail_ops
TERM0001193,1193,2019-12-17,Other,Other,false,false,Store Operations,Retail,Store Management,Store Operations,IC1,1158,1,BR,retail_ops
TERM0001201,1201,2019-12-16,Retirement,Retirement,true,false,Sales,Retail,Floor Sales,Sales,IC1,1196,1,BR,retail_ops
TERM0000003,3,2019-12-26,Resignation,Resignation,true,false,Distribution Centers,Supply Chain,Inventory,Warehouse,IC1,48,87,BR,supply
TERM0000158,158,2019-12-21,Retirement,Retirement,true,true,Procurement,Supply Chain,Supplier Management,Procurement,IC1,302,53,BR,supply
TERM0000344,344,2019-12-28,Redundancy,Redundancy,false,false,Planning,Supply Chain,Demand Planning,Data,IC2,541,51,AR,supply
TERM0001056,1056,2019-12-22,Redundancy,Redundancy,false,true,Procurement,Supply Chain,Sourcing,Procurement,IC1,430,5,BR,supply
TERM0000165,165,2019-12-21,Retirement,Retirement,true,false,Customer Operations,Customer,Returns,Logistics,IC2,252,85,BR,customer
TERM0000752,752,2019-12-25,EndOfContract,EndOfContract,false,false,Customer Operations,Customer,Order Support,Customer Support,IC1,765,21,BR,customer
TERM0001185,1185,2019-12-26,Other,Other,false,false,Customer Experience,Customer,CX Design,Design,IC1,899,1,AR,customer
TERM0000609,609,2020-01-20,Retirement,Retirement,true,true,Regional Operations,Retail,Region North,Store Operations,IC3,208,30,BR,retail_ops
TERM0000643,643,2020-01-22,Retirement,Retirement,true,false,Regional Operations,Retail,Region South,General Management,IC1,229,28,BR,retail_ops
TERM0000800,800,2020-01-19,Resignation,Resignation,true,false,Sales,Retail,Key Accounts,Sales,M1,65,19,BR,retail_ops
TERM0000974,974,2020-01-24,Redundancy,Redundancy,false,false,Regional Operations,Retail,Region South,General Management,IC1,1220,10,BR,retail_ops
TERM0001090,1090,2020-01-17,Layoff,Layoff,false,false,Regional Operations,Retail,Region Southeast,Store Operations,IC1,139,5,BR,retail_ops
TERM0001145,1145,2020-01-26,EndOfContract,EndOfContract,false,false,Regional Operations,Retail,Region North,General Management,IC1,959,3,CO,retail_ops
TERM0000934,934,2020-01-19,Retirement,Retirement,true,false,Risk,Corporate,Fraud,Risk & Compliance,IC2,73,14,BR,corporate
TERM0001127,1127,2020-01-24,Retirement,Retirement,true,false,Procurement,Corporate,Indirect Procurement,Procurement,M3,692,4,BR,corporate
TERM0001003,1003,2020-01-27,Retirement,Retirement,true,false,Logistics,Supply Chain,Transportation,Logistics,IC2,1001,9,BR,supply
TERM0001032,1032,2020-01-25,Redundancy,Redundancy,false,false,Distribution Centers,Supply Chain,Inventory,Warehouse,IC1,166,7,BR,supply
TERM0000829,829,2020-01-23,Resignation,Resignation,true,true,Customer Service,Customer,Escalations,Customer Support,M1,70,18,BR,customer
TERM0001038,1038,2020-01-16,Resignation,Resignation,true,false,Customer Service,Customer,Escalations,Customer Support,IC1,521,7,BR,customer
TERM0000895,895,2020-02-26,Redundancy,Redundancy,false,true,Store Operations,Retail,Stockroom,Store Operations,IC1,852,15,BR,retail_ops
TERM0001036,1036,2020-02-23,Performance,Performance,false,false,Visual Merchandising,Retail,Store Design,Store Operations,IC2,365,8,AR,retail_ops
TERM0001211,1211,2020-02-21,Redundancy,Redundancy,false,false,Regional Operations,Retail,Region South,General Management,IC1,139,3,BR,retail_ops
TERM0001230,1230,2020-02-28,Resignation,Resignation,true,false,Store Operations,Retail,Stockroom,Store Operations,IC1,866,3,AR,retail_ops
TERM0001059,1059,2020-02-16,Resignation,Resignation,true,true,Distribution Centers,Supply Chain,Outbound,Warehouse,IC2,357,7,AR,supply
TERM0001044,1044,2020-02-28,Resignation,Resignation,true,false,Customer Operations,Customer,Returns,Logistics,IC2,946,8,BR,customer
TERM0001144,1144,2020-02-28,Redundancy,Redundancy,false,false,Customer Service,Customer,Chat,Customer Support,IC1,93,4,BR,customer
TERM0000781,781,2020-03-26,Resignation,Resignation,true,false,Visual Merchandising,Retail,Store Design,Store Operations,IC1,32,22,BR,retail_ops
TERM0001128,1128,2020-03-23,Retirement,Retirement,true,false,Regional Operations,Retail,Region Southeast,General Management,IC1,1118,6,BR,retail_ops
TERM0001241,1241,2020-03-20,Resignation,Resignation,true,false,Regional Operations,Retail,Region North,Store Operations,IC1,174,3,BR,retail_ops
TERM0000768,768,2020-03-22,EndOfContract,EndOfContract,false,false,Logistics,Supply Chain,Reverse Logistics,Logistics,M1,303,23,BR,supply
TERM0001224,1224,2020-03-17,Retirement,Retirement,true,false,Procurement,Supply Chain,Sourcing,Procurement,IC1,331,4,BR,supply
TERM0001099,1099,2020-03-26,Layoff,Layoff,false,false,Customer Service,Customer,Contact Center,Customer Support,IC1,1029,7,BR,customer
TERM0001013,1013,2020-04-27,Resignation,Resignation,true,true,Visual Merchandising,Retail,Merchandising,Store Operations,IC2,960,11,BR,retail_ops
TERM0001154,1154,2020-04-20,Resignation,Resignation,true,true,Visual Merchandising,Retail,Merchandising,Store Operations,IC1,189,6,BR,retail_ops
TERM0001190,1190,2020-04-28,Resignation,Resignation,true,false,Store Operations,Retail,Stockroom,Store Operations,IC2,89,5,BR,retail_ops
TERM0001209,1209,2020-04-28,Resignation,Resignation,true,false,Sales,Retail,Key Accounts,Sales,IC1,473,5,BR,retail_ops
TERM0001225,1225,2020-04-24,Resignation,Resignation,true,false,Regional Operations,Retail,Region North,Store Operations,IC1,1214,5,BR,retail_ops
TERM0000509,509,2020-04-18,Retirement,Retirement,true,false,Data & Analytics,Corporate,Business Intelligence,Data,M2,14,41,BR,corporate
TERM0000063,63,2020-04-20,Redundancy,Redundancy,false,false,Distribution Centers,Supply Chain,Inbound,Warehouse,IC1,48,56,BR,supply
TERM0000556,556,2020-04-20,Retirement,Retirement,true,false,Planning,Supply Chain,Supply Planning,Data,IC2,305,37,BR,supply
TERM0001252,1252,2020-04-17,Resignation,Resignation,true,false,Customer Experience,Customer,CX Design,Customer Support,IC1,659,4,BR,customer
TERM0000391,391,2020-05-21,Layoff,Layoff,false,false,Sales,Retail,Floor Sales,Sales,IC2,162,51,BR,retail_ops
TERM0000753,753,2020-05-24,Resignation,Resignation,true,false,Store Operations,Retail,Cashier,Store Operations,IC1,66,26,BR,retail_ops
TERM0000775,775,2020-05-27,Performance,Performance,false,false,Sales,Retail,Floor Sales,Sales,IC1,326,24,BR,retail_ops
TERM0001084,1084,2020-05-26,Resignation,Resignation,true,false,Store Operations,Retail,Cashier,Store Operations,IC1,1002,9,BR,retail_ops
TERM0001192,1192,2020-05-23,Other,Other,false,false,Store Operations,Retail,Store Management,Store Operations,IC1,1129,6,BR,retail_ops
TERM0001216,1216,2020-05-27,Retirement,Retirement,true,false,Store Operations,Retail,Cashier,Store Operations,IC1,1208,6,BR,retail_ops
TERM0000464,464,2020-05-20,Resignation,Resignation,true,true,Legal,Corporate,Compliance,Legal,IC3,763,45,BR,corporate
TERM0000843,843,2020-05-18,Retirement,Retirement,true,false,Planning,Supply Chain,Supply Planning,Data,IC2,474,21,BR,supply
TERM0000938,938,2020-05-27,Redundancy,Redundancy,false,false,Planning,Supply Chain,Supply Planning,Logistics,IC1,148,18,BR,supply
TERM0000958,958,2020-05-16,Resignation,Resignation,true,false,Procurement,Supply Chain,Sourcing,Procurement,IC1,804,17,BR,supply
TERM0001169,1169,2020-05-21,Resignation,Resignation,true,true,Planning,Supply Chain,Supply Planning,Logistics,M1,246,6,BR,supply
TERM0001197,1197,2020-05-17,Retirement,Retirement,true,false,Logistics,Supply Chain,Reverse Logistics,Logistics,IC1,330,6,BR,supply
TERM0000867,867,2020-05-26,Resignation,Resignation,true,true,Data,Digital,Data Science,Data,IC3,618,20,BR,digital
TERM0000378,378,2020-06-27,Resignation,Resignation,true,true,Regional Operations,Retail,Region Southeast,General Management,IC1,506,89,AR,retail_ops
TERM0000866,866,2020-06-22,Performance,Performance,false,false,Store Operations,Retail,Store Management,Store Operations,IC2,375,21,AR,retail_ops
TERM0000855,855,2020-06-16,Retirement,Retirement,true,false,Distribution Centers,Supply Chain,Inbound,Warehouse,IC1,770,21,BR,supply
TERM0000123,123,2020-06-20,Retirement,Retirement,true,false,Customer Service,Customer,Escalations,Customer Support,IC1,242,53,BR,customer
TERM0000613,613,2020-06-18,Retirement,Retirement,true,false,Customer Service,Customer,Contact Center,Customer Support,IC1,592,35,BR,customer
TERM0001258,1258,2020-06-28,Resignation,Resignation,true,true,Customer Operations,Customer,Returns,Customer Support,IC1,11,6,BR,customer
TERM0000070,70,2020-07-16,Resignation,Resignation,true,true,Store Operations,Retail,Store Management,Store Operations,M2,782,58,BR,retail_ops
TERM0000200,200,2020-07-23,Retirement,Retirement,true,false,Visual Merchandising,Retail,Merchandising,Store Operations,IC2,273,183,BR,retail_ops
TERM0000583,583,2020-07-28,Retirement,Retirement,true,false,Visual Merchandising,Retail,Store Design,Design,IC2,273,38,BR,retail_ops
TERM0000845,845,2020-07-19,Resignation,Resignation,true,true,Visual Merchandising,Retail,Merchandising,Design,IC2,294,23,BR,retail_ops
TERM0000971,971,2020-07-20,Retirement,Retirement,true,false,Sales,Retail,Floor Sales,Sales,IC2,1085,19,CL,retail_ops
TERM0001009,1009,2020-07-20,Retirement,Retirement,true,false,Regional Operations,Retail,Region North,Store Operations,IC2,477,15,BR,retail_ops
TERM0001078,1078,2020-07-16,Redundancy,Redundancy,false,true,Regional Operations,Retail,Region South,Store Operations,IC1,139,11,BR,retail_ops
TERM0001129,1129,2020-07-21,Resignation,Resignation,true,true,Store Operations,Retail,Stockroom,Store Operations,IC2,1080,10,BR,retail_ops
TERM0001187,1187,2020-07-23,Retirement,Retirement,true,false,Sales,Retail,Key Accounts,Sales,IC1,959,8,CO,retail_ops
TERM0001236,1236,2020-07-16,Resignation,Resignation,true,false,Sales,Retail,Key Accounts,Sales,IC1,1235,8,BR,retail_ops
TERM0000965,965,2020-07-21,Resignation,Resignation,true,true,Risk,Corporate,Fraud,Risk & Compliance,IC2,794,19,BR,corporate
TERM0000995,995,2020-07-27,Resignation,Resignation,true,false,Procurement,Corporate,Indirect Procurement,Procurement,IC1,175,15,BR,corporate
TERM0000083,83,2020-07-18,Resignation,Resignation,true,true,Planning,Supply Chain,Supply Planning,Logistics,IC2,9,113,BR,supply
TERM0001104,1104,2020-07-21,Layoff,Layoff,false,false,Logistics,Supply Chain,Transportation,Logistics,IC1,931,10,BR,supply
TERM0001207,1207,2020-07-23,Performance,Performance,false,false,Customer Operations,Customer,Order Support,Logistics,IC2,899,8,AR,customer
TERM0001242,1242,2020-07-27,Resignation,Resignation,true,false,Customer Experience,Customer,Voice of Customer,Customer Support,IC1,1132,7,CO,customer
TERM0000854,854,2020-08-22,Resignation,Resignation,true,true,Sales,Retail,Key Accounts,Sales,IC2,517,23,BR,retail_ops
TERM0001064,1064,2020-08-17,Retirement,Retirement,true,false,Store Operations,Retail,Cashier,Store Operations,IC1,925,13,BR,retail_ops
TERM0001087,1087,2020-08-27,Retirement,Retirement,true,false,Sales,Retail,Floor Sales,Sales,IC1,26,12,BR,retail_ops
TERM0001276,1276,2020-08-18,Redundancy,Redundancy,false,false,Store Operations,Retail,Security,Store Operations,IC1,751,3,MX,retail_ops
TERM0000940,940,2020-08-26,Retirement,Retirement,true,false,Finance,Corporate,Controlling,Finance,M1,945,21,BR,corporate
TERM0000113,113,2020-08-20,Resignation,Resignation,true,true,Customer Experience,Customer,Voice of Customer,Design,IC2,557,106,BR,customer
TERM0001240,1240,2020-08-22,Resignation,Resignation,true,false,Customer Service,Customer,Contact Center,Customer Support,IC2,1162,8,BR,customer
TERM0000707,707,2020-08-16,Redundancy,Redundancy,false,false,Digital Marketing,Digital,Paid Media,Marketing,IC3,566,33,BR,digital
TERM0000333,333,2020-09-20,Retirement,Retirement,true,false,Sales,Retail,Floor Sales,Sales,IC2,29,180,BR,retail_ops
TERM0000571,571,2020-09-20,Resignation,Resignation,true,false,Sales,Retail,Key Accounts,Sales,IC3,1018,41,BR,retail_ops
TERM0000893,893,2020-09-28,Performance,Performance,false,false,Visual Merchandising,Retail,Store Design,Store Operations,IC1,812,22,BR,retail_ops
TERM0000913,913,2020-09-25,Retirement,Retirement,true,false,Store Operations,Retail,Store Management,Store Operations,IC1,915,22,BR,retail_ops
TERM0001024,1024,2020-09-28,Redundancy,Redundancy,false,false,Regional Operations,Retail,Region North,General Management,IC1,1142,16,BR,retail_ops
TERM0001117,1117,2020-09-28,Retirement,Retirement,true,false,Store Operations,Retail,Stockroom,Store Operations,IC1,915,12,BR,retail_ops
TERM0001123,1123,2020-09-28,Resignation,Resignation,true,false,Regional Operations,Retail,Region South,Store Operations,IC1,1118,12,BR,retail_ops
TERM0001124,1124,2020-09-18,Retirement,Retirement,true,false,Regional Operations,Retail,Region Southeast,Store Operations,IC1,1015,12,BR,retail_ops
TERM0001288,1288,2020-09-27,Resignation,Resignation,true,false,Marketing,Corporate,CRM,Marketing,IC3,636,3,BR,corporate
TERM0001139,1139,2020-09-21,Resignation,Resignation,true,false,Distribution Centers,Supply Chain,Outbound,Warehouse,IC2,357,11,AR,supply
TERM0000285,285,2020-09-23,Resignation,Resignation,true,true,Digital Marketing,Digital,Lifecycle,Marketing,IC3,566,86,BR,digital
TERM0000778,778,2020-10-20,Redundancy,Redundancy,false,false,Regional Operations,Retail,Region South,General Management,IC2,27,29,BR,retail_ops
TERM0001220,1220,2020-10-23,Redundancy,Redundancy,false,true,Regional Operations,Retail,Region Southeast,Store Operations,IC2,477,11,BR,retail_ops
TERM0001259,1259,2020-10-28,Resignation,Resignation,true,false,Visual Merchandising,Retail,Merchandising,Design,IC1,1238,10,BR,retail_ops
TERM0001150,1150,2020-10-27,Layoff,Layoff,false,false,Finance,Corporate,FP&A,Finance,IC2,906,12,BR,corporate
TERM0000328,328,2020-10-25,Resignation,Resignation,true,false,UX,Digital,Research,Design,IC1,816,59,BR,digital
TERM0000825,825,2020-11-19,Resignation,Resignation,true,false,Sales,Retail,Floor Sales,Sales,IC1,690,28,BR,retail_ops
TERM0001008,1008,2020-11-17,Resignation,Resignation,true,false,Sales,Retail,Key Accounts,Sales,IC1,488,19,BR,retail_ops
TERM0001096,1096,2020-11-17,Retirement,Retirement,true,false,Visual Merchandising,Retail,Merchandising,Store Operations,IC1,78,15,BR,retail_ops
TERM0001140,1140,2020-11-16,Redundancy,Redundancy,false,false,Regional Operations,Retail,Region North,General Management,IC1,31,13,BR,retail_ops
TERM0001196,1196,2020-11-21,Retirement,Retirement,true,false,Sales,Retail,Key Accounts,Sales,IC2,517,12,BR,retail_ops
TERM0001355,1355,2020-11-19,Resignation,Resignation,true,true,Regional Operations,Retail,Region North,General Management,IC1,174,1,BR,retail_ops
TERM0000241,241,2020-11-28,Resignation,Resignation,true,false,Customer Operations,Customer,Returns,Customer Support,IC1,765,60,BR,customer
TERM0001243,1243,2020-11-16,Retirement,Retirement,true,false,Customer Operations,Customer,Order Support,Customer Support,IC1,765,11,BR,customer
TERM0000638,638,2020-11-16,Resignation,Resignation,true,true,People,Corporate,HR Business Partner,People,IC2,278,38,BR,corporate
TERM0000923,923,2020-11-27,Resignation,Resignation,true,false,Strategy,Corporate,PMO,Strategy,IC2,494,24,BR,corporate
TERM0001081,1081,2020-11-24,Retirement,Retirement,true,false,Risk,Corporate,Fraud,Risk & Compliance,IC2,1014,15,BR,corporate
TERM0001278,1278,2020-11-28,Performance,Performance,false,false,Digital Marketing,Digital,Paid Media,Marketing,IC2,760,6,BR,digital
TERM0001088,1088,2020-12-22,Retirement,Retirement,true,false,Store Operations,Retail,Security,Store Operations,M1,503,16,BR,retail_ops
TERM0001338,1338,2020-12-21,Retirement,Retirement,true,false,Visual Merchandising,Retail,Store Design,Design,IC1,1307,3,BR,retail_ops
TERM0000952,952,2020-12-16,Resignation,Resignation,true,false,Planning,Supply Chain,Supply Planning,Data,IC2,802,24,BR,supply
TERM0001132,1132,2020-12-24,EndOfContract,EndOfContract,false,false,Logistics,Supply Chain,Last Mile,Logistics,IC2,959,15,CO,supply
TERM0001213,1213,2020-12-26,Resignation,Resignation,true,false,Planning,Supply Chain,Supply Planning,Data,IC2,474,13,BR,supply
TERM0001272,1272,2020-12-22,Resignation,Resignation,true,true,Logistics,Supply Chain,Transportation,Logistics,IC1,330,7,BR,supply
TERM0000090,90,2020-12-16,Retirement,Retirement,true,false,Customer Experience,Customer,CX Design,Design,IC3,516,112,BR,customer
TERM0000754,754,2020-12-21,Resignation,Resignation,true,true,Product,Digital,Product Management,Product Management,IC2,977,33,BR,digital
TERM0001273,1273,2020-12-17,Resignation,Resignation,true,true,Engineering,Digital,Frontend,Software Engineering,IC2,522,7,BR,digital
TERM0001359,1359,2020-12-24,Resignation,Resignation,true,false,E-commerce,Digital,Catalog,Product Management,IC1,245,1,BR,digital
TERM0000078,78,2021-01-27,Resignation,Resignation,true,true,Visual Merchandising,Retail,Store Design,Design,IC2,960,83,BR,retail_ops
TERM0000205,205,2021-01-19,Resignation,Resignation,true,true,Visual Merchandising,Retail,Merchandising,Design,IC4,493,137,BR,retail_ops
TERM0001205,1205,2021-01-19,Resignation,Resignation,true,false,Store Operations,Retail,Stockroom,Store Operations,IC1,1158,14,BR,retail_ops
TERM0001284,1284,2021-01-22,Resignation,Resignation,true,true,Sales,Retail,Floor Sales,Sales,IC1,882,7,BR,retail_ops
TERM0001293,1293,2021-01-20,Retirement,Retirement,true,false,Visual Merchandising,Retail,Store Design,Store Operations,IC1,1229,7,BR,retail_ops
TERM0001303,1303,2021-01-23,Other,Other,false,false,Regional Operations,Retail,Region North,Store Operations,IC1,139,6,BR,retail_ops
TERM0001323,1323,2021-01-19,Retirement,Retirement,true,false,Sales,Retail,Floor Sales,Sales,IC2,1322,5,BR,retail_ops
TERM0001344,1344,2021-01-21,Other,Other,false,false,Regional Operations,Retail,Region North,General Management,IC1,139,3,BR,retail_ops
TERM0001351,1351,2021-01-25,Layoff,Layoff,false,false,Sales,Retail,Floor Sales,Sales,IC1,1151,3,BR,retail_ops
TERM0001354,1354,2021-01-26,Retirement,Retirement,true,false,Visual Merchandising,Retail,Store Design,Design,IC1,1031,3,AR,retail_ops
TERM0001385,1385,2021-01-22,EndOfContract,EndOfContract,false,false,Visual Merchandising,Retail,Store Design,Store Operations,IC2,223,2,BR,retail_ops
TERM0001406,1406,2021-01-19,Performance,Performance,false,false,Regional Operations,Retail,Region South,Store Operations,IC2,18,2,BR,retail_ops
TERM0001055,1055,2021-01-28,Retirement,Retirement,true,false,Logistics,Supply Chain,Reverse Logistics,Logistics,IC1,568,18,BR,supply
TERM0001233,1233,2021-01-19,Resignation,Resignation,true,true,Procurement,Supply Chain,Sourcing,Procurement,IC3,297,14,BR,supply
TERM0001296,1296,2021-01-17,EndOfContract,EndOfContract,false,false,Procurement,Supply Chain,Sourcing,Procurement,IC4,863,6,BR,supply
TERM0001370,1370,2021-01-23,Other,Other,false,false,Logistics,Supply Chain,Transportation,Logistics,IC3,966,2,BR,supply
TERM0001392,1392,2021-01-25,Resignation,Resignation,true,false,Distribution Centers,Supply Chain,Inventory,Warehouse,IC1,1222,2,BR,supply
TERM0001398,1398,2021-01-17,EndOfContract,EndOfContract,false,false,Distribution Centers,Supply Chain,Inbound,Warehouse,IC1,915,2,BR,supply
TERM0001157,1157,2021-01-24,Retirement,Retirement,true,false,Customer Service,Customer,Chat,Customer Support,IC1,116,15,BR,customer
TERM0000594,594,2021-01-21,Redundancy,Redundancy,false,false,Data & Analytics,Corporate,Data Governance,Data,IC1,557,43,BR,corporate
TERM0001035,1035,2021-01-22,Resignation,Resignation,true,true,Risk,Corporate,Internal Audit,Risk & Compliance,IC3,261,19,BR,corporate
TERM0001061,1061,2021-01-17,Resignation,Resignation,true,true,Legal,Corporate,Labor Legal,Legal,IC2,403,18,BR,corporate
TERM0001261,1261,2021-01-28,Retirement,Retirement,true,false,Finance,Corporate,Accounting,Finance,IC2,254,13,BR,corporate
TERM0000066,66,2021-02-28,Resignation,Resignation,true,false,Store Operations,Retail,Store Management,Store Operations,IC2,691,110,BR,retail_ops
TERM0000414,414,2021-02-23,Resignation,Resignation,true,false,Visual Merchandising,Retail,Store Design,Design,IC1,1307,58,BR,retail_ops
TERM0000812,812,2021-02-17,Redundancy,Redundancy,false,false,Visual Merchandising,Retail,Store Design,Design,IC2,273,31,BR,retail_ops
TERM0000911,911,2021-02-19,Retirement,Retirement,true,false,Store Operations,Retail,Store Management,Store Operations,IC1,77,27,BR,retail_ops
TERM0000937,937,2021-02-20,Retirement,Retirement,true,false,Sales,Retail,Key Accounts,Sales,IC1,926,27,BR,retail_ops
TERM0001086,1086,2021-02-25,Other,Other,false,false,Sales,Retail,Floor Sales,Sales,IC1,1443,18,BR,retail_ops
TERM0001251,1251,2021-02-19,Other,Other,false,false,Visual Merchandising,Retail,Merchandising,Store Operations,IC2,294,14,BR,retail_ops
TERM0001310,1310,2021-02-26,Layoff,Layoff,false,false,Store Operations,Retail,Store Management,Store Operations,IC1,751,7,MX,retail_ops
TERM0001341,1341,2021-02-18,Retirement,Retirement,true,false,Sales,Retail,Key Accounts,Sales,IC1,975,4,BR,retail_ops
TERM0001360,1360,2021-02-22,Resignation,Resignation,true,true,Sales,Retail,Floor Sales,Sales,IC1,1219,3,BR,retail_ops
TERM0001362,1362,2021-02-21,Other,Other,false,false,Visual Merchandising,Retail,Merchandising,Design,IC1,1170,3,BR,retail_ops
TERM0001396,1396,2021-02-21,Resignation,Resignation,true,false,Store Operations,Retail,Stockroom,Store Operations,IC1,1085,3,CL,retail_ops
TERM0000780,780,2021-02-22,Retirement,Retirement,true,false,Procurement,Supply Chain,Sourcing,Procurement,IC2,551,33,BR,supply
TERM0001348,1348,2021-02-19,Performance,Performance,false,false,Logistics,Supply Chain,Last Mile,Logistics,IC1,1257,4,BR,supply
TERM0001364,1364,2021-02-21,EndOfContract,EndOfContract,false,true,Logistics,Supply Chain,Reverse Logistics,Logistics,IC1,1079,3,MX,supply
TERM0000828,828,2021-02-16,Resignation,Resignation,true,true,Customer Experience,Customer,Voice of Customer,Customer Support,IC1,899,31,AR,customer
TERM0001112,1112,2021-02-28,EndOfContract,EndOfContract,false,false,Customer Experience,Customer,Voice of Customer,Customer Support,IC2,1245,17,BR,customer
TERM0001155,1155,2021-02-19,Layoff,Layoff,false,false,Customer Experience,Customer,Voice of Customer,Design,IC1,645,16,BR,customer
TERM0001217,1217,2021-02-26,Resignation,Resignation,true,true,Customer Service,Customer,Chat,Customer Support,IC1,788,15,MX,customer
TERM0000933,933,2021-02-21,Retirement,Retirement,true,false,People,Corporate,Learning & Development,People,M4,309,27,BR,corporate
TERM0001002,1002,2021-02-24,Performance,Performance,false,false,Marketing,Corporate,CRM,Marketing,IC2,1231,22,BR,corporate
TERM0001177,1177,2021-02-22,Resignation,Resignation,true,true,Marketing,Corporate,CRM,Marketing,IC1,1071,15,BR,corporate
TERM0001294,1294,2021-02-27,Redundancy,Redundancy,false,false,Risk,Corporate,Fraud,Risk & Compliance,IC2,794,7,BR,corporate
TERM0000244,244,2021-02-17,Resignation,Resignation,true,true,Digital Marketing,Digital,Lifecycle,Marketing,IC1,172,69,BR,digital
TERM0000528,528,2021-02-28,Performance,Performance,false,false,Engineering,Digital,Platform,Software Engineering,M1,281,51,BR,digital
TERM0001234,1234,2021-02-17,EndOfContract,EndOfContract,false,false,E-commerce,Digital,Checkout,Product Management,IC1,245,15,BR,digital
TERM0000181,181,2021-03-28,Resignation,Resignation,true,false,Visual Merchandising,Retail,Merchandising,Store Operations,M2,700,62,BR,retail_ops
TERM0000217,217,2021-03-16,Resignation,Resignation,true,false,Visual Merchandising,Retail,Merchandising,Store Operations,IC1,223,138,BR,retail_ops
TERM0000544,544,2021-03-24,EndOfContract,EndOfContract,false,false,Visual Merchandising,Retail,Merchandising,Store Operations,IC1,223,48,BR,retail_ops
TERM0000577,577,2021-03-17,Other,Other,false,false,Visual Merchandising,Retail,Store Design,Store Operations,IC1,223,46,BR,retail_ops
TERM0000776,776,2021-03-17,Retirement,Retirement,true,false,Regional Operations,Retail,Region South,General Management,IC1,139,34,BR,retail_ops
TERM0000954,954,2021-03-22,Resignation,Resignation,true,false,Regional Operations,Retail,Region Southeast,General Management,IC1,1015,27,BR,retail_ops
TERM0001111,1111,2021-03-16,Resignation,Resignation,true,true,Regional Operations,Retail,Region Southeast,General Management,IC3,343,18,AR,retail_ops
TERM0001147,1147,2021-03-24,Resignation,Resignation,true,true,Regional Operations,Retail,Region North,General Management,IC1,1142,17,BR,retail_ops
TERM0001161,1161,2021-03-23,Retirement,Retirement,true,false,Sales,Retail,Key Accounts,Sales,IC1,898,17,AR,retail_ops
TERM0001250,1250,2021-03-23,EndOfContract,EndOfContract,false,false,Sales,Retail,Floor Sales,Sales,IC3,1018,15,BR,retail_ops
TERM0001137,1137,2021-03-27,Retirement,Retirement,true,false,Procurement,Supply Chain,Sourcing,Procurement,IC2,551,17,BR,supply
TERM0001420,1420,2021-03-18,Retirement,Retirement,true,false,Planning,Supply Chain,Demand Planning,Data,IC2,1079,4,MX,supply
TERM0001435,1435,2021-03-27,EndOfContract,EndOfContract,false,false,Procurement,Supply Chain,Supplier Management,Procurement,IC1,1212,3,BR,supply
TERM0001223,1223,2021-03-25,Retirement,Retirement,true,false,Customer Experience,Customer,Voice of Customer,Customer Support,IC1,899,16,AR,customer
TERM0001330,1330,2021-03-19,Resignation,Resignation,true,true,Customer Service,Customer,Chat,Customer Support,IC2,959,6,CO,customer
TERM0001427,1427,2021-03-18,Retirement,Retirement,true,false,Customer Service,Customer,Escalations,Customer Support,IC1,461,4,BR,customer
TERM0000504,504,2021-03-21,Resignation,Resignation,true,false,Data & Analytics,Corporate,Business Intelligence,Data,IC1,735,52,BR,corporate
TERM0000948,948,2021-03-24,Retirement,Retirement,true,false,Procurement,Corporate,Contracts,Procurement,IC4,29,27,BR,corporate
TERM0001163,1163,2021-03-24,Retirement,Retirement,true,false,Engineering,Digital,Frontend,Software Engineering,M2,872,16,BR,digital
TERM0001301,1301,2021-03-19,Resignation,Resignation,true,true,Engineering,Digital,SRE,Software Engineering,IC1,1368,8,BR,digital
TERM0000018,18,2021-04-21,Retirement,Retirement,true,false,Store Operations,Retail,Cashier,Store Operations,IC3,1152,83,BR,retail_ops
TERM0000091,91,2021-04-17,Resignation,Resignation,true,false,Store Operations,Retail,Store Management,Store Operations,IC1,308,98,BR,retail_ops
TERM0000341,341,2021-04-28,Other,Other,false,false,Sales,Retail,Key Accounts,Sales,M1,8,79,AR,retail_ops
TERM0000502,502,2021-04-24,Redundancy,Redundancy,false,false,Visual Merchandising,Retail,Merchandising,Design,IC2,294,53,BR,retail_ops
TERM0000616,616,2021-04-19,Retirement,Retirement,true,false,Store Operations,Retail,Stockroom,Store Operations,IC1,925,45,BR,retail_ops
TERM0000619,619,2021-04-28,Resignation,Resignation,true,true,Store Operations,Retail,Cashier,Store Operations,IC1,1158,44,BR,retail_ops
TERM0000691,691,2021-04-26,Resignation,Resignation,true,true,Store Operations,Retail,Stockroom,Store Operations,IC3,467,41,BR,retail_ops
TERM0000767,767,2021-04-16,Other,Other,false,false,Sales,Retail,Key Accounts,Sales,IC1,160,36,BR,retail_ops
TERM0000832,832,2021-04-28,Retirement,Retirement,true,false,Sales,Retail,Floor Sales,Sales,IC1,788,32,MX,retail_ops
TERM0000879,879,2021-04-20,Retirement,Retirement,true,false,Regional Operations,Retail,Region North,General Management,IC1,174,30,BR,retail_ops
TERM0000949,949,2021-04-21,Resignation,Resignation,true,true,Visual Merchandising,Retail,Store Design,Design,IC1,656,28,BR,retail_ops
TERM0001200,1200,2021-04-24,Retirement,Retirement,true,false,Visual Merchandising,Retail,Merchandising,Design,IC1,1307,17,BR,retail_ops
TERM0001298,1298,2021-04-27,Resignation,Resignation,true,false,Sales,Retail,Key Accounts,Sales,IC1,1235,9,BR,retail_ops
TERM0001335,1335,2021-04-26,Layoff,Layoff,false,false,Store Operations,Retail,Security,Store Operations,IC2,961,7,BR,retail_ops
TERM0001357,1357,2021-04-19,Retirement,Retirement,true,false,Regional Operations,Retail,Region South,General Management,IC1,1203,5,AR,retail_ops
TERM0001365,1365,2021-04-18,Retirement,Retirement,true,false,Visual Merchandising,Retail,Merchandising,Store Operations,IC1,1229,5,BR,retail_ops
TERM0001393,1393,2021-04-26,Resignation,Resignation,true,true,Sales,Retail,Floor Sales,Sales,IC1,959,5,CO,retail_ops
TERM0001394,1394,2021-04-23,Resignation,Resignation,true,true,Regional Operations,Retail,Region Southeast,Store Operations,IC2,365,5,AR,retail_ops
TERM0001395,1395,2021-04-21,Resignation,Resignation,true,false,Visual Merchandising,Retail,Store Design,Store Operations,IC1,1229,5,BR,retail_ops
TERM0001404,1404,2021-04-23,Resignation,Resignation,true,true,Store Operations,Retail,Stockroom,Store Operations,IC1,977,5,AR,retail_ops
TERM0000342,342,2021-04-16,Retirement,Retirement,true,false,Customer Operations,Customer,Order Support,Customer Support,IC2,946,89,BR,customer
TERM0000444,444,2021-04-27,Retirement,Retirement,true,false,Strategy,Corporate,M&A,Strategy,IC4,29,57,BR,corporate
TERM0001107,1107,2021-04-28,Performance,Performance,false,false,Legal,Corporate,Labor Legal,Legal,IC3,968,19,BR,corporate
TERM0000930,930,2021-05-17,Layoff,Layoff,false,true,Visual Merchandising,Retail,Store Design,Store Operations,IC1,436,30,BR,retail_ops
TERM0001075,1075,2021-05-22,Resignation,Resignation,true,false,Sales,Retail,Key Accounts,Sales,IC1,26,21,BR,retail_ops
TERM0001114,1114,2021-05-16,Layoff,Layoff,false,false,Sales,Retail,Floor Sales,Sales,IC1,128,20,BR,retail_ops
TERM0001374,1374,2021-05-18,Retirement,Retirement,true,false,Visual Merchandising,Retail,Store Design,Design,IC1,572,6,AR,retail_ops
TERM0001380,1380,2021-05-23,Layoff,Layoff,false,false,Visual Merchandising,Retail,Merchandising,Store Operations,IC1,1113,6,CL,retail_ops
TERM0001384,1384,2021-05-21,Retirement,Retirement,true,false,Regional Operations,Retail,Region South,General Management,IC1,959,6,CO,retail_ops
TERM0001449,1449,2021-05-23,Retirement,Retirement,true,false,Regional Operations,Retail,Region South,General Management,IC2,518,3,BR,retail_ops
TERM0000817,817,2021-05-16,Performance,Performance,false,false,Logistics,Supply Chain,Last Mile,Logistics,IC1,57,34,CO,supply
TERM0001153,1153,2021-05-27,Retirement,Retirement,true,false,Procurement,Supply Chain,Supplier Management,Procurement,IC1,1068,19,AR,supply
TERM0000842,842,2021-05-27,Resignation,Resignation,true,false,Customer Operations,Customer,Returns,Customer Support,IC3,448,33,BR,customer
TERM0001366,1366,2021-05-26,Resignation,Resignation,true,true,Customer Experience,Customer,CX Design,Customer Support,IC1,976,6,BR,customer
TERM0001439,1439,2021-05-20,Redundancy,Redundancy,false,false,Customer Operations,Customer,Returns,Logistics,IC1,1275,5,AR,customer
TERM0001423,1423,2021-05-23,Redundancy,Redundancy,false,false,UX,Digital,Design System,Design,IC2,1267,6,BR,digital
TERM0000189,189,2021-06-28,Other,Other,false,false,Visual Merchandising,Retail,Merchandising,Store Operations,IC2,960,145,BR,retail_ops
TERM0000506,506,2021-06-25,Layoff,Layoff,false,true,Regional Operations,Retail,Region Southeast,General Management,IC2,375,55,AR,retail_ops
TERM0001309,1309,2021-06-22,Other,Other,false,false,Sales,Retail,Floor Sales,Sales,IC1,473,11,BR,retail_ops
TERM0001339,1339,2021-06-28,Retirement,Retirement,true,false,Regional Operations,Retail,Region North,General Management,IC1,1325,8,BR,retail_ops
TERM0001346,1346,2021-06-17,Resignation,Resignation,true,false,Store Operations,Retail,Cashier,Store Operations,IC1,850,8,BR,retail_ops
TERM0001397,1397,2021-06-28,Redundancy,Redundancy,false,false,Regional Operations,Retail,Region South,Store Operations,IC1,466,7,BR,retail_ops
TERM0001400,1400,2021-06-27,Resignation,Resignation,true,true,Sales,Retail,Key Accounts,Sales,IC1,1235,7,BR,retail_ops
TERM0001447,1447,2021-06-17,Redundancy,Redundancy,false,false,Sales,Retail,Key Accounts,Sales,IC1,950,4,MX,retail_ops
TERM0001505,1505,2021-06-18,Retirement,Retirement,true,false,Visual Merchandising,Retail,Merchandising,Store Operations,IC1,656,2,BR,retail_ops
TERM0001521,1521,2021-06-16,Retirement,Retirement,true,false,Sales,Retail,Floor Sales,Sales,IC1,26,1,BR,retail_ops
TERM0001530,1530,2021-06-26,Resignation,Resignation,true,true,Regional Operations,Retail,Region Southeast,Store Operations,IC1,101,1,BR,retail_ops
TERM0001058,1058,2021-06-17,Retirement,Retirement,true,false,Distribution Centers,Supply Chain,Inventory,Warehouse,IC2,814,23,BR,supply
TERM0001068,1068,2021-06-20,Performance,Performance,false,false,Procurement,Supply Chain,Sourcing,Procurement,M2,899,23,AR,supply
TERM0001410,1410,2021-06-16,Other,Other,false,false,Planning,Supply Chain,Demand Planning,Logistics,IC1,452,7,AR,supply
TERM0000596,596,2021-06-27,Resignation,Resignation,true,true,Customer Service,Customer,Chat,Customer Support,IC1,592,48,BR,customer
TERM0001337,1337,2021-06-16,Retirement,Retirement,true,false,Customer Service,Customer,Chat,Customer Support,IC1,93,9,BR,customer
TERM0001409,1409,2021-06-26,EndOfContract,EndOfContract,false,false,Customer Experience,Customer,CX Design,Design,IC1,645,7,BR,customer
TERM0001481,1481,2021-06-16,EndOfContract,EndOfContract,false,false,Customer Experience,Customer,Voice of Customer,Customer Support,IC1,620,3,BR,customer
TERM0000324,324,2021-06-23,Resignation,Resignation,true,true,Finance,Corporate,Accounting,Finance,IC2,254,132,BR,corporate
TERM0001016,1016,2021-06-20,Retirement,Retirement,true,false,Finance,Corporate,FP&A,Finance,IC2,906,25,BR,corporate
TERM0001467,1467,2021-06-23,Other,Other,false,true,People,Corporate,Talent Acquisition,People,IC2,352,3,AR,corporate
TERM0000558,558,2021-07-20,Resignation,Resignation,true,true,Sales,Retail,Floor Sales,Sales,IC1,473,52,BR,retail_ops
TERM0000666,666,2021-07-27,Resignation,Resignation,true,false,Store Operations,Retail,Store Management,Store Operations,IC1,1191,44,AR,retail_ops
TERM0000698,698,2021-07-27,Retirement,Retirement,true,false,Sales,Retail,Floor Sales,Sales,IC1,1318,44,BR,retail_ops
TERM0001143,1143,2021-07-16,Layoff,Layoff,false,false,Sales,Retail,Floor Sales,Sales,IC1,882,21,BR,retail_ops
TERM0001356,1356,2021-07-23,Resignation,Resignation,true,false,Sales,Retail,Floor Sales,Sales,IC1,1171,8,BR,retail_ops
TERM0001381,1381,2021-07-16,Resignation,Resignation,true,true,Visual Merchandising,Retail,Store Design,Store Operations,IC1,1170,8,BR,retail_ops
TERM0001446,1446,2021-07-17,Retirement,Retirement,true,true,Store Operations,Retail,Cashier,Store Operations,IC1,77,5,BR,retail_ops
TERM0001450,1450,2021-07-26,Resignation,Resignation,true,false,Store Operations,Retail,Security,Store Operations,IC1,977,5,AR,retail_ops
TERM0001468,1468,2021-07-24,Retirement,Retirement,true,true,Sales,Retail,Key Accounts,Sales,M2,868,4,CL,retail_ops
TERM0001472,1472,2021-07-23,Resignation,Resignation,true,false,Regional Operations,Retail,Region South,Store Operations,IC2,1049,4,BR,retail_ops
TERM0000802,802,2021-07-26,Resignation,Resignation,true,true,Planning,Supply Chain,Supply Planning,Logistics,IC3,45,37,BR,supply
TERM0001399,1399,2021-07-18,Resignation,Resignation,true,false,Distribution Centers,Supply Chain,Inbound,Warehouse,IC1,109,8,BR,supply
TERM0001487,1487,2021-07-22,Layoff,Layoff,false,false,Planning,Supply Chain,Supply Planning,Logistics,IC1,984,3,MX,supply
TERM0001497,1497,2021-07-16,Resignation,Resignation,true,true,Logistics,Supply Chain,Last Mile,Logistics,IC4,874,3,BR,supply
TERM0000750,750,2021-07-28,Resignation,Resignation,true,true,Customer Service,Customer,Chat,Customer Support,M1,196,40,BR,customer
TERM0001175,1175,2021-07-22,Redundancy,Redundancy,false,false,Customer Experience,Customer,CX Design,Design,IC1,645,20,BR,customer
TERM0001486,1486,2021-07-25,Retirement,Retirement,true,false,Customer Service,Customer,Chat,Customer Support,IC1,461,3,BR,customer
TERM0000031,31,2021-08-21,EndOfContract,EndOfContract,false,false,Regional Operations,Retail,Region Southeast,Store Operations,IC2,1049,111,BR,retail_ops
TERM0000279,279,2021-08-17,Performance,Performance,false,false,Visual Merchandising,Retail,Store Design,Design,IC1,238,149,BR,retail_ops
TERM0000657,657,2021-08-24,Resignation,Resignation,true,true,Regional Operations,Retail,Region South,Store Operations,IC2,518,46,BR,retail_ops
TERM0000950,950,2021-08-17,Performance,Performance,false,false,Sales,Retail,Key Accounts,Sales,IC3,82,32,MX,retail_ops
TERM0001141,1141,2021-08-24,Retirement,Retirement,true,false,Regional Operations,Retail,Region South,General Management,IC2,1512,22,MX,retail_ops
TERM0001319,1319,2021-08-25,Layoff,Layoff,false,false,Visual Merchandising,Retail,Store Design,Design,IC2,294,12,BR,retail_ops
TERM0001336,1336,2021-08-28,Resignation,Resignation,true,false,Visual Merchandising,Retail,Store Design,Design,IC5,252,11,BR,retail_ops
TERM0001408,1408,2021-08-17,Resignation,Resignation,true,true,Sales,Retail,Floor Sales,Sales,IC1,898,9,AR,retail_ops
TERM0001419,1419,2021-08-28,Retirement,Retirement,true,false,Visual Merchandising,Retail,Merchandising,Design,IC1,959,9,CO,retail_ops
TERM0001479,1479,2021-08-24,Layoff,Layoff,false,true,Visual Merchandising,Retail,Merchandising,Store Operations,IC1,1307,5,BR,retail_ops
TERM0001549,1549,2021-08-17,Retirement,Retirement,true,false,Visual Merchandising,Retail,Merchandising,Store Operations,M1,623,2,BR,retail_ops
TERM0001605,1605,2021-08-19,Resignation,Resignation,true,false,Store Operations,Retail,Stockroom,Store Operations,IC1,395,1,BR,retail_ops
TERM0001290,1290,2021-08-17,Performance,Performance,false,false,Distribution Centers,Supply Chain,Inbound,Warehouse,IC1,786,14,CO,supply
TERM0001433,1433,2021-08-22,Resignation,Resignation,true,true,Planning,Supply Chain,Supply Planning,Logistics,IC1,148,8,BR,supply
TERM0000288,288,2021-08-23,Resignation,Resignation,true,true,Customer Operations,Customer,Returns,Logistics,IC2,252,80,BR,customer
TERM0000831,831,2021-08-26,Retirement,Retirement,true,false,Customer Operations,Customer,Returns,Logistics,IC1,1050,37,BR,customer
TERM0001156,1156,2021-08-20,Resignation,Resignation,true,false,Customer Experience,Customer,Voice of Customer,Customer Support,IC1,645,22,BR,customer
TERM0001221,1221,2021-08-25,EndOfContract,EndOfContract,false,false,Customer Service,Customer,Contact Center,Customer Support,IC1,521,21,BR,customer
TERM0001305,1305,2021-08-24,Retirement,Retirement,true,false,Customer Service,Customer,Escalations,Customer Support,IC2,242,13,BR,customer
TERM0001430,1430,2021-08-20,Layoff,Layoff,false,true,Customer Experience,Customer,Voice of Customer,Customer Support,IC1,1292,9,AR,customer
TERM0001432,1432,2021-08-23,Retirement,Retirement,true,false,Customer Service,Customer,Escalations,Customer Support,IC1,521,8,BR,customer
TERM0001554,1554,2021-08-25,EndOfContract,EndOfContract,false,false,Customer Experience,Customer,Voice of Customer,Customer Support,IC1,1421,2,MX,customer
TERM0000238,238,2021-09-26,Other,Other,false,false,Regional Operations,Retail,Region Southeast,General Management,IC2,518,69,BR,retail_ops
TERM0000918,918,2021-09-16,EndOfContract,EndOfContract,false,true,Visual Merchandising,Retail,Merchandising,Store Operations,M2,700,34,BR,retail_ops
TERM0000935,935,2021-09-22,Layoff,Layoff,false,false,Sales,Retail,Key Accounts,Sales,M1,65,34,BR,retail_ops
TERM0001033,1033,2021-09-25,Resignation,Resignation,true,false,Visual Merchandising,Retail,Store Design,Store Operations,IC2,960,27,BR,retail_ops
TERM0001121,1121,2021-09-27,Resignation,Resignation,true,false,Visual Merchandising,Retail,Store Design,Design,IC1,1031,24,AR,retail_ops
TERM0001159,1159,2021-09-27,Resignation,Resignation,true,true,Sales,Retail,Key Accounts,Sales,IC1,1151,23,BR,retail_ops
TERM0001195,1195,2021-09-22,EndOfContract,EndOfContract,false,true,Store Operations,Retail,Store Management,Store Operations,IC1,1158,22,BR,retail_ops
TERM0001329,1329,2021-09-26,Resignation,Resignation,true,true,Regional Operations,Retail,Region Southeast,General Management,IC1,395,12,BR,retail_ops
TERM0001375,1375,2021-09-26,Redundancy,Redundancy,false,false,Store Operations,Retail,Store Management,Store Operations,IC1,1191,10,AR,retail_ops
TERM0001448,1448,2021-09-17,Layoff,Layoff,false,false,Regional Operations,Retail,Region South,Store Operations,IC1,229,7,BR,retail_ops
TERM0001475,1475,2021-09-27,Retirement,Retirement,true,false,Sales,Retail,Key Accounts,Sales,IC1,975,6,BR,retail_ops
TERM0001517,1517,2021-09-25,Resignation,Resignation,true,false,Store Operations,Retail,Security,Store Operations,IC1,925,5,BR,retail_ops
TERM0001525,1525,2021-09-21,Retirement,Retirement,true,false,Regional Operations,Retail,Region Southeast,Store Operations,IC1,1203,4,AR,retail_ops
TERM0001536,1536,2021-09-23,Resignation,Resignation,true,false,Sales,Retail,Key Accounts,Sales,IC1,1085,4,CL,retail_ops
TERM0000166,166,2021-09-27,Resignation,Resignation,true,true,Distribution Centers,Supply Chain,Inventory,Warehouse,IC3,741,68,BR,supply
TERM0000737,737,2021-09-21,Retirement,Retirement,true,false,Procurement,Supply Chain,Sourcing,Procurement,IC1,1500,42,BR,supply
TERM0000972,972,2021-09-20,Retirement,Retirement,true,false,Distribution Centers,Supply Chain,Inventory,Warehouse,IC1,770,33,BR,supply
TERM0000951,951,2021-09-16,Resignation,Resignation,true,true,Customer Service,Customer,Contact Center,Customer Support,IC2,243,33,BR,customer
TERM0001253,1253,2021-09-17,Retirement,Retirement,true,false,Customer Operations,Customer,Order Support,Customer Support,IC1,765,21,BR,customer
TERM0001464,1464,2021-09-22,Retirement,Retirement,true,false,Customer Service,Customer,Chat,Customer Support,IC2,788,6,MX,customer
TERM0001507,1507,2021-09-16,Layoff,Layoff,false,false,Customer Service,Customer,Contact Center,Customer Support,IC1,93,5,BR,customer
TERM0001442,1442,2021-09-16,Retirement,Retirement,true,false,People,Corporate,Compensation & Benefits,People,IC4,928,9,BR,corporate
TERM0001498,1498,2021-09-20,Resignation,Resignation,true,true,Marketing,Corporate,Content,Marketing,M1,1461,5,BR,corporate
TERM0000001,1,2021-10-21,Retirement,Retirement,true,false,Regional Operations,Retail,Region South,Store Operations,IC1,12,149,BR,retail_ops
TERM0000316,316,2021-10-23,Other,Other,false,false,Store Operations,Retail,Security,Store Operations,IC4,467,83,BR,retail_ops
TERM0001015,1015,2021-10-28,Resignation,Resignation,true,false,Regional Operations,Retail,Region South,General Management,IC2,1049,29,BR,retail_ops
TERM0001072,1072,2021-10-24,Layoff,Layoff,false,false,Visual Merchandising,Retail,Store Design,Store Operations,IC4,771,26,BR,retail_ops
TERM0001232,1232,2021-10-18,Resignation,Resignation,true,false,Regional Operations,Retail,Region Southeast,General Management,IC1,1142,23,BR,retail_ops
TERM0001470,1470,2021-10-28,Resignation,Resignation,true,false,Sales,Retail,Floor Sales,Sales,IC1,926,7,BR,retail_ops
TERM0001532,1532,2021-10-18,Resignation,Resignation,true,true,Sales,Retail,Floor Sales,Sales,IC1,959,5,CO,retail_ops
TERM0001537,1537,2021-10-27,Resignation,Resignation,true,false,Visual Merchandising,Retail,Store Design,Design,IC1,572,5,AR,retail_ops
TERM0001587,1587,2021-10-22,Layoff,Layoff,false,true,Sales,Retail,Floor Sales,Sales,IC1,882,3,BR,retail_ops
TERM0001590,1590,2021-10-17,Resignation,Resignation,true,true,Regional Operations,Retail,Region Southeast,Store Operations,IC1,1325,3,BR,retail_ops
TERM0001600,1600,2021-10-26,Resignation,Resignation,true,false,Store Operations,Retail,Stockroom,Store Operations,IC5,363,3,AR,retail_ops
TERM0001222,1222,2021-10-22,Retirement,Retirement,true,false,Distribution Centers,Supply Chain,Inbound,Warehouse,IC2,665,23,BR,supply
TERM0000016,16,2021-10-16,Resignation,Resignation,true,false,Customer Experience,Customer,Voice of Customer,Customer Support,IC1,659,84,BR,customer
TERM0000853,853,2021-10-24,Other,Other,false,false,Customer Operations,Customer,Returns,Logistics,IC1,1050,38,BR,customer
TERM0001292,1292,2021-10-23,Resignation,Resignation,true,true,Customer Experience,Customer,Voice of Customer,Design,IC2,899,16,AR,customer
TERM0001388,1388,2021-10-16,Retirement,Retirement,true,false,Customer Experience,Customer,Voice of Customer,Customer Support,IC1,620,11,BR,customer
TERM0001453,1453,2021-10-25,Resignation,Resignation,true,false,Customer Service,Customer,Escalations,Customer Support,IC1,116,7,BR,customer
TERM0001026,1026,2021-10-23,Layoff,Layoff,false,false,Product,Digital,Product Ops,Product Management,IC3,1274,29,BR,digital
TERM0000467,467,2021-11-26,Redundancy,Redundancy,false,false,Store Operations,Retail,Store Management,Store Operations,M1,65,62,BR,retail_ops
TERM0000683,683,2021-11-19,Resignation,Resignation,true,false,Visual Merchandising,Retail,Store Design,Store Operations,IC1,11,48,BR,retail_ops
TERM0000803,803,2021-11-16,Retirement,Retirement,true,false,Visual Merchandising,Retail,Merchandising,Store Operations,IC1,788,41,MX,retail_ops
TERM0000969,969,2021-11-21,Performance,Performance,false,false,Visual Merchandising,Retail,Store Design,Store Operations,IC1,1238,35,BR,retail_ops
TERM0001158,1158,2021-11-24,Redundancy,Redundancy,false,false,Store Operations,Retail,Security,Store Operations,IC2,1080,25,BR,retail_ops
TERM0001173,1173,2021-11-17,Resignation,Resignation,true,true,Regional Operations,Retail,Region South,General Management,M2,700,24,BR,retail_ops
TERM0001235,1235,2021-11-21,Retirement,Retirement,true,false,Sales,Retail,Key Accounts,Sales,IC2,517,24,BR,retail_ops
TERM0001295,1295,2021-11-18,Resignation,Resignation,true,true,Visual Merchandising,Retail,Merchandising,Store Operations,IC1,1238,16,BR,retail_ops
TERM0001455,1455,2021-11-17,Other,Other,false,false,Store Operations,Retail,Security,Store Operations,IC2,1014,8,BR,retail_ops
TERM0001482,1482,2021-11-17,Retirement,Retirement,true,false,Store Operations,Retail,Store Management,Store Operations,IC1,395,8,BR,retail_ops
TERM0001485,1485,2021-11-16,Resignation,Resignation,true,false,Store Operations,Retail,Stockroom,Store Operations,IC1,959,7,CO,retail_ops
TERM0001581,1581,2021-11-25,Other,Other,false,false,Regional Operations,Retail,Region North,General Management,IC2,1512,4,MX,retail_ops
TERM0001628,1628,2021-11-22,Other,Other,false,false,Sales,Retail,Floor Sales,Sales,IC1,751,3,MX,retail_ops
TERM0001645,1645,2021-11-22,Retirement,Retirement,true,false,Visual Merchandising,Retail,Merchandising,Store Operations,IC1,274,2,BR,retail_ops
TERM0001704,1704,2021-11-22,Retirement,Retirement,true,false,Store Operations,Retail,Store Management,Store Operations,IC1,809,1,BR,retail_ops
TERM0000551,551,2021-11-24,Performance,Performance,false,false,Procurement,Supply Chain,Sourcing,Procurement,M1,335,56,BR,supply
TERM0001270,1270,2021-11-22,Retirement,Retirement,true,false,Procurement,Supply Chain,Supplier Management,Procurement,IC2,1382,18,MX,supply
TERM0001473,1473,2021-11-18,Resignation,Resignation,true,true,Procurement,Supply Chain,Sourcing,Procurement,IC1,1212,8,BR,supply
TERM0001495,1495,2021-11-21,Retirement,Retirement,true,false,Logistics,Supply Chain,Reverse Logistics,Logistics,IC3,118,7,BR,supply
TERM0000837,837,2021-11-22,Other,Other,false,false,Customer Experience,Customer,Voice of Customer,Design,IC4,552,39,BR,customer
TERM0001490,1490,2021-11-21,Resignation,Resignation,true,true,Strategy,Corporate,Corporate Strategy,Strategy,IC2,55,7,BR,corporate
TERM0001599,1599,2021-11-22,Retirement,Retirement,true,false,People,Corporate,Compensation & Benefits,People,IC1,57,4,BR,corporate
TERM0000534,534,2021-11-22,Retirement,Retirement,true,false,Engineering,Digital,Backend,Software Engineering,IC1,283,59,BR,digital
TERM0000629,629,2021-11-24,Retirement,Retirement,true,false,Product,Digital,Product Management,Product Management,IC1,118,51,BR,digital
TERM0000013,13,2021-12-28,EndOfContract,EndOfContract,false,false,Regional Operations,Retail,Region South,Store Operations,IC2,518,107,BR,retail_ops
TERM0000343,343,2021-12-26,Other,Other,false,false,Sales,Retail,Floor Sales,Sales,M1,261,96,AR,retail_ops
TERM0000722,722,2021-12-22,Other,Other,false,false,Store Operations,Retail,Store Management,Store Operations,IC1,280,48,BR,retail_ops
TERM0001077,1077,2021-12-28,Resignation,Resignation,true,true,Visual Merchandising,Retail,Store Design,Store Operations,IC1,1170,28,BR,retail_ops
TERM0001171,1171,2021-12-19,Retirement,Retirement,true,false,Sales,Retail,Floor Sales,Sales,IC2,517,25,BR,retail_ops
TERM0001184,1184,2021-12-22,Other,Other,false,false,Visual Merchandising,Retail,Merchandising,Store Operations,IC3,1018,25,BR,retail_ops
TERM0001208,1208,2021-12-20,Retirement,Retirement,true,false,Store Operations,Retail,Store Management,Store Operations,IC2,1080,25,BR,retail_ops
TERM0001312,1312,2021-12-24,Resignation,Resignation,true,true,Regional Operations,Retail,Region Southeast,Store Operations,IC1,959,16,CO,retail_ops
TERM0001548,1548,2021-12-26,Performance,Performance,false,false,Visual Merchandising,Retail,Merchandising,Design,IC3,1018,6,BR,retail_ops
TERM0001640,1640,2021-12-17,Resignation,Resignation,true,false,Sales,Retail,Floor Sales,Sales,IC2,1629,4,BR,retail_ops
TERM0001648,1648,2021-12-23,Layoff,Layoff,false,false,Regional Operations,Retail,Region Southeast,Store Operations,IC1,229,3,BR,retail_ops
TERM0001668,1668,2021-12-22,EndOfContract,EndOfContract,false,false,Regional Operations,Retail,Region Southeast,General Management,IC1,1666,3,BR,retail_ops
TERM0001766,1766,2021-12-16,Resignation,Resignation,true,false,Store Operations,Retail,Security,Store Operations,IC1,1752,1,CO,retail_ops
TERM0001770,1770,2021-12-27,Retirement,Retirement,true,true,Regional Operations,Retail,Region South,General Management,IC4,1491,1,AR,retail_ops
TERM0000759,759,2021-12-18,Resignation,Resignation,true,false,Distribution Centers,Supply Chain,Outbound,Warehouse,IC1,357,44,AR,supply
TERM0001297,1297,2021-12-27,Retirement,Retirement,true,false,Distribution Centers,Supply Chain,Outbound,Warehouse,IC2,1589,17,BR,supply
TERM0001465,1465,2021-12-20,Resignation,Resignation,true,true,Procurement,Supply Chain,Sourcing,Procurement,IC2,1079,9,MX,supply
TERM0001614,1614,2021-12-25,Resignation,Resignation,true,false,Logistics,Supply Chain,Reverse Logistics,Logistics,IC3,959,4,CO,supply
TERM0001754,1754,2021-12-20,Retirement,Retirement,true,false,Customer Experience,Customer,Voice of Customer,Design,IC1,1286,1,BR,customer
TERM0001681,1681,2021-12-17,Retirement,Retirement,true,false,People,Corporate,Talent Acquisition,People,IC3,183,2,BR,corporate
TERM0001414,1414,2021-12-22,Resignation,Resignation,true,false,Digital Marketing,Digital,SEO,Marketing,IC4,587,13,BR,digital
TERM0001609,1609,2021-12-16,Resignation,Resignation,true,false,Engineering,Digital,Platform,Software Engineering,IC2,522,4,BR,digital
TERM0000126,126,2022-01-28,Redundancy,Redundancy,false,false,Visual Merchandising,Retail,Store Design,Design,IC1,270,80,BR,retail_ops
TERM0000542,542,2022-01-24,Retirement,Retirement,true,false,Regional Operations,Retail,Region South,Store Operations,IC1,1203,61,AR,retail_ops
TERM0000623,623,2022-01-26,EndOfContract,EndOfContract,false,false,Visual Merchandising,Retail,Merchandising,Store Operations,M2,700,53,BR,retail_ops
TERM0001149,1149,2022-01-22,Retirement,Retirement,true,false,Visual Merchandising,Retail,Store Design,Store Operations,IC1,1031,27,AR,retail_ops
TERM0001266,1266,2022-01-28,Retirement,Retirement,true,false,Regional Operations,Retail,Region South,Store Operations,M1,264,25,BR,retail_ops
TERM0001269,1269,2022-01-25,Resignation,Resignation,true,true,Regional Operations,Retail,Region North,Store Operations,IC1,139,21,BR,retail_ops
TERM0001436,1436,2022-01-17,Resignation,Resignation,true,true,Sales,Retail,Floor Sales,Sales,IC1,21,13,BR,retail_ops
TERM0001529,1529,2022-01-16,Retirement,Retirement,true,false,Visual Merchandising,Retail,Store Design,Store Operations,IC1,959,8,CO,retail_ops
TERM0001541,1541,2022-01-18,Other,Other,false,false,Sales,Retail,Floor Sales,Sales,IC1,1443,8,BR,retail_ops
TERM0001596,1596,2022-01-27,EndOfContract,EndOfContract,false,false,Store Operations,Retail,Store Management,Store Operations,IC1,77,6,BR,retail_ops
TERM0001607,1607,2022-01-22,Redundancy,Redundancy,false,false,Regional Operations,Retail,Region Southeast,Store Operations,IC2,959,6,CO,retail_ops
TERM0001631,1631,2022-01-22,Retirement,Retirement,true,false,Store Operations,Retail,Store Management,Store Operations,IC1,850,5,BR,retail_ops
TERM0001649,1649,2022-01-16,Redundancy,Redundancy,false,false,Store Operations,Retail,Cashier,Store Operations,IC1,395,4,BR,retail_ops
TERM0001664,1664,2022-01-19,Retirement,Retirement,true,true,Sales,Retail,Floor Sales,Sales,IC2,1652,4,BR,retail_ops
TERM0001750,1750,2022-01-18,Retirement,Retirement,true,false,Store Operations,Retail,Stockroom,Store Operations,IC1,1520,2,CL,retail_ops
TERM0001836,1836,2022-01-21,Resignation,Resignation,true,false,Regional Operations,Retail,Region South,Store Operations,IC3,1390,1,BR,retail_ops
TERM0001483,1483,2022-01-17,Resignation,Resignation,true,true,Logistics,Supply Chain,Reverse Logistics,Logistics,IC1,541,10,CL,supply
TERM0001496,1496,2022-01-25,Retirement,Retirement,true,false,Distribution Centers,Supply Chain,Inbound,Warehouse,IC1,786,9,CO,supply
TERM0001672,1672,2022-01-18,Retirement,Retirement,true,false,Planning,Supply Chain,Demand Planning,Logistics,IC2,474,4,BR,supply
TERM0001703,1703,2022-01-19,Resignation,Resignation,true,false,Distribution Centers,Supply Chain,Outbound,Warehouse,IC2,541,3,CL,supply
TERM0001622,1622,2022-01-20,Retirement,Retirement,true,false,Customer Operations,Customer,Returns,Logistics,IC1,1275,5,AR,customer
TERM0001727,1727,2022-01-25,Resignation,Resignation,true,true,Customer Operations,Customer,Order Support,Customer Support,IC1,1275,2,AR,customer
TERM0000636,636,2022-01-25,Redundancy,Redundancy,false,false,Marketing,Corporate,Brand,Marketing,IC4,537,52,BR,corporate
TERM0001095,1095,2022-01-21,Resignation,Resignation,true,false,Strategy,Corporate,M&A,Strategy,IC1,547,29,BR,corporate
TERM0001690,1690,2022-01-24,Resignation,Resignation,true,true,People,Corporate,Talent Acquisition,People,IC1,1514,3,BR,corporate
TERM0001267,1267,2022-01-22,Resignation,Resignation,true,true,UX,Digital,Design System,Design,IC3,177,25,BR,digital
TERM0000077,77,2022-02-24,Resignation,Resignation,true,true,Store Operations,Retail,Cashier,Store Operations,IC2,1377,76,BR,retail_ops
TERM0000818,818,2022-02-19,Resignation,Resignation,true,false,Regional Operations,Retail,Region South,General Management,IC1,466,43,BR,retail_ops
TERM0000860,860,2022-02-28,Retirement,Retirement,true,false,Visual Merchandising,Retail,Store Design,Design,IC1,270,41,BR,retail_ops
TERM0001413,1413,2022-02-23,Retirement,Retirement,true,false,Regional Operations,Retail,Region North,Store Operations,IC1,1405,15,BR,retail_ops
TERM0001559,1559,2022-02-26,Retirement,Retirement,true,false,Sales,Retail,Key Accounts,Sales,IC1,751,8,MX,retail_ops
TERM0001561,1561,2022-02-23,Retirement,Retirement,true,true,Sales,Retail,Key Accounts,Sales,IC2,1322,8,BR,retail_ops
TERM0001565,1565,2022-02-28,Resignation,Resignation,true,true,Visual Merchandising,Retail,Merchandising,Store Operations,IC2,1389,8,BR,retail_ops
TERM0001573,1573,2022-02-20,Retirement,Retirement,true,false,Sales,Retail,Floor Sales,Sales,IC1,26,8,BR,retail_ops
TERM0001698,1698,2022-02-17,Resignation,Resignation,true,true,Regional Operations,Retail,Region North,General Management,IC1,1789,4,CO,retail_ops
TERM0001705,1705,2022-02-25,Resignation,Resignation,true,false,Visual Merchandising,Retail,Merchandising,Design,IC1,436,4,BR,retail_ops
TERM0001734,1734,2022-02-17,Other,Other,false,false,Store Operations,Retail,Stockroom,Store Operations,IC1,850,3,BR,retail_ops
TERM0001739,1739,2022-02-23,Resignation,Resignation,true,true,Visual Merchandising,Retail,Merchandising,Store Operations,IC1,1238,3,BR,retail_ops
TERM0001752,1752,2022-02-21,Resignation,Resignation,true,false,Store Operations,Retail,Security,Store Operations,IC2,1700,3,CO,retail_ops
TERM0001779,1779,2022-02-27,Retirement,Retirement,true,false,Regional Operations,Retail,Region South,General Management,IC1,1789,3,CO,retail_ops
TERM0001822,1822,2022-02-23,Retirement,Retirement,true,false,Regional Operations,Retail,Region North,Store Operations,IC1,1666,2,BR,retail_ops
TERM0000967,967,2022-02-17,Redundancy,Redundancy,false,true,Distribution Centers,Supply Chain,Inventory,Warehouse,M1,648,38,BR,supply
TERM0001138,1138,2022-02-19,Resignation,Resignation,true,false,Planning,Supply Chain,Supply Planning,Data,IC1,541,28,CL,supply
TERM0001277,1277,2022-02-25,Retirement,Retirement,true,false,Planning,Supply Chain,Supply Planning,Data,IC1,148,21,BR,supply
TERM0001625,1625,2022-02-26,Retirement,Retirement,true,false,Logistics,Supply Chain,Transportation,Logistics,IC1,1094,6,AR,supply
TERM0001794,1794,2022-02-27,Resignation,Resignation,true,false,Procurement,Supply Chain,Sourcing,Procurement,IC4,899,3,AR,supply
TERM0001245,1245,2022-02-23,Resignation,Resignation,true,false,Customer Experience,Customer,CX Design,Design,IC3,1046,26,BR,customer
TERM0001697,1697,2022-02-19,Resignation,Resignation,true,true,Customer Experience,Customer,CX Design,Design,IC1,1558,4,CO,customer
TERM0001775,1775,2022-02-20,Resignation,Resignation,true,true,Customer Service,Customer,Chat,Customer Support,M1,959,3,CO,customer
TERM0001769,1769,2022-02-21,Resignation,Resignation,true,true,Risk,Corporate,Risk Management,Risk & Compliance,IC3,1199,3,BR,corporate
TERM0001588,1588,2022-03-18,Resignation,Resignation,true,true,Regional Operations,Retail,Region North,Store Operations,IC1,1580,8,BR,retail_ops
TERM0001603,1603,2022-03-28,Redundancy,Redundancy,false,true,Store Operations,Retail,Cashier,Store Operations,IC1,898,8,AR,retail_ops
TERM0001619,1619,2022-03-19,Retirement,Retirement,true,false,Regional Operations,Retail,Region South,General Management,IC1,139,7,BR,retail_ops
TERM0001641,1641,2022-03-28,Resignation,Resignation,true,false,Sales,Retail,Key Accounts,Sales,IC1,1443,7,BR,retail_ops
TERM0001662,1662,2022-03-28,Resignation,Resignation,true,true,Sales,Retail,Key Accounts,Sales,IC1,975,6,BR,retail_ops
TERM0001723,1723,2022-03-20,Retirement,Retirement,true,false,Store Operations,Retail,Cashier,Store Operations,IC1,751,4,MX,retail_ops
TERM0001765,1765,2022-03-17,Retirement,Retirement,true,false,Store Operations,Retail,Store Management,Store Operations,IC1,1742,4,BR,retail_ops
TERM0001816,1816,2022-03-27,Resignation,Resignation,true,true,Regional Operations,Retail,Region South,Store Operations,IC1,1801,3,MX,retail_ops
TERM0000674,674,2022-03-24,Other,Other,false,false,Logistics,Supply Chain,Reverse Logistics,Logistics,IC3,352,52,AR,supply
TERM0001204,1204,2022-03-20,Performance,Performance,false,false,Distribution Centers,Supply Chain,Inventory,Warehouse,IC1,357,28,AR,supply
TERM0001604,1604,2022-03-18,Retirement,Retirement,true,false,Planning,Supply Chain,Supply Planning,Data,IC1,452,8,AR,supply
TERM0001684,1684,2022-03-16,Resignation,Resignation,true,false,Logistics,Supply Chain,Transportation,Logistics,IC1,277,5,BR,supply
TERM0001780,1780,2022-03-20,Retirement,Retirement,true,false,Planning,Supply Chain,Demand Planning,Logistics,IC2,474,4,BR,supply
TERM0001841,1841,2022-03-27,Retirement,Retirement,true,false,Distribution Centers,Supply Chain,Inventory,Warehouse,IC1,1743,3,BR,supply
TERM0001715,1715,2022-03-26,Retirement,Retirement,true,false,Customer Operations,Customer,Order Support,Customer Support,IC1,1275,4,AR,customer
TERM0001826,1826,2022-03-28,Performance,Performance,false,false,Customer Operations,Customer,Order Support,Customer Support,IC1,1558,3,CO,customer
TERM0000195,195,2022-03-24,Retirement,Retirement,true,false,Procurement,Corporate,Indirect Procurement,Procurement,IC2,953,87,BR,corporate
TERM0000653,653,2022-03-16,Retirement,Retirement,true,false,Finance,Corporate,Accounting,Finance,IC5,906,53,BR,corporate
TERM0001637,1637,2022-03-19,Retirement,Retirement,true,false,Strategy,Corporate,M&A,Strategy,IC3,1476,7,BR,corporate
TERM0001714,1714,2022-03-28,Retirement,Retirement,true,false,Risk,Corporate,Risk Management,Risk & Compliance,IC3,1199,4,BR,corporate
TERM0001838,1838,2022-03-25,Retirement,Retirement,true,false,Finance,Corporate,Treasury,Finance,IC2,1650,3,AR,corporate
TERM0000346,346,2022-04-19,Retirement,Retirement,true,false,Sales,Retail,Floor Sales,Sales,IC1,998,133,AR,retail_ops
TERM0000436,436,2022-04-17,Layoff,Layoff,false,false,Visual Merchandising,Retail,Store Design,Store Operations,IC2,294,70,BR,retail_ops
TERM0000469,469,2022-04-28,Resignation,Resignation,true,true,Store Operations,Retail,Cashier,Store Operations,IC1,925,67,BR,retail_ops
TERM0000538,538,2022-04-21,Other,Other,false,false,Visual Merchandising,Retail,Store Design,Design,IC1,274,64,BR,retail_ops
TERM0000801,801,2022-04-22,Resignation,Resignation,true,false,Sales,Retail,Key Accounts,Sales,IC2,1322,46,BR,retail_ops
TERM0001263,1263,2022-04-18,Performance,Performance,false,false,Sales,Retail,Floor Sales,Sales,IC1,820,28,AR,retail_ops
TERM0001340,1340,2022-04-18,Redundancy,Redundancy,false,false,Sales,Retail,Key Accounts,Sales,IC1,882,18,BR,retail_ops
TERM0001577,1577,2022-04-27,Retirement,Retirement,true,false,Regional Operations,Retail,Region South,Store Operations,IC1,1325,10,BR,retail_ops
TERM0001591,1591,2022-04-16,Resignation,Resignation,true,true,Regional Operations,Retail,Region North,Store Operations,IC1,1789,9,CO,retail_ops
TERM0001687,1687,2022-04-18,Retirement,Retirement,true,false,Visual Merchandising,Retail,Store Design,Store Operations,IC1,864,6,BR,retail_ops
TERM0001695,1695,2022-04-20,Resignation,Resignation,true,true,Visual Merchandising,Retail,Store Design,Store Operations,IC1,270,6,BR,retail_ops
TERM0001736,1736,2022-04-28,Retirement,Retirement,true,false,Store Operations,Retail,Security,Store Operations,M1,1321,5,BR,retail_ops
TERM0001747,1747,2022-04-24,Retirement,Retirement,true,false,Sales,Retail,Key Accounts,Sales,IC1,1151,5,BR,retail_ops
TERM0001749,1749,2022-04-28,Resignation,Resignation,true,false,Store Operations,Retail,Cashier,Store Operations,IC4,1108,5,BR,retail_ops
TERM0001774,1774,2022-04-24,Resignation,Resignation,true,false,Regional Operations,Retail,Region South,General Management,IC1,1203,5,AR,retail_ops
TERM0001833,1833,2022-04-23,Layoff,Layoff,false,false,Sales,Retail,Key Accounts,Sales,IC1,1803,4,BR,retail_ops
TERM0000331,331,2022-04-17,Resignation,Resignation,true,false,Procurement,Supply Chain,Sourcing,Procurement,IC2,319,79,BR,supply
TERM0000874,874,2022-04-23,Resignation,Resignation,true,false,Logistics,Supply Chain,Transportation,Logistics,IC5,905,42,BR,supply
TERM0000905,905,2022-04-21,Retirement,Retirement,true,false,Logistics,Supply Chain,Last Mile,Logistics,M1,303,41,BR,supply
TERM0000931,931,2022-04-17,Retirement,Retirement,true,false,Logistics,Supply Chain,Transportation,Logistics,IC2,1422,41,BR,supply
TERM0001126,1126,2022-04-22,Resignation,Resignation,true,false,Logistics,Supply Chain,Transportation,Logistics,IC1,1073,31,BR,supply
TERM0001382,1382,2022-04-19,Retirement,Retirement,true,false,Logistics,Supply Chain,Last Mile,Logistics,M1,1092,17,MX,supply
TERM0001675,1675,2022-04-20,Resignation,Resignation,true,true,Distribution Centers,Supply Chain,Outbound,Warehouse,IC1,739,7,BR,supply
TERM0001676,1676,2022-04-28,Performance,Performance,false,false,Procurement,Supply Chain,Supplier Management,Procurement,M2,10,7,BR,supply
TERM0001313,1313,2022-04-16,Resignation,Resignation,true,false,Customer Experience,Customer,Voice of Customer,Customer Support,IC1,976,20,BR,customer
TERM0001421,1421,2022-04-26,EndOfContract,EndOfContract,false,false,Customer Experience,Customer,CX Design,Design,M1,1320,17,MX,customer
TERM0000275,275,2022-04-20,Retirement,Retirement,true,false,Finance,Corporate,Accounting,Finance,IC1,100,82,BR,corporate
TERM0001231,1231,2022-04-17,Resignation,Resignation,true,true,Marketing,Corporate,Brand,Marketing,IC4,1326,29,BR,corporate
TERM0001246,1246,2022-04-24,Resignation,Resignation,true,false,Procurement,Corporate,Indirect Procurement,Procurement,IC1,215,28,BR,corporate
TERM0001334,1334,2022-04-17,Retirement,Retirement,true,false,Procurement,Corporate,Contracts,Procurement,IC2,953,19,BR,corporate
TERM0000162,162,2022-05-16,Retirement,Retirement,true,false,Sales,Retail,Key Accounts,Sales,IC5,721,91,BR,retail_ops
TERM0000982,982,2022-05-24,Other,Other,false,false,Regional Operations,Retail,Region South,General Management,IC1,1118,38,BR,retail_ops
TERM0001000,1000,2022-05-24,Retirement,Retirement,true,false,Regional Operations,Retail,Region Southeast,Store Operations,IC1,229,37,BR,retail_ops
TERM0001367,1367,2022-05-24,Retirement,Retirement,true,false,Regional Operations,Retail,Region Southeast,Store Operations,IC1,174,18,BR,retail_ops
TERM0001463,1463,2022-05-21,Retirement,Retirement,true,false,Store Operations,Retail,Store Management,Store Operations,M1,1321,14,MX,retail_ops
TERM0001711,1711,2022-05-28,Retirement,Retirement,true,false,Sales,Retail,Floor Sales,Sales,IC1,882,6,BR,retail_ops
TERM0001789,1789,2022-05-20,Resignation,Resignation,true,false,Regional Operations,Retail,Region South,Store Operations,M2,868,6,CO,retail_ops
TERM0001812,1812,2022-05-16,Resignation,Resignation,true,true,Sales,Retail,Floor Sales,Sales,IC1,1045,6,CO,retail_ops
